,ID,Owner_age,Owner_gender,Owner_family_size,Main_Income_Source_Other,Main_Income_Source_MSME,Main_Income_Source_Non_Agriculture,Main_Income_Source_PVT_Sector,Main_Income_Source_Government,Business_Sole_Ownership,Open_Year,Active_upto_year,Business_Status,District_Kandy,District_Matale,District_NuwaraEliya,Owners_2020,Owners_2021,Owners_2022,Owners_2023,Admin_Staff_2020,Admin_Staff_2021,Admin_Staff_2022,Admin_Staff_2023,Staff_total_2020,Staff_total_2021,Staff_total_2022,Staff_total_2023,Tech_Staff_2020,Tech_Staff_2021,Tech_Staff_2022,Tech_Staff_2023,Employee_compensation_2020,Employee_compensation_2021,Employee_compensation_2022,Employee_compensation_2023,Cost_of_raw_materials_2020,Cost_of_raw_materials_2021,Cost_of_raw_materials_2022,Cost_of_raw_materials_2023,Utility_bills_2020,Utility_bills_2021,Utility_bills_2022,Utility_bills_2023,Finance_Cost_2020,Finance_Cost_2021,Finance_Cost_2022,Finance_Cost_2023,Rent_2020,Rent_2021,Rent_2022,Rent_2023,Transport_cost_2020,Transport_cost_2021,Transport_cost_2022,Transport_cost_2023,Maintenance_cost_2020,Maintenance_cost_2021,Maintenance_cost_2022,Maintenance_cost_2023,Other_expenses_2020,Other_expenses_2021,Other_expenses_2022,Other_expenses_2023,Total_expenditure_2020,Total_expenditure_2021,Total_expenditure_2022,Total_expenditure_2023,Gross_annual_revenue_2020,Gross_annual_revenue_2021,Gross_annual_revenue_2022,Gross_annual_revenue_2023,Cash_inflow_investing_2020,Cash_inflow_investing_2021,Cash_inflow_investing_2022,Cash_inflow_investing_2023,Cash_inflow_financial_activities_2020,Cash_inflow_financial_activities_2021,Cash_inflow_financial_activities_2022,Cash_inflow_financial_activities_2023,Total_Revenue_2020,Total_Revenue_2021,Total_Revenue_2022,Total_Revenue_2023,Revenue_percent_withdrawn,Raw_material_access_Local,Raw_material_access_Regional,Raw_material_access_National,Raw_material_access_International,Minimum_2023_Monthly_profit,Maximum_2023_Monthly_profit,Other_income_total_2020,Other_income_total_2021,Other_income_total_2022,Other_income_total_2023,Owned_total_asset_market_value,Rented_total_asset_market_value,Deposit_daily,Deposit_weekly,Deposit_monthly,Withdraw_daily,Withdraw_weekly,Withdraw_monthly,daily_recording,annual_recording,total_investment_2020,total_investment_2021,total_investment_2022,total_investment_2023,non-performing_debt_2020,non-performing_debt_2021,non-performing_debt_2022,non-performing_debt_2023,formal_sector_concessionary_loans,foraml_sector_bank_loans,formal_sector_other_loans,formal_sector_micro_finance,Informal_sector_informal_money,Informal_sector_micro_finance,Informal_sector_other_loans
0,Micro-1,57,1,4,0,1,0,0,0,1,2002.0,2024.0,0,1,0,0,4,4,4,4,0,0,0,0,4,4.0,4.0,4.0,0,0,0,0,0.0,0.0,0.0,0.0,653700.0,654000.0,612000.0,720000.0,20400.0,21600.0,25200.0,39600.0,57600.0,57600.0,60000.0,72000.0,0.0,0.0,0.0,0.0,60000.0,60000.0,62000.0,65000.0,0.0,0.0,0.0,0.0,0.0,0.0,0.0,0.0,791700.0,793200.0,759200.0,896600.0,,,,,,,,,,,,,850000.0,850000.0,800000.0,960000.0,0.9,0,1,0,0,10000.0,25000.0,0.0,0.0,0.0,0.0,1900000.0,0.0,,,1,,,1,0,0,75000.0,75000.0,75000.0,75000.0,,,,,,1,,,,,
1,Micro-2,51,1,4,0,1,0,0,0,1,2016.0,2024.0,0,1,0,0,2,2,2,2,0,0,0,0,2,2.0,2.0,2.0,0,0,0,0,0.0,0.0,0.0,0.0,0.0,0.0,0.0,0.0,50400.0,52800.0,55800.0,62400.0,324000.0,324000.0,324000.0,324000.0,0.0,0.0,0.0,0.0,0.0,0.0,0.0,0.0,5000.0,5000.0,5000.0,5000.0,0.0,0.0,0.0,0.0,703400.0,705800.0,708800.0,715400.0,450000.0,420000.0,520000.0,550000.0,0.0,0.0,0.0,0.0,0.0,0.0,0.0,0.0,450000.0,420000.0,520000.0,550000.0,0.9,1,1,0,0,10000.0,15000.0,0.0,0.0,0.0,0.0,5656000.0,0.0,0,0,1,0,0,1,0,0,2750000.0,2750000.0,2750000.0,2750000.0,,,,,0,1,0,0,0,0,0
2,Micro-3,74,1,2,0,1,0,0,0,1,2019.0,2024.0,0,1,0,0,2,2,2,2,0,0,0,0,2,2.0,2.0,2.0,0,0,0,0,0.0,0.0,0.0,0.0,240000.0,250000.0,270000.0,290000.0,19700.0,20200.0,22400.0,25200.0,30000.0,30000.0,30000.0,30000.0,0.0,0.0,0.0,0.0,0.0,0.0,0.0,0.0,0.0,0.0,0.0,0.0,0.0,0.0,0.0,0.0,349700.0,330200.0,352400.0,375200.0,350000.0,400000.0,450000.0,490000.0,0.0,0.0,0.0,0.0,0.0,0.0,0.0,0.0,350000.0,400000.0,450000.0,490000.0,0.9,1,0,0,0,10000.0,15000.0,0.0,0.0,0.0,0.0,2400000.0,0.0,0,0,1,0,0,1,0,0,30000.0,30000.0,30000.0,30000.0,0.0,0.0,0.0,0.0,0,1,0,0,0,0,0
3,Micro-4,43,1,5,0,1,0,0,0,1,2016.0,2024.0,0,1,0,0,1,1,1,1,0,0,0,0,1,1.0,1.0,1.0,0,0,0,0,0.0,0.0,0.0,0.0,120000.0,120000.0,180000.0,180000.0,50400.0,31200.0,31580.0,41880.0,0.0,0.0,0.0,0.0,96000.0,96000.0,180000.0,180000.0,0.0,0.0,0.0,0.0,3000.0,3000.0,3000.0,3000.0,0.0,0.0,0.0,0.0,317400.0,298200.0,442580.0,452880.0,350000.0,370000.0,520000.0,570000.0,0.0,0.0,0.0,0.0,0.0,0.0,0.0,0.0,350000.0,370000.0,520000.0,570000.0,,1,0,0,0,10000.0,15000.0,0.0,0.0,0.0,0.0,320000.0,0.0,0,0,1,0,0,1,0,0,48000.0,48000.0,48000.0,48000.0,0.0,0.0,0.0,0.0,0,1,0,0,0,0,0
4,Micro-5,37,1,4,0,1,0,0,0,1,2018.0,2024.0,0,1,0,0,1,1,1,1,0,0,0,0,1,1.0,26.0,26.0,0,0,25,25,0.0,0.0,500000.0,800000.0,0.0,0.0,200000.0,400000.0,19200.0,19200.0,40000.0,40000.0,0.0,0.0,0.0,0.0,0.0,0.0,0.0,0.0,0.0,0.0,150000.0,200000.0,0.0,0.0,0.0,0.0,0.0,0.0,50000.0,60000.0,259200.0,259200.0,1180000.0,1740000.0,0.0,0.0,1500000.0,2000000.0,0.0,0.0,0.0,0.0,0.0,0.0,0.0,0.0,0.0,0.0,1500000.0,2000000.0,0.6,1,1,0,0,15000.0,50000.0,0.0,0.0,0.0,0.0,4200000.0,0.0,0,0,0,0,0,0,1,1,5000000.0,4400000.0,3500000.0,4000000.0,0.0,0.0,0.0,0.0,0,1,0,0,0,0,0
5,Micro-6,36,1,4,0,1,0,0,0,1,2014.0,2024.0,0,1,0,0,1,1,1,1,1,1,1,1,2,2.0,2.0,2.0,0,0,0,0,360000.0,360000.0,300000.0,420000.0,2160000.0,2160000.0,2400000.0,2640000.0,8400.0,10900.0,17400.0,20400.0,0.0,0.0,0.0,0.0,144000.0,168000.0,192000.0,216000.0,180000.0,180000.0,240000.0,240000.0,24000.0,24000.0,24000.0,60000.0,180000.0,180000.0,180000.0,96000.0,3056400.0,3082900.0,3353400.0,3692400.0,3600000.0,3600000.0,4200000.0,4200000.0,0.0,0.0,0.0,0.0,0.0,0.0,0.0,0.0,3600000.0,3600000.0,4200000.0,4200000.0,0.35,1,0,0,0,,,0.0,,,,17500000.0,0.0,0,0,0,0,0,0,1,1,0.0,0.0,0.0,0.0,0.0,0.0,0.0,0.0,0,0,0,0,0,0,0
6,Micro-7,40,1,4,0,1,0,0,0,1,2010.0,2024.0,0,1,0,0,2,2,2,2,0,0,0,0,3,3.0,3.0,3.0,1,1,1,1,0.0,0.0,120000.0,120000.0,0.0,0.0,0.0,0.0,9600.0,9600.0,25200.0,25200.0,0.0,0.0,0.0,0.0,72000.0,72000.0,72000.0,72000.0,0.0,0.0,0.0,0.0,0.0,0.0,0.0,0.0,0.0,0.0,0.0,0.0,81600.0,81600.0,217200.0,217200.0,0.0,0.0,360000.0,360000.0,0.0,0.0,0.0,0.0,0.0,0.0,0.0,0.0,0.0,0.0,360000.0,360000.0,0.2,1,0,0,0,10000.0,40000.0,240000.0,300000.0,300000.0,420000.0,1800000.0,0.0,0,0,0,0,0,0,0,0,1500000.0,1500000.0,2000000.0,2000000.0,0.0,0.0,0.0,0.0,0,0,0,0,0,0,0
7,Micro-8,41,1,5,0,1,0,0,0,1,2005.0,2024.0,0,1,0,0,1,1,1,1,0,0,0,0,1,1.0,1.0,1.0,0,0,0,0,0.0,0.0,0.0,0.0,24000.0,12000.0,24000.0,48000.0,4800.0,3600.0,6000.0,7200.0,0.0,0.0,0.0,0.0,36000.0,30000.0,36000.0,84000.0,0.0,0.0,0.0,0.0,0.0,0.0,0.0,0.0,6000.0,4800.0,6000.0,24000.0,70800.0,50400.0,72000.0,163200.0,456000.0,240000.0,240000.0,720000.0,0.0,0.0,0.0,0.0,0.0,0.0,0.0,0.0,456000.0,240000.0,240000.0,720000.0,1.0,1,0,0,0,20000.0,60000.0,0.0,0.0,0.0,0.0,150000.0,0.0,0,0,0,0,0,0,0,0,20000.0,20000.0,30000.0,50000.0,0.0,0.0,0.0,0.0,0,0,0,0,0,0,0
8,Micro-9,35,1,3,0,1,0,0,0,1,2016.0,2024.0,0,1,0,0,2,2,2,2,0,0,0,0,2,2.0,2.0,2.0,0,0,0,0,0.0,0.0,0.0,0.0,0.0,0.0,60000.0,60000.0,10800.0,8400.0,10800.0,10800.0,0.0,0.0,0.0,0.0,80000.0,96000.0,144000.0,144000.0,0.0,0.0,0.0,0.0,0.0,0.0,0.0,0.0,0.0,0.0,12000.0,12000.0,90800.0,104400.0,226800.0,226800.0,0.0,0.0,420000.0,420000.0,0.0,0.0,0.0,0.0,0.0,0.0,0.0,0.0,0.0,0.0,420000.0,420000.0,1.0,1,1,0,0,10000.0,30000.0,0.0,0.0,0.0,0.0,150000.0,0.0,0,0,0,0,0,0,0,0,50000.0,50000.0,50000.0,50000.0,0.0,0.0,0.0,0.0,0,0,0,0,0,0,0
9,Micro-10,64,1,2,0,1,0,0,0,1,2015.0,2024.0,0,1,0,0,1,1,1,1,0,0,0,0,4,4.0,4.0,4.0,3,3,3,3,1080000.0,1080000.0,1080000.0,1080000.0,0.0,0.0,500000.0,500000.0,0.0,0.0,0.0,0.0,0.0,0.0,0.0,0.0,0.0,0.0,0.0,0.0,0.0,0.0,24000.0,48000.0,0.0,0.0,0.0,0.0,0.0,0.0,6000.0,8000.0,1080000.0,1080000.0,1610000.0,1636000.0,0.0,0.0,1800000.0,2000000.0,0.0,0.0,0.0,0.0,0.0,0.0,0.0,0.0,0.0,0.0,1800000.0,2000000.0,0.3,1,0,0,0,,,0.0,,,,1000000.0,0.0,0,0,0,0,0,0,1,1,1000000.0,1000000.0,1000000.0,1200000.0,0.0,0.0,0.0,0.0,0,0,0,0,0,0,0
10,Micro-11,61,1,3,0,1,0,0,0,1,2013.0,2024.0,0,1,0,0,1,1,1,1,0,0,0,0,1,1.0,1.0,1.0,0,0,0,0,0.0,0.0,0.0,0.0,0.0,0.0,240000.0,240000.0,6000.0,6000.0,18000.0,18000.0,0.0,0.0,0.0,0.0,180000.0,180000.0,240000.0,240000.0,0.0,0.0,0.0,0.0,0.0,0.0,0.0,0.0,0.0,0.0,0.0,0.0,366000.0,366000.0,498000.0,498000.0,0.0,0.0,600000.0,600000.0,0.0,0.0,0.0,0.0,0.0,0.0,0.0,0.0,0.0,0.0,600000.0,600000.0,0.0,1,1,0,0,,,,,,,100000.0,0.0,0,0,0,0,0,0,0,0,450000.0,150000.0,200000.0,200000.0,0.0,0.0,0.0,0.0,0,1,0,0,0,0,0
11,Micro-12,38,1,4,0,1,0,0,0,1,2014.0,2024.0,0,1,0,0,1,1,1,1,0,0,0,0,1,1.0,1.0,1.0,0,0,0,0,0.0,0.0,0.0,0.0,120000.0,120000.0,250000.0,250000.0,28200.0,28000.0,83400.0,83400.0,0.0,0.0,0.0,0.0,0.0,0.0,0.0,0.0,3600.0,3600.0,6000.0,6000.0,0.0,0.0,0.0,0.0,3600.0,3600.0,6000.0,6000.0,311400.0,311200.0,501400.0,501400.0,720000.0,720000.0,960000.0,960000.0,0.0,0.0,0.0,0.0,0.0,0.0,0.0,0.0,720000.0,720000.0,960000.0,960000.0,1.0,1,0,0,0,0.0,0.0,180000.0,0.0,0.0,0.0,255000.0,0.0,0,0,0,0,0,0,0,0,550000.0,550000.0,550000.0,550000.0,0.0,0.0,0.0,0.0,0,0,1,0,0,0,0
12,Micro-13,62,1,3,0,1,0,0,0,1,,2024.0,0,1,0,0,1,1,1,1,0,0,0,0,1,1.0,1.0,1.0,0,0,0,0,0.0,0.0,0.0,0.0,180000.0,0.0,240000.0,276000.0,49000.0,0.0,66000.0,72000.0,0.0,0.0,0.0,0.0,0.0,0.0,0.0,0.0,36000.0,0.0,42000.0,45000.0,0.0,0.0,0.0,0.0,0.0,0.0,0.0,0.0,307000.0,10000.0,348000.0,393000.0,360000.0,0.0,300000.0,300000.0,0.0,0.0,0.0,0.0,0.0,0.0,0.0,0.0,360000.0,0.0,300000.0,300000.0,0.0,1,0,0,0,0.0,0.0,0.0,0.0,0.0,0.0,10500.0,0.0,0,0,0,0,0,0,0,0,20000.0,30000.0,30000.0,30000.0,0.0,0.0,0.0,0.0,0,1,0,0,0,0,0
13,Micro-14,41,1,6,0,1,0,0,0,1,2012.0,2024.0,0,1,0,0,1,1,1,1,0,0,0,0,1,1.0,1.0,1.0,0,0,0,0,0.0,0.0,0.0,0.0,250000.0,200000.0,300000.0,360000.0,144000.0,78000.0,168000.0,300000.0,0.0,0.0,0.0,0.0,0.0,0.0,0.0,0.0,12000.0,10000.0,15000.0,20000.0,0.0,0.0,0.0,0.0,15000.0,15000.0,20000.0,25000.0,497000.0,379000.0,579000.0,781000.0,0.0,480000.0,480000.0,780000.0,0.0,0.0,0.0,0.0,0.0,0.0,0.0,0.0,0.0,480000.0,480000.0,780000.0,1.0,0,1,0,0,0.0,0.0,0.0,0.0,0.0,0.0,0.0,0.0,1,0,1,1,0,1,0,0,0.0,0.0,0.0,0.0,0.0,0.0,0.0,0.0,0,1,0,0,0,0,0
14,Micro-15,45,1,4,0,1,0,0,0,1,2014.0,2024.0,0,1,0,0,2,2,2,2,0,0,0,0,4,4.0,4.0,4.0,2,2,2,2,600000.0,680000.0,700000.0,900000.0,1000000.0,1200000.0,1500000.0,1800000.0,93000.0,63000.0,71000.0,119000.0,0.0,0.0,0.0,0.0,360000.0,360000.0,360000.0,600000.0,20000.0,25000.0,30000.0,50000.0,5000.0,5000.0,5000.0,5000.0,20000.0,20000.0,25000.0,35000.0,2098000.0,2353000.0,2741000.0,3559000.0,3250000.0,3500000.0,3800000.0,4765000.0,0.0,0.0,0.0,0.0,0.0,0.0,0.0,0.0,3250000.0,3500000.0,3800000.0,4765000.0,0.5,1,0,0,0,50000.0,150000.0,0.0,0.0,0.0,0.0,3100000.0,0.0,0,1,0,0,1,0,1,0,100000.0,100000.0,600000.0,100000.0,0.0,0.0,450000.0,400000.0,0,1,0,0,0,0,0
15,Micro-16,38,1,3,0,0,1,0,0,1,2018.0,2024.0,0,1,0,0,1,1,1,1,1,1,1,1,9,9.0,9.0,9.0,7,7,7,7,2300000.0,2330000.0,2396000.0,3780000.0,4000000.0,5000000.0,5500000.0,3780000.0,67600.0,81000.0,94000.0,112000.0,0.0,0.0,0.0,0.0,300000.0,300000.0,300000.0,300000.0,15000.0,15000.0,20000.0,25000.0,10000.0,10000.0,10000.0,10000.0,20000.0,20000.0,30000.0,40000.0,6782600.0,7826000.0,8490000.0,8187000.0,8000000.0,9000000.0,10000000.0,12000000.0,0.0,0.0,0.0,0.0,0.0,0.0,0.0,0.0,8000000.0,9000000.0,10000000.0,12000000.0,0.3,0,1,0,0,60000.0,130000.0,60000.0,70000.0,80000.0,100000.0,7300000.0,0.0,1,0,0,1,0,0,1,0,600000.0,50000.0,500000.0,0.0,,50000.0,500000.0,0.0,0,1,0,1,0,0,0
16,Micro-17,,1,5,0,1,0,0,0,1,2016.0,2024.0,0,1,0,0,1,1,1,1,0,0,0,0,1,1.0,1.0,1.0,0,0,0,0,0.0,0.0,0.0,0.0,8000000.0,6000000.0,9000000.0,12000000.0,40000.0,42000.0,90000.0,132000.0,0.0,0.0,0.0,0.0,180000.0,180000.0,216000.0,216000.0,10000.0,10000.0,20000.0,35000.0,5000.0,5000.0,5000.0,5000.0,5000.0,5000.0,7000.0,10000.0,8240000.0,6242000.0,9338000.0,12398000.0,10000000.0,9000000.0,12000000.0,18000000.0,15000.0,0.0,20000.0,10000.0,0.0,0.0,0.0,0.0,10015000.0,9000000.0,12020000.0,18010000.0,0.0,1,0,0,0,400000.0,600000.0,0.0,0.0,0.0,0.0,10000000.0,0.0,0,0,0,0,0,0,1,0,,1000000.0,1000000.0,1000000.0,0.0,0.0,0.0,0.0,0,0,0,0,0,0,0
17,Micro-18,48,1,2,0,1,1,0,0,1,,2024.0,0,1,0,0,1,1,1,1,0,0,0,0,2,2.0,2.0,2.0,1,1,1,1,250000.0,300000.0,400000.0,600000.0,500000.0,500000.0,600000.0,1000000.0,20000.0,20000.0,19000.0,19500.0,0.0,0.0,0.0,0.0,0.0,0.0,0.0,0.0,10000.0,10000.0,10000.0,15000.0,0.0,0.0,0.0,0.0,20000.0,20000.0,25000.0,25000.0,800000.0,850000.0,1054000.0,1659500.0,1500000.0,1500000.0,1775000.0,2380000.0,0.0,0.0,0.0,0.0,0.0,0.0,0.0,0.0,1500000.0,1500000.0,1775000.0,2380000.0,0.6,1,1,0,0,40000.0,80000.0,600000.0,600000.0,600000.0,600000.0,18500000.0,0.0,0,0,1,0,1,0,0,0,25000.0,25000.0,0.0,400000.0,0.0,0.0,0.0,0.0,0,0,0,0,0,0,0
18,Micro-19,61,1,2,0,1,1,0,0,1,2010.0,2024.0,0,1,0,0,1,1,1,1,0,0,0,0,2,2.0,2.0,2.0,1,1,1,1,144000.0,150000.0,150000.0,180000.0,500000.0,500000.0,600000.0,650000.0,23000.0,25000.0,25000.0,29000.0,0.0,0.0,0.0,0.0,0.0,0.0,0.0,0.0,5000.0,6000.0,8000.0,12000.0,0.0,0.0,0.0,0.0,5000.0,5000.0,5000.0,5000.0,677000.0,686000.0,800000.0,888000.0,995000.0,800000.0,950000.0,1600000.0,0.0,0.0,0.0,0.0,0.0,0.0,0.0,0.0,995000.0,800000.0,950000.0,1600000.0,0.8,1,0,0,0,35000.0,70000.0,120000.0,120000.0,150000.0,180000.0,2100000.0,0.0,0,0,1,0,0,1,0,0,40000.0,20000.0,100000.0,0.0,0.0,0.0,90000.0,80000.0,0,1,0,0,0,0,0
19,Micro-20,60,1,4,0,1,0,0,0,1,2016.0,2024.0,0,1,0,0,1,1,1,1,0,0,0,0,3,3.0,3.0,3.0,2,2,2,2,700000.0,720000.0,800000.0,1080000.0,1000000.0,1000000.0,1500000.0,1800000.0,76000.0,80000.0,93000.0,123000.0,0.0,0.0,0.0,0.0,0.0,0.0,0.0,0.0,5000.0,8000.0,10000.0,20000.0,5000.0,5000.0,5000.0,5000.0,10000.0,10000.0,10000.0,10000.0,1796000.0,1823000.0,2418000.0,3038000.0,2750000.0,2780000.0,3390000.0,3990000.0,0.0,0.0,0.0,0.0,300000.0,300000.0,400000.0,300000.0,3050000.0,3080000.0,3790000.0,4290000.0,0.1,1,0,0,0,75000.0,150000.0,100000.0,0.0,0.0,0.0,11500000.0,0.0,1,0,0,1,0,0,1,0,500000.0,0.0,300000.0,100000.0,0.0,0.0,0.0,0.0,0,0,0,0,0,0,0
20,Micro-22,57,1,3,0,1,0,0,0,1,2005.0,2024.0,0,1,0,0,1,1,1,1,0,0,0,0,3,3.0,3.0,3.0,2,2,2,2,192000.0,240000.0,260000.0,300000.0,1000000.0,1000000.0,1100000.0,1200000.0,93600.0,100000.0,117000.0,129000.0,0.0,0.0,0.0,0.0,0.0,0.0,0.0,0.0,8000.0,9000.0,15000.0,20000.0,10000.0,10000.0,10000.0,10000.0,20000.0,20000.0,25000.0,25000.0,1363600.0,1419000.0,1567000.0,1724000.0,2260000.0,2500000.0,2750000.0,2925000.0,100000.0,100000.0,100000.0,110000.0,0.0,0.0,0.0,0.0,2360000.0,2600000.0,2850000.0,3035000.0,0.8,1,0,0,0,30000.0,125000.0,65000.0,70000.0,90000.0,100000.0,25500000.0,0.0,0,0,0,0,0,0,1,0,550000.0,50000.0,0.0,50000.0,450000.0,400000.0,350000.0,300000.0,0,1,0,0,0,0,0
21,Micro-23,60,1,3,0,1,1,0,0,1,2008.0,2024.0,0,1,0,0,2,2,2,2,0,0,0,0,9,9.0,9.0,9.0,7,7,7,7,1800000.0,1850000.0,2600000.0,3120000.0,3000000.0,3500000.0,4000000.0,4500000.0,66000.0,72000.0,79000.0,94000.0,0.0,0.0,0.0,0.0,0.0,0.0,0.0,0.0,60000.0,70000.0,80000.0,100000.0,10000.0,10000.0,10000.0,10000.0,20000.0,20000.0,20000.0,20000.0,5306000.0,6072000.0,7289000.0,8294000.0,6500000.0,7000000.0,8950000.0,9885000.0,0.0,0.0,0.0,0.0,0.0,0.0,0.0,0.0,6500000.0,7000000.0,8950000.0,9885000.0,0.2,0,1,0,1,70000.0,160000.0,100000.0,100000.0,120000.0,150000.0,71000000.0,0.0,1,0,0,1,0,0,1,1,4500000.0,1100000.0,100000.0,0.0,4000000.0,4500000.0,3500000.0,2500000.0,0,1,1,0,0,0,0
22,Micro-24,75,1,4,0,1,0,0,0,1,1988.0,2024.0,0,1,0,0,1,1,1,1,1,1,1,1,6,6.0,6.0,6.0,4,4,4,4,1200000.0,1400000.0,1500000.0,1900000.0,5000000.0,6000000.0,6000000.0,7500000.0,34000.0,38000.0,41000.0,64000.0,0.0,0.0,0.0,0.0,0.0,0.0,0.0,0.0,110000.0,120000.0,125000.0,140000.0,10000.0,10000.0,10000.0,10000.0,25000.0,25000.0,25000.0,25000.0,6379000.0,7593000.0,7701000.0,9639000.0,8200000.0,8800000.0,9500000.0,11500000.0,0.0,0.0,0.0,0.0,0.0,0.0,0.0,0.0,8200000.0,8800000.0,9500000.0,11500000.0,0.1,0,0,1,0,90000.0,160000.0,0.0,0.0,0.0,0.0,24000000.0,0.0,1,0,0,1,0,0,1,0,100000.0,350000.0,100000.0,100000.0,0.0,250000.0,0.0,0.0,0,0,0,0,0,0,1
23,Micro-25,70,1,3,0,1,0,0,0,1,2020.0,2024.0,0,1,0,0,2,2,2,2,0,0,0,0,3,3.0,3.0,3.0,1,1,1,1,240000.0,270000.0,300000.0,390000.0,150000.0,130000.0,120000.0,250000.0,7400.0,7700.0,9350.0,11400.0,0.0,0.0,0.0,0.0,0.0,0.0,0.0,0.0,5000.0,7000.0,10000.0,15000.0,5000.0,5000.0,5000.0,5000.0,20000.0,25000.0,30000.0,40000.0,487400.0,504700.0,534350.0,771400.0,910000.0,940500.0,985000.0,1150000.0,0.0,0.0,0.0,0.0,0.0,0.0,0.0,0.0,910000.0,940500.0,985000.0,1150000.0,0.9,0,1,0,0,23000.0,45000.0,125000.0,180000.0,250000.0,200000.0,18600000.0,0.0,0,0,1,0,0,1,,,200000.0,500000.0,0.0,0.0,0.0,0.0,0.0,0.0,0,0,1,0,0,0,0
24,Micro-26,60,1,4,0,1,0,0,0,1,2017.0,2024.0,0,1,0,0,1,1,1,1,0,0,0,0,4,4.0,4.0,4.0,3,3,3,3,1200000.0,1200000.0,1600000.0,1800000.0,2500000.0,2500000.0,3000000.0,3000000.0,65000.0,86000.0,93000.0,95000.0,0.0,0.0,0.0,0.0,0.0,0.0,0.0,0.0,0.0,0.0,0.0,0.0,25000.0,25000.0,25000.0,25000.0,50000.0,50000.0,50000.0,50000.0,3940000.0,3961000.0,4868000.0,5070000.0,5140000.0,5200000.0,6000000.0,6250000.0,0.0,0.0,0.0,0.0,0.0,0.0,0.0,0.0,5140000.0,5200000.0,6000000.0,6250000.0,0.25,1,0,0,0,50000.0,180000.0,0.0,0.0,0.0,0.0,14100000.0,0.0,0,1,0,0,1,0,0,0,1000000.0,100000.0,300000.0,100000.0,400000.0,300000.0,400000.0,300000.0,0,0,1,0,0,0,0
25,Micro-27,52,1,4,0,1,0,0,0,1,2018.0,2024.0,0,1,0,0,1,1,1,1,0,0,0,0,3,3.0,2.0,2.0,2,2,1,1,750000.0,800000.0,400000.0,450000.0,450000.0,480000.0,500000.0,700000.0,120000.0,135000.0,148000.0,158000.0,0.0,0.0,0.0,0.0,0.0,0.0,0.0,0.0,20000.0,25000.0,30000.0,35000.0,5000.0,5000.0,5000.0,5000.0,25000.0,25000.0,25000.0,25000.0,1470000.0,1570000.0,1218000.0,1483000.0,2980000.0,2980000.0,2800000.0,2850000.0,0.0,0.0,0.0,0.0,0.0,0.0,0.0,0.0,2980000.0,2980000.0,2800000.0,2850000.0,0.5,0,1,0,0,0.0,0.0,1080000.0,1100000.0,1100000.0,1100000.0,26600000.0,0.0,0,1,0,0,1,0,1,0,0.0,0.0,1000000.0,150000.0,0.0,0.0,1000000.0,1050000.0,0,0,1,0,0,0,0
26,Micro-28,64,1,9,0,1,0,0,0,1,2014.0,2024.0,0,1,0,0,4,4,4,4,0,0,0,0,9,9.0,9.0,6.0,5,5,5,2,1400000.0,1450000.0,1500000.0,1800000.0,1500000.0,1500000.0,1600000.0,1000000.0,49000.0,51500.0,53000.0,43000.0,0.0,0.0,0.0,0.0,0.0,0.0,0.0,0.0,25000.0,28000.0,30000.0,35000.0,10000.0,10000.0,10000.0,10000.0,25000.0,25000.0,25000.0,25000.0,3409000.0,3464500.0,3618000.0,3313000.0,3500000.0,3500000.0,3700000.0,3500000.0,0.0,0.0,0.0,0.0,0.0,0.0,0.0,0.0,3500000.0,3500000.0,3700000.0,3500000.0,0.5,1,0,0,0,400000.0,180000.0,0.0,0.0,0.0,0.0,27800000.0,0.0,1,0,0,1,0,0,1,0,1500000.0,3300000.0,0.0,0.0,450000.0,3600000.0,3500000.0,3400000.0,0,1,0,0,0,0,0
27,Micro-29,46,1,4,0,1,0,0,0,1,2012.0,2024.0,0,1,0,0,1,1,1,1,0,0,0,0,16,1.0,1.0,1.0,15,0,0,0,375000.0,0.0,0.0,0.0,0.0,0.0,0.0,0.0,33000.0,12000.0,20000.0,50000.0,0.0,0.0,0.0,0.0,0.0,0.0,0.0,0.0,15000.0,0.0,0.0,15000.0,0.0,0.0,0.0,0.0,0.0,0.0,0.0,0.0,423000.0,12000.0,20000.0,65000.0,500000.0,30000.0,40000.0,200000.0,0.0,0.0,0.0,0.0,0.0,0.0,0.0,0.0,500000.0,30000.0,40000.0,200000.0,0.0,0,0,0,0,150000.0,500000.0,0.0,0.0,0.0,0.0,425000.0,0.0,0,0,1,0,0,1,0,0,0.0,0.0,0.0,0.0,0.0,0.0,0.0,0.0,0,0,0,0,0,0,0
28,Micro-30,31,1,2,0,1,0,0,0,1,2015.0,2024.0,0,1,0,0,1,1,1,1,1,1,1,1,2,2.0,2.0,2.0,0,0,0,0,120000.0,288000.0,360000.0,480000.0,8000.0,15000.0,100000.0,216000.0,5600.0,26000.0,36000.0,54000.0,0.0,0.0,0.0,0.0,48000.0,120000.0,144000.0,180000.0,0.0,0.0,0.0,0.0,0.0,0.0,0.0,0.0,0.0,0.0,0.0,0.0,181600.0,449000.0,640000.0,930000.0,50000.0,720000.0,960000.0,1320000.0,0.0,0.0,0.0,0.0,0.0,0.0,0.0,0.0,50000.0,720000.0,960000.0,1320000.0,0.5,0,0,0,0,30000.0,120000.0,0.0,0.0,0.0,0.0,150000.0,0.0,0,0,1,0,0,1,0,0,0.0,0.0,0.0,0.0,0.0,0.0,0.0,0.0,0,0,0,0,0,0,0
29,Micro-31,42,1,6,0,1,0,0,0,1,2013.0,2024.0,0,1,0,0,1,1,1,1,0,0,0,0,1,1.0,1.0,1.0,0,0,0,0,0.0,0.0,0.0,0.0,40000.0,200000.0,350000.0,48000.0,0.0,0.0,0.0,0.0,0.0,0.0,0.0,0.0,15000.0,120000.0,150000.0,158400.0,0.0,0.0,0.0,0.0,1500.0,18000.0,22000.0,30000.0,0.0,0.0,0.0,0.0,56500.0,338000.0,522000.0,236400.0,100000.0,400000.0,600000.0,700000.0,0.0,0.0,0.0,0.0,0.0,0.0,0.0,0.0,100000.0,400000.0,600000.0,700000.0,0.0,0,0,0,0,0.0,0.0,0.0,0.0,0.0,0.0,300000.0,0.0,0,0,0,0,0,0,0,0,20000.0,0.0,0.0,0.0,0.0,0.0,0.0,0.0,0,0,0,0,0,0,0
30,Micro-32,53,1,6,0,1,0,0,0,1,2018.0,2024.0,0,1,0,0,0,1,1,1,0,0,0,0,0,4.0,4.0,4.0,0,3,3,3,20000.0,600000.0,900000.0,1260000.0,0.0,100000.0,100000.0,225000.0,12000.0,24000.0,28000.0,36000.0,0.0,0.0,0.0,0.0,100000.0,75000.0,100000.0,180000.0,0.0,30000.0,60000.0,84000.0,0.0,0.0,2000.0,5000.0,0.0,0.0,0.0,0.0,132000.0,829000.0,1190000.0,1790000.0,200000.0,700000.0,1400000.0,2000000.0,0.0,0.0,0.0,0.0,0.0,0.0,0.0,0.0,200000.0,700000.0,1400000.0,2000000.0,0.0,0,0,1,0,0.0,400000.0,0.0,0.0,0.0,0.0,32000.0,0.0,0,1,0,0,0,1,0,0,0.0,0.0,0.0,500000.0,0.0,0.0,0.0,0.0,0,0,0,0,0,0,0
31,Micro-33,54,1,4,0,1,0,0,0,1,2008.0,2024.0,0,1,0,0,1,1,1,1,0,0,0,0,3,3.0,4.0,4.0,2,2,3,3,192000.0,240000.0,432000.0,540000.0,20000.0,40000.0,60000.0,80000.0,19440.0,38160.0,63600.0,88800.0,0.0,0.0,0.0,0.0,0.0,0.0,0.0,0.0,12000.0,24000.0,38400.0,48000.0,1000.0,1000.0,1000.0,1000.0,500.0,1000.0,3000.0,5000.0,244940.0,344160.0,598000.0,762800.0,300000.0,400000.0,700000.0,1000000.0,0.0,0.0,0.0,0.0,0.0,0.0,0.0,0.0,300000.0,400000.0,700000.0,1000000.0,0.0,0,0,1,0,100000.0,1000000.0,0.0,0.0,0.0,0.0,150000.0,0.0,0,1,0,0,0,1,0,0,0.0,0.0,0.0,0.0,0.0,0.0,0.0,0.0,0,0,0,0,0,0,0
32,Micro-34,38,1,7,0,1,0,0,0,1,2019.0,2024.0,0,1,0,0,2,2,2,2,0,0,0,0,2,2.0,2.0,2.0,0,0,0,0,0.0,0.0,0.0,0.0,6000.0,30000.0,70000.0,100000.0,250.0,2000.0,5000.0,7000.0,0.0,0.0,0.0,0.0,0.0,0.0,0.0,0.0,5000.0,96000.0,120000.0,180000.0,0.0,0.0,0.0,0.0,500.0,800.0,1200.0,3500.0,11750.0,128800.0,196200.0,290500.0,10000.0,190000.0,400000.0,600000.0,0.0,0.0,0.0,0.0,0.0,0.0,0.0,0.0,10000.0,190000.0,400000.0,600000.0,0.0,0,0,0,0,0.0,0.0,0.0,0.0,0.0,0.0,20000.0,0.0,0,0,0,0,0,0,0,0,20000.0,50000.0,50000.0,80000.0,0.0,0.0,0.0,0.0,0,0,0,0,0,0,0
33,Micro-35,54,1,5,0,1,0,0,0,1,2019.0,2024.0,0,1,0,0,1,2,2,2,0,0,0,0,2,4.0,4.0,4.0,1,2,2,2,0.0,0.0,0.0,0.0,0.0,0.0,0.0,0.0,5400.0,9600.0,14400.0,19200.0,0.0,0.0,0.0,0.0,60000.0,72000.0,90000.0,108000.0,0.0,0.0,0.0,0.0,0.0,0.0,0.0,0.0,0.0,0.0,0.0,0.0,65400.0,81600.0,104400.0,127200.0,50000.0,240000.0,216000.0,420000.0,0.0,0.0,0.0,0.0,0.0,0.0,0.0,0.0,50000.0,240000.0,216000.0,420000.0,0.9,1,0,0,0,0.0,420000.0,12000.0,0.0,0.0,5000.0,5000.0,0.0,0,0,0,0,0,0,0,0,0.0,0.0,0.0,0.0,0.0,0.0,0.0,0.0,0,0,0,0,0,0,0
34,Micro-36,48,1,4,0,1,0,0,0,1,2019.0,2024.0,0,1,0,0,1,1,1,1,0,0,0,0,3,4.0,4.0,5.0,2,3,3,4,100000.0,100000.0,1200000.0,1440000.0,0.0,0.0,0.0,0.0,72400.0,150000.0,187000.0,252000.0,0.0,0.0,0.0,0.0,0.0,0.0,0.0,0.0,0.0,0.0,0.0,0.0,0.0,0.0,0.0,0.0,0.0,0.0,10000.0,15000.0,172400.0,250000.0,1397000.0,1707000.0,180000.0,100000.0,1200000.0,1800000.0,0.0,0.0,0.0,0.0,0.0,0.0,0.0,0.0,180000.0,100000.0,1200000.0,1800000.0,0.0,0,0,0,0,1800000.0,2800000.0,0.0,0.0,0.0,0.0,1200000.0,0.0,0,1,0,0,1,0,,1,0.0,0.0,0.0,0.0,0.0,0.0,0.0,0.0,0,0,0,0,0,0,0
35,Micro-37,54,1,4,0,1,0,0,0,1,2018.0,2024.0,0,1,0,0,1,1,1,1,0,0,0,0,1,1.0,1.0,1.0,0,0,0,0,0.0,0.0,0.0,0.0,24000.0,36000.0,40000.0,72000.0,3600.0,21600.0,26400.0,32400.0,0.0,0.0,0.0,0.0,3000.0,96000.0,120000.0,180000.0,0.0,0.0,0.0,0.0,0.0,0.0,0.0,0.0,0.0,0.0,0.0,0.0,30600.0,153600.0,186400.0,284400.0,70000.0,200000.0,360000.0,430000.0,0.0,0.0,0.0,0.0,0.0,0.0,0.0,0.0,70000.0,200000.0,360000.0,430000.0,0.0,0,0,1,0,15000.0,40000.0,0.0,0.0,0.0,0.0,50000.0,0.0,0,0,1,0,0,0,0,0,20000.0,0.0,0.0,0.0,0.0,0.0,0.0,0.0,0,0,0,0,0,0,0
36,Micro-38,53,1,6,0,1,0,0,0,1,2018.0,2024.0,0,1,0,0,1,1,1,1,0,0,0,0,2,2.0,2.0,2.0,1,1,1,1,0.0,0.0,0.0,0.0,0.0,0.0,0.0,0.0,0.0,0.0,0.0,0.0,0.0,0.0,0.0,0.0,0.0,0.0,0.0,0.0,0.0,0.0,0.0,0.0,0.0,0.0,0.0,0.0,0.0,0.0,10000.0,10000.0,0.0,0.0,10000.0,10000.0,0.0,0.0,0.0,160000.0,0.0,0.0,0.0,0.0,0.0,0.0,0.0,0.0,0.0,0.0,0.0,160000.0,0.0,0,0,0,0,10000.0,60000.0,720000.0,0.0,0.0,0.0,2300000.0,0.0,0,1,0,0,1,0,1,,0.0,0.0,0.0,0.0,0.0,0.0,0.0,0.0,0,0,0,0,0,0,0
37,Micro-39,42,1,4,0,1,0,0,0,1,2017.0,2024.0,0,1,0,0,1,1,1,1,0,0,0,0,1,1.0,1.0,1.0,0,0,0,0,0.0,0.0,0.0,0.0,1000.0,3000.0,4000.0,10000.0,600.0,1300.0,3000.0,8000.0,0.0,0.0,0.0,0.0,6000.0,0.0,0.0,0.0,0.0,0.0,0.0,0.0,0.0,0.0,0.0,0.0,0.0,0.0,0.0,0.0,7600.0,4300.0,7000.0,18000.0,3000.0,5000.0,20000.0,35000.0,0.0,0.0,0.0,0.0,0.0,0.0,0.0,0.0,3000.0,5000.0,20000.0,35000.0,0.0,0,0,1,0,0.0,0.0,0.0,0.0,0.0,0.0,100000.0,0.0,0,0,0,0,0,0,0,0,0.0,0.0,0.0,0.0,0.0,0.0,0.0,0.0,0,0,0,0,0,0,0
38,Micro-40,45,1,5,0,1,0,0,0,1,2011.0,2024.0,0,1,0,0,2,2,2,2,0,0,0,0,4,3.0,4.0,4.0,2,1,2,2,0.0,0.0,0.0,0.0,0.0,0.0,0.0,0.0,0.0,0.0,0.0,0.0,0.0,0.0,0.0,0.0,0.0,0.0,0.0,0.0,0.0,0.0,0.0,0.0,0.0,0.0,0.0,0.0,0.0,0.0,0.0,0.0,0.0,0.0,0.0,0.0,0.0,0.0,0.0,0.0,0.0,0.0,0.0,0.0,0.0,0.0,0.0,0.0,0.0,0.0,0.0,0.0,0.0,0,0,0,0,0.0,0.0,0.0,0.0,0.0,0.0,1000000.0,0.0,1,0,0,0,1,0,0,0,0.0,0.0,0.0,0.0,0.0,0.0,0.0,0.0,0,0,0,0,0,0,0
39,Micro-41,43,1,5,0,1,0,0,0,1,2017.0,2024.0,0,1,0,0,1,1,1,1,0,0,0,0,1,1.0,1.0,1.0,0,0,0,0,360000.0,420000.0,480000.0,540000.0,150000.0,250000.0,300000.0,500000.0,27000.0,37000.0,62500.0,82000.0,0.0,0.0,0.0,0.0,0.0,0.0,0.0,0.0,18000.0,21000.0,25000.0,30000.0,5000.0,12000.0,15000.0,25000.0,3000.0,8000.0,15000.0,2000.0,563000.0,748000.0,897500.0,1179000.0,700000.0,900000.0,120000.0,1600000.0,0.0,0.0,0.0,0.0,0.0,0.0,0.0,0.0,700000.0,900000.0,120000.0,1600000.0,0.25,1,0,0,0,0.0,0.0,0.0,0.0,0.0,0.0,2000000.0,0.0,0,0,1,0,0,0,1,1,100000.0,150000.0,250000.0,2500000.0,0.0,0.0,0.0,0.0,0,1,0,0,0,0,0
40,Micro-42,43,1,5,0,1,0,0,0,1,2013.0,2024.0,0,1,0,0,2,2,2,2,0,0,0,0,2,2.0,2.0,2.0,0,0,0,0,450000.0,489000.0,600000.0,633000.0,144000.0,180000.0,216000.0,300000.0,54400.0,531760.0,74800.0,80080.0,0.0,0.0,0.0,0.0,180000.0,180000.0,204000.0,204000.0,0.0,0.0,0.0,0.0,22000.0,25000.0,31000.0,36000.0,10000.0,12000.0,15000.0,18000.0,860400.0,1417760.0,1140800.0,1271080.0,2060000.0,2200000.0,2250000.0,2350000.0,0.0,0.0,0.0,0.0,0.0,0.0,0.0,0.0,2060000.0,2200000.0,2250000.0,2350000.0,0.0,1,0,0,0,0.0,0.0,0.0,0.0,0.0,0.0,500000.0,0.0,0,1,0,0,1,0,1,0,0.0,0.0,0.0,0.0,0.0,0.0,0.0,0.0,0,0,0,0,0,0,0
41,Micro-43,48,1,4,0,1,0,0,0,1,2016.0,2024.0,0,1,0,0,1,1,1,1,0,0,0,0,1,1.0,1.0,1.0,0,0,0,0,60000.0,120000.0,180000.0,360000.0,0.0,0.0,0.0,0.0,8400.0,14400.0,30000.0,84000.0,0.0,0.0,0.0,0.0,0.0,0.0,0.0,0.0,10000.0,12000.0,15000.0,250000.0,0.0,10000.0,0.0,30000.0,0.0,0.0,0.0,0.0,173400.0,271400.0,345000.0,904000.0,196000.0,220000.0,440000.0,960000.0,0.0,0.0,0.0,0.0,0.0,0.0,0.0,0.0,196000.0,220000.0,440000.0,960000.0,0.0,1,0,0,0,20000.0,45000.0,300000.0,360000.0,540000.0,780000.0,1500000.0,0.0,0,0,0,0,0,0,0,0,0.0,0.0,0.0,0.0,0.0,0.0,0.0,0.0,0,0,0,0,0,0,0
42,Micro-44,45,1,5,0,1,0,0,0,1,2012.0,2024.0,0,1,0,0,1,1,1,1,1,1,1,1,8,8.0,8.0,8.0,6,6,6,6,2400000.0,2400000.0,2880000.0,32480000.0,400000.0,400000.0,500000.0,800000.0,40000.0,40000.0,47000.0,55000.0,0.0,0.0,0.0,0.0,0.0,0.0,0.0,0.0,5000.0,10000.0,10000.0,10000.0,0.0,0.0,0.0,0.0,10000.0,20000.0,20000.0,20000.0,4355000.0,2870000.0,3457000.0,33365000.0,9000000.0,9000000.0,10000000.0,12000000.0,0.0,0.0,0.0,0.0,0.0,0.0,0.0,0.0,9000000.0,9000000.0,10000000.0,12000000.0,0.25,1,0,0,0,10000.0,50000.0,0.0,0.0,0.0,0.0,8600000.0,0.0,0,1,0,0,1,0,1,1,0.0,0.0,0.0,0.0,0.0,0.0,0.0,0.0,0,1,0,0,0,0,0
43,Micro-45,0,1,4,0,1,0,0,0,1,2021.0,2024.0,0,1,0,0,0,0,0,0,1,1,1,1,1,1.0,1.0,1.0,0,0,0,0,0.0,30000.0,60000.0,80000.0,20000.0,50000.0,150000.0,250000.0,2200.0,3300.0,10850.0,14500.0,0.0,0.0,0.0,0.0,0.0,12500.0,15000.0,15000.0,8000.0,15000.0,20000.0,25000.0,5000.0,10000.0,30000.0,40000.0,8000.0,15000.0,30000.0,40000.0,43200.0,545800.0,960850.0,1329500.0,55000.0,650000.0,1000000.0,1500000.0,0.0,0.0,0.0,0.0,0.0,0.0,0.0,0.0,55000.0,650000.0,1000000.0,1500000.0,0.0,1,0,0,0,0.0,0.0,0.0,0.0,0.0,0.0,5600000.0,0.0,0,0,0,0,1,0,1,1,0.0,600000.0,400000.0,400000.0,0.0,0.0,0.0,0.0,0,1,1,0,0,0,0
44,Micro-46,47,1,5,0,1,0,0,0,1,2017.0,2024.0,0,1,0,0,2,1,1,1,0,0,0,0,2,1.0,1.0,1.0,0,0,0,0,200000.0,100000.0,280000.0,300000.0,180000.0,110000.0,200000.0,250000.0,18000.0,21000.0,22000.0,27000.0,0.0,0.0,0.0,0.0,50000.0,60000.0,60000.0,60000.0,20000.0,25000.0,30000.0,80000.0,25000.0,25000.0,40000.0,40000.0,22000.0,35000.0,15000.0,40000.0,515000.0,376000.0,647000.0,797000.0,600000.0,400000.0,700000.0,400000.0,0.0,0.0,0.0,0.0,0.0,0.0,0.0,0.0,600000.0,400000.0,700000.0,400000.0,0.5,0,1,0,0,12000.0,75000.0,0.0,0.0,0.0,0.0,700000.0,0.0,0,1,0,0,1,0,1,0,650000.0,50000.0,0.0,0.0,0.0,0.0,0.0,0.0,0,0,0,0,0,0,0
45,Micro-47,62,1,5,0,1,0,0,0,1,,2024.0,0,1,0,0,3,3,1,1,0,0,0,0,3,3.0,1.0,1.0,0,0,0,0,0.0,0.0,0.0,0.0,0.0,0.0,0.0,0.0,0.0,0.0,0.0,0.0,0.0,0.0,0.0,0.0,0.0,0.0,0.0,0.0,0.0,0.0,0.0,0.0,0.0,0.0,0.0,0.0,0.0,0.0,0.0,0.0,0.0,0.0,0.0,0.0,500000.0,0.0,0.0,0.0,0.0,0.0,0.0,0.0,0.0,0.0,0.0,0.0,500000.0,0.0,0.0,0.0,0.0,1,0,0,0,0.0,0.0,0.0,0.0,0.0,0.0,10700000.0,0.0,0,1,0,0,1,0,0,0,0.0,0.0,0.0,0.0,0.0,0.0,0.0,0.0,0,0,0,0,0,0,0
46,Micro-48,47,1,3,0,1,0,0,0,1,2018.0,2024.0,0,1,0,0,1,1,1,1,0,0,0,0,1,1.0,1.0,1.0,0,0,0,0,245000.0,200000.0,120000.0,60000.0,100000.0,90000.0,60000.0,30000.0,36000.0,34000.0,32500.0,28500.0,0.0,0.0,0.0,0.0,0.0,0.0,0.0,0.0,60000.0,30000.0,22000.0,15000.0,60000.0,15000.0,43000.0,22000.0,0.0,0.0,0.0,0.0,501000.0,369000.0,277500.0,155500.0,600000.0,500000.0,300000.0,200000.0,0.0,0.0,0.0,0.0,0.0,0.0,0.0,0.0,600000.0,500000.0,300000.0,200000.0,0.75,1,0,0,0,20000.0,30000.0,0.0,0.0,0.0,0.0,1450000.0,0.0,0,1,0,0,0,1,0,0,200000.0,300000.0,200000.0,100000.0,0.0,0.0,0.0,0.0,0,0,0,0,1,0,0
47,Micro-49,40,1,5,0,1,0,0,0,1,2015.0,2024.0,0,1,0,0,8,3,5,7,0,0,0,0,8,3.0,5.0,7.0,0,0,0,0,300000.0,380000.0,300000.0,500000.0,600000.0,400000.0,600000.0,800000.0,61000.0,66000.0,90000.0,108000.0,0.0,0.0,0.0,0.0,0.0,0.0,0.0,0.0,300000.0,320000.0,450000.0,600000.0,300000.0,300000.0,350000.0,400000.0,250000.0,300000.0,350000.0,500000.0,2011000.0,2016000.0,2440000.0,3208000.0,2500000.0,1200000.0,3800000.0,4000000.0,0.0,0.0,0.0,0.0,0.0,0.0,0.0,0.0,2500000.0,1200000.0,3800000.0,4000000.0,0.1,0,1,0,0,50000.0,90000.0,0.0,0.0,0.0,0.0,3000000.0,0.0,0,1,0,0,1,0,1,1,3000000.0,0.0,0.0,1200000.0,0.0,600000.0,0.0,100000.0,1,0,0,0,0,0,0
48,Micro-50,48,1,4,0,1,0,0,0,1,2012.0,2024.0,0,1,0,0,5,1,1,1,0,0,0,0,5,1.0,1.0,1.0,0,0,0,0,350000.0,175000.0,200000.0,300000.0,300000.0,283000.0,375000.0,450000.0,53000.0,81000.0,108000.0,132000.0,0.0,0.0,0.0,0.0,0.0,0.0,0.0,0.0,0.0,0.0,0.0,0.0,45000.0,15000.0,22000.0,35000.0,50000.0,42000.0,0.0,0.0,828000.0,631000.0,738000.0,917000.0,1200000.0,700000.0,800000.0,960000.0,0.0,0.0,0.0,0.0,0.0,0.0,0.0,0.0,1200000.0,700000.0,800000.0,960000.0,0.4,1,0,0,0,0.0,0.0,0.0,0.0,0.0,0.0,0.0,60800000.0,0,1,0,0,1,0,0,0,0.0,0.0,0.0,0.0,0.0,0.0,0.0,0.0,0,0,0,0,0,0,0
49,Micro-51,52,1,5,0,1,0,0,0,1,2017.0,2024.0,0,1,0,0,1,1,1,1,0,0,0,0,1,1.0,1.0,1.0,0,0,0,0,0.0,0.0,0.0,0.0,500000.0,400000.0,300000.0,150000.0,21000.0,25000.0,34000.0,39000.0,0.0,0.0,0.0,0.0,0.0,0.0,0.0,0.0,15000.0,20000.0,30000.0,9000.0,25000.0,30000.0,35000.0,40000.0,60000.0,60000.0,80000.0,90000.0,621000.0,535000.0,479000.0,328000.0,950000.0,800000.0,450000.0,300000.0,0.0,0.0,0.0,0.0,0.0,0.0,0.0,0.0,950000.0,800000.0,450000.0,300000.0,0.95,1,0,0,0,40000.0,60000.0,100000.0,0.0,0.0,0.0,0.0,0.0,0,1,0,0,1,0,0,0,100000.0,0.0,0.0,0.0,0.0,0.0,0.0,0.0,0,0,1,0,1,0,0
50,Micro-52,54,1,4,0,1,0,0,0,1,2016.0,2024.0,0,1,0,0,1,1,1,1,0,0,0,0,1,1.0,1.0,1.0,0,0,0,0,220000.0,280000.0,330000.0,480000.0,200000.0,250000.0,550000.0,600000.0,14000.0,21000.0,27000.0,38000.0,0.0,0.0,0.0,0.0,60000.0,60000.0,72000.0,72000.0,25000.0,35000.0,65000.0,80000.0,25000.0,30000.0,50000.0,55000.0,15000.0,12000.0,10000.0,25000.0,634000.0,728000.0,1149000.0,1410000.0,1200000.0,1800000.0,26000000.0,3000000.0,0.0,0.0,0.0,0.0,0.0,0.0,0.0,0.0,1200000.0,1800000.0,26000000.0,3000000.0,0.9,0,1,0,0,200000.0,300000.0,25000.0,0.0,0.0,0.0,450000.0,0.0,0,1,0,0,0,1,0,0,1200000.0,0.0,0.0,700000.0,0.0,0.0,0.0,0.0,0,1,0,0,0,0,0
51,Micro-53,60,1,4,0,1,0,0,0,1,2012.0,2024.0,0,1,0,0,3,1,1,1,0,0,0,0,3,1.0,1.0,1.0,0,0,0,0,665000.0,0.0,0.0,0.0,0.0,0.0,0.0,0.0,13800.0,15800.0,21000.0,25000.0,0.0,0.0,0.0,0.0,0.0,0.0,0.0,0.0,750000.0,600000.0,1200000.0,500000.0,50000.0,60000.0,75000.0,75000.0,25000.0,60000.0,40000.0,60000.0,1503800.0,735800.0,1336000.0,660000.0,3000000.0,2500000.0,500000.0,1500000.0,0.0,0.0,0.0,0.0,0.0,0.0,0.0,0.0,3000000.0,2500000.0,500000.0,1500000.0,0.7,1,0,0,0,0.0,0.0,600000.0,600000.0,700000.0,800000.0,1200000.0,750000.0,0,1,0,0,1,0,0,0,0.0,0.0,0.0,2000000.0,0.0,0.0,0.0,0.0,0,1,0,0,0,0,0
52,Micro-54,58,1,2,0,1,0,0,0,1,2001.0,2024.0,0,1,0,0,1,1,1,1,0,0,0,0,11,11.0,6.0,7.0,10,10,5,6,2100000.0,2400000.0,1200000.0,1500000.0,3000000.0,3000000.0,3500000.0,4000000.0,96000.0,96000.0,138000.0,258000.0,0.0,0.0,0.0,0.0,180000.0,180000.0,228000.0,240000.0,10000.0,10000.0,15000.0,25000.0,5000.0,5000.0,5000.0,5000.0,20000.0,20000.0,20000.0,20000.0,5439000.0,5739000.0,5134000.0,6076000.0,6500000.0,6500000.0,6200000.0,6900000.0,0.0,0.0,0.0,0.0,0.0,0.0,0.0,0.0,6500000.0,6500000.0,6200000.0,6900000.0,0.3,0,1,0,0,65000.0,100000.0,0.0,0.0,0.0,0.0,200000.0,0.0,0,1,0,0,1,0,1,0,100000.0,0.0,250000.0,0.0,0.0,0.0,180000.0,170000.0,0,1,0,0,0,0,0
53,Micro-55,52,1,4,0,1,0,0,0,1,,2024.0,0,1,0,0,1,1,1,1,0,0,0,0,1,1.0,1.0,1.0,0,0,0,0,0.0,0.0,0.0,0.0,15000.0,26000.0,27000.0,30000.0,18000.0,28000.0,41000.0,48000.0,0.0,0.0,0.0,0.0,0.0,0.0,0.0,0.0,4000.0,6000.0,8000.0,60000.0,40000.0,25000.0,13000.0,6000.0,20000.0,22000.0,29000.0,10000.0,97000.0,107000.0,118000.0,154000.0,180000.0,200000.0,350000.0,300000.0,0.0,0.0,0.0,0.0,0.0,0.0,0.0,0.0,180000.0,200000.0,350000.0,300000.0,0.75,1,0,0,0,0.0,40000.0,500000.0,500000.0,200000.0,200000.0,1950000.0,0.0,0,0,0,0,0,0,0,0,150000.0,0.0,0.0,300000.0,0.0,0.0,0.0,0.0,0,1,0,0,0,0,0
54,Micro-56,61,1,3,0,1,0,0,1,1,2019.0,2024.0,0,1,0,0,1,1,1,1,0,0,0,0,1,1.0,1.0,1.0,0,0,0,0,0.0,0.0,0.0,0.0,600000.0,400000.0,500000.0,600000.0,210000.0,162000.0,270000.0,320000.0,0.0,0.0,0.0,0.0,0.0,0.0,0.0,0.0,100000.0,80000.0,70000.0,60000.0,150000.0,150000.0,150000.0,150000.0,40000.0,30000.0,30000.0,60000.0,1100000.0,822000.0,1020000.0,1190000.0,800000.0,900000.0,1000000.0,1200000.0,0.0,0.0,0.0,0.0,0.0,0.0,0.0,0.0,800000.0,900000.0,1000000.0,1200000.0,0.25,0,0,1,0,0.0,0.0,350000.0,400000.0,400000.0,480000.0,2100000.0,0.0,0,1,0,0,1,0,0,0,1200000.0,0.0,0.0,0.0,0.0,0.0,0.0,0.0,0,0,0,0,1,0,0
55,Micro-57,37,1,3,0,1,0,0,0,1,,2024.0,0,1,0,0,2,2,2,2,0,0,0,0,2,2.0,2.0,2.0,0,0,0,0,0.0,0.0,0.0,600000.0,1000000.0,700000.0,300000.0,800000.0,66000.0,55000.0,33000.0,46000.0,0.0,0.0,0.0,0.0,0.0,0.0,0.0,0.0,0.0,0.0,0.0,0.0,60000.0,50000.0,50000.0,55000.0,25000.0,12000.0,12000.0,30000.0,1187000.0,853000.0,419000.0,1531000.0,1200000.0,1000000.0,800000.0,1200000.0,0.0,0.0,0.0,0.0,0.0,0.0,0.0,0.0,1200000.0,1000000.0,800000.0,1200000.0,0.6,0,0,1,0,50000.0,100000.0,0.0,0.0,0.0,0.0,7100000.0,0.0,0,0,1,0,0,1,0,0,2000000.0,0.0,0.0,300000.0,0.0,0.0,0.0,0.0,0,0,0,0,1,0,0
56,Micro-58,45,1,3,0,1,0,0,0,1,2018.0,2024.0,0,1,0,0,3,2,2,1,0,0,0,0,3,2.0,2.0,1.0,0,0,0,0,800000.0,600000.0,500000.0,0.0,1200000.0,1200000.0,1500000.0,800000.0,50000.0,52000.0,38500.0,59000.0,0.0,0.0,0.0,0.0,0.0,0.0,0.0,0.0,40000.0,35000.0,42000.0,50000.0,30000.0,35000.0,35000.0,35000.0,70000.0,60000.0,40000.0,65000.0,2190000.0,1982000.0,2155500.0,1009000.0,1800000.0,1750000.0,1275000.0,2000000.0,0.0,0.0,0.0,0.0,0.0,0.0,0.0,0.0,1800000.0,1750000.0,1275000.0,2000000.0,0.2,0,0,1,0,60000.0,100000.0,0.0,0.0,0.0,0.0,1000000.0,0.0,0,1,0,0,1,0,0,0,1200000.0,0.0,0.0,800000.0,0.0,0.0,0.0,0.0,0,0,0,0,0,0,0
57,Micro-59,60,1,3,0,1,0,0,0,1,1990.0,2024.0,0,1,0,0,1,1,1,1,0,0,0,0,3,1.0,1.0,1.0,2,0,0,0,800000.0,0.0,0.0,0.0,1200000.0,1000000.0,700000.0,1300000.0,15600.0,14800.0,23000.0,25900.0,0.0,0.0,0.0,0.0,75000.0,60000.0,0.0,0.0,100000.0,100000.0,120000.0,300000.0,35000.0,25000.0,20000.0,50000.0,0.0,0.0,0.0,0.0,2225600.0,1199800.0,863000.0,1675900.0,3500000.0,3000000.0,2000000.0,5000000.0,0.0,0.0,0.0,0.0,0.0,0.0,0.0,0.0,3500000.0,3000000.0,2000000.0,5000000.0,0.1,0,1,0,0,0.0,0.0,0.0,0.0,0.0,0.0,5800000.0,0.0,0,1,0,0,1,0,0,0,300000.0,0.0,0.0,300000.0,0.0,0.0,0.0,300000.0,1,0,0,0,0,0,0
58,Micro-60,60,1,4,0,1,0,0,0,1,2016.0,2024.0,0,1,0,0,1,1,1,1,0,0,0,0,1,1.0,1.0,1.0,0,0,0,0,0.0,0.0,0.0,0.0,0.0,0.0,0.0,0.0,0.0,0.0,0.0,0.0,0.0,0.0,0.0,0.0,0.0,0.0,0.0,0.0,0.0,0.0,0.0,0.0,0.0,0.0,0.0,0.0,0.0,0.0,0.0,0.0,0.0,0.0,0.0,0.0,80000.0,50000.0,60000.0,250000.0,0.0,0.0,0.0,0.0,0.0,0.0,0.0,0.0,80000.0,50000.0,60000.0,250000.0,0.0,1,0,0,0,0.0,0.0,750000.0,750000.0,750000.0,0.0,50000.0,0.0,0,1,0,0,1,0,0,0,150000.0,0.0,0.0,0.0,0.0,0.0,0.0,0.0,0,0,0,0,0,0,0
59,Micro-61,42,1,4,0,0,0,1,0,1,,2024.0,0,1,0,0,1,1,1,2,0,0,0,0,1,1.0,1.0,2.0,0,0,0,0,140000.0,150000.0,150000.0,150000.0,190000.0,180000.0,290000.0,300000.0,9000.0,9000.0,14000.0,11000.0,0.0,0.0,0.0,0.0,0.0,0.0,0.0,0.0,0.0,0.0,0.0,0.0,12000.0,15000.0,18000.0,20000.0,25000.0,18000.0,25000.0,25000.0,394000.0,392000.0,522000.0,530000.0,465000.0,430000.0,700000.0,720000.0,0.0,0.0,0.0,0.0,0.0,0.0,0.0,0.0,465000.0,430000.0,700000.0,720000.0,0.5,0,1,0,0,20000.0,60000.0,0.0,0.0,0.0,0.0,1325000.0,0.0,0,1,0,0,1,0,1,1,700000.0,100000.0,500000.0,200000.0,0.0,0.0,0.0,0.0,0,1,0,0,0,0,0
60,Micro-62,62,1,3,0,1,0,0,0,1,,2024.0,0,1,0,0,4,3,2,2,0,0,0,0,4,3.0,2.0,2.0,0,0,0,0,1500000.0,700000.0,800000.0,1300000.0,4500000.0,1850000.0,7500000.0,9000000.0,95000.0,100000.0,120000.0,110000.0,0.0,0.0,0.0,0.0,100000.0,100000.0,120000.0,120000.0,0.0,0.0,0.0,0.0,70000.0,75000.0,75000.0,75000.0,75000.0,80000.0,100000.0,90000.0,6340000.0,2905000.0,8715000.0,10695000.0,7500000.0,3500000.0,9000000.0,12000000.0,0.0,0.0,0.0,0.0,0.0,0.0,0.0,0.0,7500000.0,3500000.0,9000000.0,12000000.0,0.02,0,1,0,0,200000.0,500000.0,0.0,0.0,0.0,0.0,13500000.0,0.0,1,0,0,0,1,0,0,0,8000000.0,4000000.0,0.0,0.0,0.0,0.0,0.0,0.0,0,0,0,0,0,0,0
61,Micro-63,45,1,4,0,1,0,0,0,1,2015.0,2024.0,0,1,0,0,2,2,3,5,0,0,0,0,2,2.0,3.0,5.0,0,0,0,0,40000.0,150000.0,205000.0,200000.0,100000.0,145000.0,175000.0,200000.0,11000.0,12000.0,19500.0,18000.0,0.0,0.0,0.0,0.0,0.0,0.0,0.0,0.0,20000.0,15000.0,25000.0,30000.0,30000.0,45000.0,60000.0,90000.0,35000.0,25000.0,20000.0,0.0,272000.0,432000.0,549500.0,574000.0,480000.0,500000.0,650000.0,750000.0,0.0,0.0,0.0,0.0,0.0,0.0,0.0,0.0,480000.0,500000.0,650000.0,750000.0,0.25,0,0,1,0,25000.0,200000.0,300000.0,320000.0,350000.0,420000.0,2050000.0,0.0,0,0,1,0,0,1,1,1,1500000.0,700000.0,0.0,200000.0,0.0,0.0,0.0,0.0,0,1,0,0,0,0,0
62,Micro-64,43,1,4,0,1,0,0,0,1,2017.0,2024.0,0,1,0,0,1,1,1,1,0,0,0,0,1,1.0,1.0,1.0,0,0,0,0,150000.0,250000.0,300000.0,300000.0,500000.0,1100000.0,1450000.0,1500000.0,28500.0,39000.0,37000.0,34000.0,0.0,0.0,0.0,0.0,0.0,0.0,0.0,0.0,65000.0,50000.0,100000.0,300000.0,90000.0,110000.0,100000.0,100000.0,100000.0,35000.0,40000.0,50000.0,933500.0,1584000.0,2027000.0,2284000.0,1500000.0,1800000.0,2700000.0,3000000.0,0.0,0.0,0.0,0.0,0.0,0.0,0.0,0.0,1500000.0,1800000.0,2700000.0,3000000.0,0.9,0,0,1,0,25000.0,250000.0,0.0,0.0,0.0,0.0,50000000.0,0.0,0,1,0,0,1,0,1,1,4000000.0,500000.0,500000.0,250000.0,0.0,0.0,0.0,0.0,0,0,0,0,0,0,0
63,Micro-66,44,1,4,0,1,0,0,0,1,,2024.0,0,1,0,0,1,1,1,1,0,0,0,0,1,1.0,1.0,1.0,0,0,0,0,120000.0,150000.0,180000.0,220000.0,100000.0,150000.0,100000.0,200000.0,7000.0,78000.0,18500.0,16000.0,0.0,0.0,0.0,0.0,0.0,0.0,0.0,0.0,15000.0,20000.0,25000.0,30000.0,5000.0,7000.0,8000.0,8000.0,15000.0,20000.0,18000.0,18000.0,262000.0,425000.0,349500.0,492000.0,350000.0,450000.0,500000.0,600000.0,0.0,0.0,0.0,0.0,0.0,0.0,0.0,0.0,350000.0,450000.0,500000.0,600000.0,0.0,0,1,0,0,25000.0,55000.0,0.0,0.0,0.0,0.0,900000.0,0.0,0,0,1,0,0,1,0,0,50000.0,50000.0,150000.0,150000.0,0.0,0.0,0.0,0.0,0,0,0,0,1,0,0
64,Micro-67,40,1,4,0,1,0,0,0,1,2017.0,2024.0,0,1,0,0,1,3,3,3,0,0,0,0,1,3.0,3.0,3.0,0,0,0,0,270000.0,200000.0,350000.0,250000.0,870000.0,1750000.0,1950000.0,1800000.0,46000.0,54000.0,95500.0,84000.0,0.0,0.0,0.0,0.0,0.0,0.0,0.0,0.0,75000.0,95800.0,175000.0,150000.0,80000.0,100000.0,210000.0,200000.0,25000.0,45000.0,95000.0,100000.0,1391000.0,2274800.0,2900000.0,2606000.0,1500000.0,2500000.0,3500000.0,3200000.0,0.0,0.0,0.0,0.0,0.0,0.0,0.0,0.0,1500000.0,2500000.0,3500000.0,3200000.0,0.18,1,0,0,0,65000.0,195000.0,0.0,0.0,0.0,0.0,3000000.0,0.0,0,1,0,0,1,0,1,1,0.0,0.0,0.0,11000000.0,0.0,0.0,0.0,0.0,0,1,0,0,0,0,0
65,Micro-68,41,1,3,1,0,0,0,0,1,,2024.0,0,1,0,0,5,5,3,4,0,0,0,0,5,5.0,3.0,4.0,0,0,0,0,300000.0,450000.0,500000.0,300000.0,500000.0,850000.0,1000000.0,1300000.0,64000.0,109500.0,117500.0,108000.0,0.0,0.0,0.0,0.0,150000.0,150000.0,100000.0,48000.0,85000.0,90000.0,150000.0,120000.0,45000.0,45000.0,90000.0,150000.0,23000.0,30000.0,35000.0,25000.0,1167000.0,1724500.0,1992500.0,2051000.0,1200000.0,1800000.0,2200000.0,400000.0,0.0,0.0,0.0,0.0,0.0,0.0,0.0,0.0,1200000.0,1800000.0,2200000.0,400000.0,0.4,0,1,0,0,35000.0,100000.0,0.0,0.0,0.0,0.0,6700000.0,0.0,0,1,0,0,1,0,1,1,3000000.0,500000.0,1000000.0,1000000.0,0.0,0.0,0.0,0.0,0,1,0,0,0,0,0
66,Micro-69,65,1,3,0,1,0,0,0,1,2011.0,2024.0,0,1,0,0,0,0,0,1,0,0,0,0,0,0.0,0.0,4.0,0,0,0,3,0.0,0.0,0.0,1200000.0,0.0,0.0,0.0,750000.0,0.0,0.0,0.0,460000.0,0.0,0.0,0.0,0.0,0.0,0.0,0.0,720000.0,0.0,0.0,0.0,120000.0,0.0,0.0,0.0,360000.0,0.0,0.0,0.0,180000.0,0.0,0.0,0.0,3790000.0,0.0,0.0,0.0,4612500.0,0.0,0.0,0.0,0.0,0.0,0.0,0.0,0.0,0.0,0.0,0.0,4612500.0,0.1,1,0,0,0,250000.0,518750.0,0.0,0.0,0.0,0.0,1500000.0,0.0,0,0,1,0,0,1,1,1,0.0,0.0,0.0,1800000.0,0.0,0.0,0.0,0.0,0,0,0,0,0,0,0
67,Micro-70,50,1,3,0,1,0,0,0,1,2011.0,2024.0,0,1,0,0,0,0,1,1,0,0,0,0,0,0.0,2.0,2.0,0,0,1,1,0.0,0.0,528000.0,528000.0,0.0,0.0,0.0,0.0,0.0,0.0,52800.0,52800.0,0.0,0.0,0.0,0.0,0.0,0.0,300000.0,300000.0,0.0,0.0,0.0,0.0,0.0,0.0,60000.0,60000.0,0.0,0.0,10000.0,10000.0,0.0,0.0,950800.0,950800.0,0.0,0.0,1301000.0,2087600.0,0.0,0.0,0.0,0.0,0.0,0.0,0.0,0.0,0.0,0.0,1301000.0,2087600.0,0.5,1,0,0,0,147000.0,200000.0,0.0,0.0,0.0,0.0,5000000.0,0.0,0,0,1,0,0,1,1,1,0.0,0.0,0.0,5000000.0,0.0,0.0,0.0,0.0,0,0,0,0,0,0,0
68,Micro-71,60,1,5,0,1,0,0,0,1,2016.0,2024.0,0,1,0,0,1,1,1,1,0,0,0,0,2,2.0,2.0,2.0,1,1,1,1,300000.0,400000.0,500000.0,600000.0,9216000.0,11520000.0,14400000.0,18000000.0,12000.0,12000.0,24000.0,24000.0,0.0,0.0,0.0,0.0,420000.0,480000.0,540000.0,600000.0,180000.0,240000.0,288000.0,360000.0,100000.0,120000.0,160000.0,180000.0,25000.0,30000.0,50000.0,60000.0,10253000.0,12802000.0,15962000.0,19824000.0,11170650.0,13954350.0,17394550.0,21850550.0,0.0,0.0,0.0,0.0,0.0,0.0,0.0,0.0,11170650.0,13954350.0,17394550.0,21850550.0,0.08,1,1,0,0,244758.0,1200000.0,0.0,0.0,0.0,0.0,20000000.0,0.0,0,0,0,0,0,0,1,0,0.0,0.0,0.0,0.0,0.0,0.0,0.0,0.0,0,0,0,0,0,0,0
69,Micro-72,37,1,13,0,1,0,0,0,1,2016.0,2024.0,0,1,0,0,0,0,1,1,0,0,0,0,0,0.0,3.0,3.0,0,0,2,2,0.0,0.0,672000.0,840000.0,0.0,0.0,5760000.0,7200000.0,0.0,0.0,325600.0,432000.0,0.0,0.0,0.0,0.0,0.0,0.0,1152000.0,1440000.0,0.0,0.0,288000.0,360000.0,0.0,0.0,432000.0,540000.0,0.0,0.0,48000.0,60000.0,0.0,0.0,8677600.0,10872000.0,0.0,0.0,9453913.0,12080000.0,0.0,0.0,0.0,0.0,0.0,0.0,0.0,0.0,0.0,0.0,9453913.0,12080000.0,0.02,0,0,0,0,813333.0,12000000.0,0.0,0.0,0.0,0.0,2500000.0,0.0,0,0,0,0,0,0,1,1,0.0,0.0,0.0,0.0,0.0,0.0,0.0,0.0,0,0,0,0,0,0,0
70,Micro-73,52,1,5,0,1,0,0,0,1,,2024.0,0,1,0,0,0,1,1,1,0,0,0,0,0,2.0,2.0,2.0,0,1,1,1,0.0,360000.0,600000.0,750000.0,0.0,3456000.0,5760000.0,7200000.0,0.0,23040.0,38400.0,48000.0,0.0,0.0,0.0,0.0,0.0,0.0,0.0,0.0,0.0,216000.0,360000.0,450000.0,0.0,8640.0,120000.0,150000.0,0.0,72000.0,120000.0,150000.0,0.0,4135680.0,6998400.0,8748000.0,0.0,4595200.0,8616000.0,10770000.0,0.0,0.0,0.0,0.0,0.0,0.0,0.0,0.0,0.0,4595200.0,8616000.0,10770000.0,0.2,1,1,0,0,550000.0,1245000.0,0.0,0.0,0.0,0.0,300000.0,0.0,0,0,0,0,0,0,1,0,0.0,0.0,0.0,0.0,0.0,0.0,0.0,0.0,0,0,0,0,0,0,0
71,Micro-74,40,1,5,0,1,0,0,0,1,2018.0,2024.0,0,1,0,0,2,2,2,2,0,0,0,0,7,12.0,12.0,12.0,5,10,10,10,432000.0,540000.0,645000.0,450000.0,6912000.0,8640000.0,10800000.0,7200000.0,74800.0,119520.0,149400.0,99600.0,0.0,0.0,0.0,0.0,0.0,0.0,0.0,0.0,432000.0,540000.0,675000.0,450000.0,17280.0,21600.0,27000.0,18000.0,144000.0,180000.0,225000.0,180000.0,8812080.0,11321120.0,13705400.0,9485600.0,8708700.0,14151400.0,17169250.0,11819500.0,0.0,0.0,0.0,0.0,0.0,0.0,0.0,0.0,8708700.0,14151400.0,17169250.0,11819500.0,0.3,0,1,0,0,750000.0,1219916.0,0.0,0.0,0.0,0.0,15200000.0,0.0,0,0,1,0,0,1,0,0,0.0,0.0,0.0,15200000.0,0.0,0.0,0.0,5000000.0,0,1,0,0,0,0,0
72,Micro-75,70,1,4,0,1,0,0,0,1,2006.0,2024.0,0,1,0,0,1,1,1,1,0,0,0,0,1,1.0,1.0,5.0,0,0,0,4,414720.0,1036800.0,1728000.0,1440000.0,4752000.0,11880000.0,19800000.0,16900000.0,15352.0,38280.0,64800.0,54000.0,0.0,0.0,0.0,0.0,0.0,0.0,0.0,0.0,127600.0,324000.0,540000.0,450000.0,43200.0,108000.0,180000.0,150000.0,43200.0,108000.0,180000.0,150000.0,5396072.0,13495080.0,22492800.0,19144000.0,5998080.0,14995200.0,24992000.0,21300000.0,0.0,0.0,0.0,0.0,0.0,0.0,0.0,0.0,5998080.0,14995200.0,24992000.0,21300000.0,0.12,1,1,0,0,1220000.0,2330000.0,0.0,0.0,0.0,0.0,150000000.0,0.0,0,0,0,0,0,0,1,0,0.0,0.0,0.0,0.0,0.0,0.0,0.0,0.0,0,0,0,0,0,0,0
73,Micro-76,48,1,4,0,1,0,0,0,1,,2024.0,0,1,0,0,1,1,1,1,1,1,1,1,2,2.0,2.0,2.0,0,0,0,0,0.0,0.0,0.0,0.0,60000.0,60000.0,72000.0,72000.0,6000.0,7200.0,14400.0,192000.0,0.0,0.0,0.0,0.0,0.0,0.0,0.0,0.0,0.0,0.0,0.0,0.0,10000.0,10000.0,10000.0,17000.0,10000.0,10000.0,10000.0,15000.0,86000.0,87200.0,106400.0,296000.0,430000.0,436000.0,567000.0,591000.0,0.0,0.0,0.0,0.0,0.0,0.0,0.0,0.0,430000.0,436000.0,567000.0,591000.0,0.5,1,0,0,0,30000.0,68500.0,200000.0,250000.0,300000.0,300000.0,400000.0,0.0,0,0,1,0,0,1,0,0,0.0,0.0,0.0,400000.0,0.0,0.0,0.0,0.0,0,0,0,0,0,0,0
74,Micro-77,49,1,3,0,1,0,0,0,1,2010.0,2024.0,0,1,0,0,1,1,1,1,0,0,0,0,1,1.0,1.0,1.0,0,0,0,0,0.0,0.0,0.0,0.0,300000.0,300000.0,600000.0,600000.0,118000.0,140000.0,340000.0,410000.0,0.0,0.0,0.0,0.0,0.0,0.0,0.0,0.0,0.0,0.0,0.0,0.0,0.0,0.0,0.0,0.0,60000.0,75000.0,100000.0,120000.0,478000.0,515000.0,1040000.0,1130000.0,597500.0,643750.0,1300000.0,141500.0,0.0,0.0,0.0,0.0,0.0,0.0,0.0,0.0,597500.0,643750.0,1300000.0,141500.0,0.1,1,0,0,0,75000.0,113000.0,0.0,0.0,0.0,0.0,0.0,0.0,0,1,0,0,1,0,1,1,2000000.0,7000000.0,3000000.0,3000000.0,0.0,0.0,0.0,0.0,0,0,0,0,0,0,0
75,Micro-78,45,1,5,0,1,0,0,0,1,,2024.0,0,1,0,0,0,0,2,2,0,0,0,0,0,0.0,2.0,2.0,0,0,0,0,0.0,0.0,0.0,0.0,0.0,360000.0,360000.0,450000.0,0.0,74400.0,127440.0,150000.0,0.0,0.0,0.0,0.0,0.0,0.0,0.0,0.0,0.0,48000.0,72000.0,96000.0,0.0,140000.0,300000.0,320000.0,0.0,120000.0,140000.0,160000.0,0.0,742400.0,999440.0,1176000.0,0.0,1404000.0,1663733.0,1960000.0,0.0,0.0,0.0,0.0,0.0,0.0,0.0,0.0,0.0,1404000.0,1663733.0,1960000.0,0.1,1,0,0,0,120000.0,2000000.0,0.0,0.0,300000.0,300000.0,75000000.0,0.0,0,0,1,0,0,1,0,0,0.0,0.0,0.0,75000000.0,0.0,0.0,0.0,0.0,0,0,0,0,0,0,0
76,Micro-79,54,1,4,0,1,0,0,0,1,,2024.0,0,1,0,0,1,1,1,1,0,0,0,0,1,1.0,1.0,1.0,0,0,0,0,0.0,0.0,0.0,0.0,240000.0,240000.0,360000.0,450000.0,24000.0,31200.0,46800.0,60000.0,0.0,0.0,0.0,0.0,0.0,0.0,0.0,0.0,24000.0,48000.0,72000.0,96000.0,24000.0,24000.0,30000.0,32000.0,10000.0,12000.0,14000.0,16000.0,322000.0,355200.0,522800.0,654000.0,402500.0,444000.0,653500.0,817500.0,0.0,0.0,0.0,0.0,0.0,0.0,0.0,0.0,402500.0,444000.0,653500.0,817500.0,0.1,1,0,0,0,40000.0,96250.0,0.0,0.0,300000.0,300000.0,25000.0,0.0,0,0,1,0,0,1,0,0,0.0,0.0,0.0,0.0,0.0,0.0,0.0,0.0,0,0,0,0,0,0,0
77,Micro-80,67,1,11,0,1,0,0,0,1,2021.0,2024.0,0,1,0,0,0,1,1,1,0,0,0,0,0,1.0,2.0,2.0,0,0,1,1,0.0,0.0,108000.0,180000.0,0.0,184520.0,307200.0,384000.0,0.0,76560.0,48000.0,60000.0,0.0,0.0,0.0,0.0,0.0,0.0,0.0,0.0,0.0,28800.0,48000.0,60000.0,0.0,17280.0,28800.0,36000.0,0.0,34560.0,57600.0,72000.0,0.0,341720.0,597600.0,792000.0,0.0,489600.0,996000.0,1320000.0,0.0,0.0,0.0,0.0,0.0,0.0,0.0,0.0,0.0,489600.0,996000.0,1320000.0,0.4,0,1,0,0,25000.0,135000.0,0.0,0.0,0.0,0.0,300000.0,0.0,0,0,1,0,0,1,1,0,0.0,0.0,0.0,0.0,0.0,0.0,0.0,0.0,0,0,0,0,0,0,0
78,Micro-81,56,1,1,0,1,0,0,0,1,2015.0,2024.0,0,1,0,0,0,0,1,1,0,0,0,0,0,0.0,1.0,1.0,0,0,0,0,0.0,0.0,0.0,0.0,0.0,0.0,240000.0,300000.0,0.0,0.0,48000.0,72000.0,0.0,0.0,0.0,0.0,0.0,0.0,0.0,0.0,0.0,0.0,0.0,0.0,0.0,0.0,60000.0,84000.0,0.0,0.0,30000.0,40000.0,0.0,0.0,378000.0,496000.0,0.0,0.0,472500.0,620000.0,0.0,0.0,0.0,0.0,0.0,0.0,0.0,0.0,0.0,0.0,472500.0,620000.0,0.2,1,0,0,0,20000.0,80000.0,0.0,0.0,0.0,0.0,5000000.0,0.0,0,0,0,0,0,0,0,0,0.0,0.0,0.0,0.0,0.0,0.0,0.0,0.0,0,0,0,0,0,0,0
79,Micro-82,40,1,4,0,1,0,0,0,1,2016.0,2024.0,0,1,0,0,0,0,1,1,0,0,0,0,0,0.0,1.0,1.0,0,0,0,0,0.0,0.0,0.0,0.0,126720.0,316800.0,528000.0,600000.0,8640.0,21600.0,36000.0,30000.0,0.0,0.0,0.0,0.0,0.0,0.0,0.0,0.0,25920.0,64800.0,108000.0,90000.0,5144.0,12960.0,21600.0,18000.0,25920.0,64800.0,108000.0,90000.0,192344.0,480960.0,801600.0,828000.0,213760.0,534400.0,890666.0,1009090.0,0.0,0.0,0.0,0.0,0.0,0.0,0.0,0.0,213760.0,534400.0,890666.0,1009090.0,0.2,0,1,0,0,65000.0,168000.0,0.0,0.0,0.0,0.0,20000.0,0.0,0,0,1,0,0,1,1,0,0.0,0.0,0.0,0.0,0.0,0.0,0.0,0.0,0,0,0,0,0,0,0
80,Micro-83,49,1,3,0,1,0,0,0,1,,2024.0,0,1,0,0,1,1,1,1,0,0,0,0,3,3.0,5.0,5.0,2,2,4,4,800000.0,800000.0,1000000.0,1092000.0,498000.0,553392.0,691740.0,768600.0,164000.0,210000.0,322000.0,354000.0,0.0,0.0,0.0,0.0,0.0,0.0,0.0,0.0,48000.0,72000.0,96000.0,120000.0,240000.0,300000.0,320000.0,360000.0,120000.0,140000.0,160000.0,180000.0,1870000.0,2075392.0,2589740.0,2874600.0,2337500.0,2594240.0,3237175.0,3593290.0,0.0,0.0,0.0,0.0,0.0,0.0,0.0,0.0,2337500.0,2594240.0,3237175.0,3593290.0,0.0,1,0,0,0,250000.0,348575.0,0.0,0.0,0.0,0.0,106000000.0,0.0,0,0,0,0,0,0,1,1,0.0,0.0,0.0,125000000.0,0.0,0.0,0.0,0.0,0,0,0,0,0,0,0
81,Micro-84,35,1,1,0,1,0,0,0,1,,2024.0,0,1,0,0,1,1,1,1,1,1,1,1,3,3.0,3.0,3.0,1,1,1,1,600000.0,800000.0,1000000.0,1200000.0,240000.0,360000.0,360000.0,450000.0,204000.0,250000.0,342000.0,474000.0,0.0,0.0,0.0,0.0,960000.0,960000.0,1200000.0,1200000.0,48000.0,72000.0,96000.0,120000.0,240000.0,300000.0,320000.0,360000.0,120000.0,140000.0,160000.0,160000.0,2412000.0,2882000.0,3478000.0,3964000.0,3015000.0,3602500.0,44422500.0,4980000.0,0.0,0.0,0.0,0.0,0.0,0.0,0.0,0.0,3015000.0,3602500.0,44422500.0,4980000.0,0.0,1,0,0,0,350000.0,480000.0,0.0,0.0,0.0,0.0,1500000.0,0.0,0,0,1,0,0,1,1,1,0.0,0.0,0.0,1500000.0,0.0,0.0,0.0,0.0,0,0,0,0,0,0,0
82,Micro-85,46,1,4,0,1,0,0,0,1,2019.0,2024.0,0,1,0,0,1,1,1,1,0,0,0,0,1,1.0,1.0,1.0,0,0,0,0,0.0,0.0,0.0,0.0,46080.0,115200.0,192000.0,240000.0,4746.0,10368.0,17280.0,21600.0,0.0,0.0,0.0,0.0,0.0,0.0,0.0,0.0,6912.0,17280.0,28800.0,36000.0,3456.0,8640.0,14400.0,18000.0,10368.0,25920.0,43200.0,54000.0,199562.0,295808.0,404480.0,468800.0,276337.0,410845.0,586000.0,732500.0,0.0,0.0,0.0,0.0,0.0,0.0,0.0,0.0,276337.0,410845.0,586000.0,732500.0,0.36,1,0,0,0,45000.0,77083.0,0.0,0.0,0.0,0.0,6500000.0,0.0,0,0,0,0,0,0,1,0,0.0,0.0,0.0,6500000.0,0.0,0.0,0.0,0.0,0,0,0,0,0,0,0
83,Micro-86,52,1,5,0,1,0,0,0,1,2014.0,2024.0,0,1,0,0,2,2,2,2,0,0,0,0,2,2.0,2.0,2.0,0,0,0,0,0.0,0.0,0.0,0.0,110000.0,120000.0,130000.0,145600.0,11300.0,12500.0,14200.0,17000.0,0.0,0.0,0.0,0.0,0.0,0.0,0.0,0.0,5500.0,6000.0,7000.0,8000.0,0.0,0.0,0.0,0.0,6800.0,7200.0,8000.0,10000.0,163600.0,153700.0,164200.0,200600.0,800000.0,900000.0,1000000.0,1400000.0,0.0,0.0,0.0,0.0,0.0,0.0,0.0,0.0,800000.0,900000.0,1000000.0,1400000.0,0.0,1,0,0,0,125000.0,250000.0,0.0,0.0,0.0,0.0,1900000.0,0.0,0,0,0,0,0,0,0,0,230000.0,8000.0,5000.0,20000.0,0.0,0.0,0.0,0.0,0,1,0,0,0,0,0
84,Micro-87,55,1,4,0,1,0,0,0,1,2014.0,2024.0,0,1,0,0,5,5,5,5,0,0,0,0,5,5.0,5.0,5.0,0,0,0,0,0.0,0.0,0.0,0.0,788317.0,766361.0,370177.0,850034.0,11300.0,12200.0,13250.0,14500.0,0.0,0.0,0.0,0.0,0.0,0.0,0.0,0.0,6000.0,6500.0,5200.0,7200.0,0.0,0.0,0.0,0.0,0.0,0.0,0.0,0.0,855617.0,785061.0,388627.0,871734.0,182964.0,177860.0,85916.0,197280.0,0.0,0.0,0.0,0.0,0.0,0.0,0.0,0.0,182964.0,177860.0,85916.0,197280.0,0.0,1,0,0,0,13800.0,16750.0,0.0,0.0,0.0,0.0,3000000.0,0.0,0,0,0,0,0,0,1,0,50000.0,30000.0,50000.0,75000.0,0.0,0.0,0.0,0.0,0,0,0,0,0,0,0
85,Micro-88,56,1,4,0,0,1,0,0,1,2017.0,2024.0,0,1,0,0,1,1,1,1,0,0,0,0,1,1.0,1.0,1.0,0,0,0,0,0.0,0.0,0.0,0.0,8000.0,14000.0,20000.0,28000.0,8700.0,9700.0,10800.0,11600.0,0.0,0.0,0.0,0.0,0.0,0.0,0.0,0.0,3000.0,3800.0,2600.0,4200.0,0.0,0.0,0.0,0.0,0.0,0.0,0.0,0.0,24700.0,33700.0,38200.0,50100.0,18000.0,15000.0,26000.0,35000.0,0.0,0.0,0.0,0.0,0.0,0.0,0.0,0.0,18000.0,15000.0,26000.0,35000.0,0.5,1,0,0,0,0.0,0.0,40000.0,40000.0,40000.0,40000.0,100000.0,0.0,0,0,0,0,0,0,0,0,1000000.0,0.0,0.0,0.0,0.0,0.0,0.0,0.0,1,0,0,0,0,0,0
86,Micro-89,42,1,4,0,0,0,0,1,1,2023.0,2024.0,0,1,0,0,4,5,5,5,0,0,0,0,4,5.0,5.0,5.0,0,0,0,0,162000.0,162000.0,192000.0,192000.0,0.0,0.0,0.0,0.0,56300.0,57800.0,61400.0,65700.0,0.0,0.0,0.0,0.0,0.0,0.0,0.0,0.0,64800.0,69000.0,75000.0,96000.0,27000.0,30000.0,35000.0,45000.0,540000.0,600000.0,750000.0,850000.0,850100.0,918800.0,1113400.0,1248700.0,765000.0,924000.0,1339406.0,1217123.0,0.0,0.0,0.0,0.0,0.0,0.0,0.0,0.0,765000.0,924000.0,1339406.0,1217123.0,0.0,1,0,0,0,815665.0,1527545.0,0.0,0.0,0.0,0.0,200000.0,0.0,0,0,0,0,0,0,1,,60000.0,65000.0,72000.0,75000.0,0.0,0.0,0.0,0.0,0,0,0,0,0,0,0
87,Micro-90,57,1,4,0,1,0,0,0,1,2021.0,2024.0,0,1,0,0,3,3,4,4,0,0,0,0,3,3.0,4.0,4.0,0,0,0,0,90000.0,100800.0,140000.0,150000.0,45000.0,52000.0,59000.0,60000.0,22000.0,23200.0,30200.0,36300.0,0.0,0.0,0.0,0.0,0.0,0.0,0.0,0.0,24000.0,26000.0,38000.0,48000.0,6000.0,6000.0,12000.0,15000.0,0.0,0.0,0.0,0.0,187000.0,208000.0,279200.0,309300.0,22000.0,30000.0,52000.0,63000.0,0.0,0.0,0.0,0.0,0.0,0.0,0.0,0.0,22000.0,30000.0,52000.0,63000.0,0.0,1,0,0,0,10000.0,125000.0,54000.0,54000.0,54000.0,54000.0,5600000.0,0.0,0,0,0,0,0,0,0,,0.0,0.0,0.0,0.0,0.0,0.0,0.0,0.0,0,1,0,0,0,0,0
88,Micro-91,40,1,5,0,1,0,0,0,1,2012.0,2024.0,0,1,0,0,2,2,2,2,0,0,0,0,2,2.0,2.0,2.0,0,0,0,0,0.0,0.0,0.0,0.0,200000.0,210000.0,250000.0,300000.0,15500.0,17100.0,18900.0,20700.0,0.0,0.0,0.0,0.0,0.0,0.0,0.0,0.0,7500.0,9000.0,10000.0,12000.0,0.0,0.0,0.0,0.0,0.0,0.0,0.0,0.0,523000.0,336100.0,338900.0,407700.0,250000.0,275000.0,300000.0,360000.0,0.0,0.0,0.0,0.0,0.0,0.0,0.0,0.0,250000.0,275000.0,300000.0,360000.0,0.75,1,0,0,0,12000.0,100000.0,0.0,0.0,0.0,0.0,4600000.0,0.0,0,0,1,0,0,1,0,0,700000.0,650000.0,720000.0,800000.0,0.0,0.0,0.0,0.0,0,1,0,0,0,0,0
89,Micro-92,41,1,4,0,1,0,0,0,1,2009.0,2024.0,0,1,0,0,1,1,2,4,0,0,0,0,1,1.0,2.0,4.0,0,0,0,0,0.0,32000.0,64000.0,96000.0,0.0,24000.0,26500.0,30000.0,0.0,14400.0,19200.0,24000.0,0.0,0.0,0.0,0.0,0.0,0.0,0.0,0.0,0.0,5000.0,8000.0,10000.0,0.0,1500.0,2000.0,3000.0,0.0,10000.0,12000.0,15000.0,0.0,86900.0,131700.0,178000.0,0.0,275000.0,300000.0,350000.0,0.0,0.0,0.0,0.0,0.0,0.0,0.0,0.0,0.0,275000.0,300000.0,350000.0,0.0,1,0,0,0,30000.0,67000.0,0.0,0.0,0.0,0.0,0.0,0.0,0,1,0,0,0,1,1,,0.0,450000.0,100000.0,200000.0,0.0,0.0,0.0,0.0,0,1,0,0,0,0,0
90,Micro-93,40,1,5,0,1,0,0,0,1,2019.0,2024.0,0,1,0,0,2,2,2,3,0,0,0,0,2,2.0,2.0,3.0,0,0,0,0,100000.0,170000.0,190000.0,201600.0,300000.0,350000.0,460000.0,500000.0,21500.0,25000.0,33000.0,58000.0,0.0,0.0,0.0,0.0,0.0,0.0,0.0,0.0,7500.0,9000.0,13000.0,15000.0,0.0,0.0,0.0,0.0,7500.0,6000.0,8000.0,8000.0,496500.0,560000.0,704000.0,1182600.0,220000.0,290000.0,320000.0,410000.0,0.0,0.0,0.0,0.0,0.0,0.0,0.0,0.0,220000.0,290000.0,320000.0,410000.0,0.6,1,0,0,0,0.0,0.0,0.0,0.0,0.0,0.0,4000000.0,0.0,0,0,0,0,0,0,0,0,0.0,200000.0,0.0,400000.0,0.0,0.0,0.0,0.0,0,1,0,0,0,0,0
91,Micro-94,38,1,6,0,0,0,0,1,1,2018.0,2024.0,0,1,0,0,3,0,0,3,0,0,0,0,3,0.0,0.0,3.0,0,0,0,0,14400.0,0.0,0.0,21000.0,25000.0,0.0,0.0,37000.0,6100.0,0.0,0.0,7800.0,0.0,0.0,0.0,0.0,0.0,0.0,0.0,0.0,10000.0,0.0,0.0,18000.0,0.0,0.0,0.0,0.0,6000.0,0.0,0.0,13000.0,76500.0,0.0,0.0,396800.0,100000.0,0.0,0.0,190000.0,0.0,0.0,0.0,0.0,0.0,0.0,0.0,0.0,100000.0,0.0,0.0,190000.0,0.75,1,0,0,0,12000.0,43000.0,60000.0,0.0,0.0,70000.0,7000000.0,0.0,0,1,0,0,1,0,1,0,55000.0,0.0,0.0,325000.0,0.0,0.0,0.0,0.0,0,0,0,0,0,0,0
92,Micro-95,0,1,2,0,1,0,0,0,1,2011.0,2024.0,0,1,0,0,2,3,3,3,0,0,0,0,2,3.0,3.0,3.0,0,0,0,0,0.0,9600.0,10800.0,12000.0,0.0,32000.0,40000.0,65000.0,0.0,9500.0,12800.0,15500.0,0.0,0.0,0.0,0.0,0.0,0.0,0.0,0.0,0.0,6000.0,6500.0,8000.0,0.0,0.0,0.0,0.0,0.0,0.0,8000.0,10000.0,0.0,57100.0,78100.0,110500.0,0.0,60000.0,95000.0,120000.0,0.0,0.0,0.0,0.0,0.0,0.0,0.0,0.0,0.0,60000.0,95000.0,120000.0,0.7,1,0,0,0,0.0,0.0,0.0,0.0,0.0,0.0,0.0,0.0,0,0,0,0,0,0,0,0,0.0,85000.0,0.0,0.0,0.0,0.0,0.0,0.0,0,0,0,0,0,0,0
93,Micro-96,40,1,4,0,0,1,0,0,1,2020.0,2024.0,0,1,0,0,2,2,2,2,0,0,0,0,2,2.0,2.0,2.0,0,0,0,0,0.0,0.0,0.0,0.0,200000.0,200000.0,200000.0,200000.0,22000.0,22000.0,22000.0,22000.0,0.0,0.0,0.0,0.0,0.0,0.0,0.0,0.0,100000.0,100000.0,100000.0,100000.0,0.0,0.0,0.0,0.0,60000.0,60000.0,60000.0,60000.0,742000.0,742000.0,742000.0,742000.0,800000.0,800000.0,800000.0,800000.0,0.0,0.0,0.0,0.0,0.0,0.0,0.0,0.0,800000.0,800000.0,800000.0,800000.0,0.5,1,0,0,0,0.0,0.0,0.0,0.0,0.0,0.0,1200000.0,0.0,0,0,1,0,0,1,1,1,216000.0,216000.0,216000.0,216000.0,0.0,0.0,0.0,0.0,1,0,0,0,0,0,0
94,Micro-97,39,1,4,0,1,0,0,0,1,2020.0,2024.0,0,1,0,0,1,1,1,1,1,1,1,1,2,2.0,2.0,2.0,0,0,0,0,0.0,0.0,0.0,0.0,432000.0,432000.0,432000.0,432000.0,36000.0,60000.0,72000.0,72000.0,0.0,0.0,0.0,0.0,0.0,0.0,0.0,0.0,150000.0,150000.0,120000.0,120000.0,0.0,0.0,0.0,0.0,420000.0,420000.0,600000.0,600000.0,1530000.0,1632000.0,1856000.0,1956000.0,720000.0,720000.0,960000.0,960000.0,0.0,0.0,0.0,0.0,0.0,0.0,0.0,0.0,720000.0,720000.0,960000.0,960000.0,0.6,1,0,0,0,0.0,0.0,0.0,0.0,0.0,0.0,3500000.0,0.0,0,0,1,0,0,0,1,1,490000.0,560000.0,620000.0,720000.0,0.0,0.0,0.0,0.0,1,0,0,0,0,0,0
95,Micro-98,51,1,5,0,1,0,0,0,1,2019.0,2024.0,0,1,0,0,2,2,2,2,0,0,0,0,2,2.0,2.0,2.0,0,0,0,0,0.0,0.0,0.0,0.0,120000.0,100000.0,75000.0,100000.0,112000.0,112000.0,172000.0,72000.0,0.0,0.0,0.0,0.0,0.0,0.0,0.0,0.0,50000.0,50000.0,100000.0,100000.0,0.0,0.0,0.0,0.0,420000.0,420000.0,500000.0,500000.0,2122000.0,2102000.0,2267000.0,2192000.0,3000000.0,3000000.0,3000000.0,3000000.0,0.0,0.0,0.0,0.0,0.0,0.0,0.0,0.0,3000000.0,3000000.0,3000000.0,3000000.0,0.6,1,0,0,0,0.0,0.0,0.0,0.0,0.0,0.0,8300000.0,0.0,0,0,0,0,0,1,0,0,1200000.0,1200000.0,1200000.0,1200000.0,0.0,0.0,0.0,0.0,0,0,0,0,0,0,0
96,Micro-99,48,1,0,0,1,0,0,0,1,,2024.0,0,1,0,0,4,4,4,4,0,0,0,0,4,4.0,4.0,4.0,0,0,0,0,0.0,0.0,0.0,0.0,396000.0,396000.0,396000.0,605000.0,13000.0,13000.0,13000.0,49000.0,0.0,0.0,0.0,0.0,0.0,0.0,0.0,0.0,0.0,0.0,0.0,480000.0,0.0,0.0,0.0,0.0,600000.0,600000.0,600000.0,800000.0,1337800.0,1337000.0,1337800.0,2262000.0,2000000.0,2000000.0,2000000.0,2000000.0,0.0,0.0,0.0,0.0,0.0,0.0,0.0,0.0,2000000.0,2000000.0,2000000.0,2000000.0,0.6,1,0,0,0,0.0,2000000.0,35000.0,35000.0,35000.0,450000.0,10400000.0,0.0,0,0,1,0,0,1,0,1,328000.0,328000.0,328000.0,328000.0,0.0,0.0,0.0,0.0,0,1,0,0,0,0,0
97,Micro-100,38,1,3,0,1,0,0,0,1,2020.0,2024.0,0,1,0,0,1,1,1,1,0,0,0,0,1,1.0,1.0,1.0,0,0,0,0,0.0,0.0,0.0,0.0,200000.0,0.0,300000.0,400000.0,20000.0,0.0,20000.0,20000.0,0.0,0.0,0.0,0.0,0.0,0.0,0.0,0.0,50000.0,0.0,50000.0,50000.0,0.0,0.0,0.0,0.0,0.0,0.0,0.0,0.0,470000.0,0.0,670000.0,870000.0,120000.0,0.0,600000.0,600000.0,0.0,0.0,0.0,0.0,0.0,0.0,0.0,0.0,120000.0,0.0,600000.0,600000.0,0.6,1,0,0,0,0.0,0.0,0.0,0.0,0.0,0.0,4000000.0,0.0,0,0,0,0,0,0,1,1,200000.0,0.0,200000.0,400000.0,0.0,0.0,0.0,0.0,0,0,0,0,0,0,0
98,Micro-101,3,1,3,0,1,0,0,0,1,,2024.0,0,1,0,0,1,1,1,1,2,2,2,2,3,3.0,3.0,3.0,0,0,0,0,15000000.0,15000000.0,15000000.0,15000000.0,7000000.0,7000000.0,7000000.0,7000000.0,228000.0,228000.0,228000.0,228000.0,0.0,0.0,0.0,0.0,365000.0,365000.0,365000.0,365000.0,600000.0,600000.0,600000.0,600000.0,60000.0,60000.0,60000.0,60000.0,65000.0,65000.0,65000.0,65000.0,24318000.0,24318000.0,24318000.0,24318000.0,80000000.0,80000000.0,80000000.0,80000000.0,0.0,0.0,0.0,0.0,0.0,0.0,0.0,0.0,80000000.0,80000000.0,80000000.0,80000000.0,0.5,1,0,0,0,0.0,0.0,0.0,0.0,0.0,0.0,9000000.0,0.0,0,0,1,0,0,1,0,0,700000.0,700000.0,700000.0,700000.0,0.0,0.0,0.0,0.0,0,1,0,0,0,0,0
99,Micro-102,38,1,2,0,1,0,0,0,1,2018.0,2024.0,0,1,0,0,1,1,1,1,0,0,0,0,1,1.0,1.0,1.0,0,0,0,0,0.0,0.0,0.0,0.0,360000.0,360000.0,360000.0,360000.0,72000.0,72000.0,100000.0,100000.0,0.0,0.0,0.0,0.0,60000.0,60000.0,60000.0,96000.0,240000.0,240000.0,240000.0,240000.0,0.0,0.0,0.0,0.0,420000.0,420000.0,420000.0,600000.0,1452000.0,1452000.0,1480000.0,1696000.0,3000000.0,3000000.0,3000000.0,2000000.0,0.0,0.0,0.0,0.0,0.0,0.0,0.0,0.0,3000000.0,3000000.0,3000000.0,2000000.0,0.6,0,1,0,0,0.0,0.0,0.0,0.0,0.0,0.0,0.0,960000.0,0,0,0,0,0,0,0,0,400000.0,400000.0,400000.0,400000.0,0.0,0.0,0.0,0.0,0,0,0,0,0,0,0
100,Micro-103,35,1,5,0,1,0,0,0,1,2016.0,2024.0,0,1,0,0,2,2,2,2,0,0,0,0,2,2.0,2.0,2.0,0,0,0,0,0.0,0.0,0.0,0.0,0.0,0.0,0.0,0.0,12500.0,12500.0,41000.0,41000.0,0.0,0.0,0.0,0.0,200000.0,200000.0,200000.0,200000.0,0.0,0.0,0.0,0.0,300000.0,0.0,0.0,0.0,0.0,0.0,0.0,0.0,1212500.0,912500.0,941000.0,941000.0,1000000.0,6000000.0,6000000.0,1000000.0,0.0,0.0,0.0,0.0,0.0,0.0,0.0,0.0,1000000.0,6000000.0,6000000.0,1000000.0,0.7,1,0,0,0,0.0,0.0,0.0,0.0,0.0,0.0,0.0,0.0,0,1,0,1,0,0,0,0,0.0,0.0,0.0,0.0,200000.0,2000000.0,2000000.0,3500000.0,0,1,1,0,1,0,0
101,Micro-104,38,1,4,0,1,0,0,0,1,,2024.0,0,1,0,0,1,1,1,1,0,0,0,0,1,1.0,3.0,3.0,0,0,2,2,0.0,0.0,300000.0,720000.0,0.0,11520.0,19200.0,24000.0,0.0,46080.0,76800.0,96000.0,0.0,0.0,0.0,0.0,0.0,129600.0,432000.0,720000.0,0.0,17280.0,28800.0,36000.0,0.0,8640.0,14400.0,18000.0,0.0,25920.0,43200.0,54000.0,0.0,239040.0,914400.0,1668000.0,0.0,332000.0,1524000.0,2780000.0,0.0,0.0,0.0,0.0,0.0,0.0,0.0,0.0,0.0,332000.0,1524000.0,2780000.0,0.4,1,0,0,0,165000.0,298333.0,0.0,0.0,0.0,0.0,700000.0,0.0,0,0,1,0,0,1,1,1,0.0,0.0,0.0,0.0,0.0,0.0,0.0,0.0,0,0,0,0,0,0,0
102,Micro-105,37,1,4,0,1,0,0,0,1,,2024.0,0,1,0,0,1,1,1,2,0,0,0,0,1,1.0,1.0,2.0,0,0,0,0,0.0,0.0,0.0,0.0,60000.0,60000.0,72000.0,72000.0,40800.0,40800.0,68400.0,78000.0,0.0,0.0,0.0,0.0,0.0,0.0,0.0,0.0,0.0,0.0,0.0,0.0,10000.0,10000.0,12000.0,12000.0,10000.0,10000.0,15000.0,15000.0,120800.0,120800.0,167400.0,177000.0,604000.0,604000.0,837000.0,885000.0,0.0,0.0,0.0,0.0,0.0,0.0,0.0,0.0,604000.0,604000.0,837000.0,885000.0,0.5,0,1,0,0,50000.0,57500.0,300000.0,300000.0,600000.0,800000.0,1600000.0,0.0,0,0,0,0,0,0,0,0,0.0,0.0,0.0,1600000.0,0.0,0.0,0.0,0.0,0,0,0,0,0,0,0
103,Micro-106,38,1,5,0,1,0,0,0,1,,2024.0,0,1,0,0,1,1,1,1,0,0,0,0,1,1.0,1.0,1.0,0,0,0,0,0.0,0.0,0.0,0.0,240000.0,360000.0,480000.0,600000.0,36000.0,36000.0,68000.0,78000.0,0.0,0.0,0.0,0.0,0.0,0.0,0.0,0.0,60000.0,84000.0,108000.0,180000.0,12000.0,12000.0,24000.0,24000.0,12000.0,15000.0,18000.0,24000.0,360000.0,507000.0,698000.0,906000.0,720000.0,1014000.0,1396000.0,1510000.0,0.0,0.0,0.0,0.0,0.0,0.0,0.0,0.0,720000.0,1014000.0,1396000.0,1510000.0,0.1,0,0,1,0,100000.0,150000.0,240000.0,360000.0,360000.0,420000.0,150000.0,0.0,0,0,1,0,0,1,0,0,0.0,0.0,0.0,0.0,0.0,0.0,0.0,0.0,0,0,0,0,0,0,0
104,Micro-107,55,1,4,0,1,0,0,0,1,,2024.0,0,1,0,0,2,2,2,2,0,0,0,0,2,2.0,2.0,2.0,0,0,0,0,0.0,0.0,0.0,0.0,200000.0,400000.0,500000.0,600000.0,180000.0,180000.0,288000.0,288000.0,0.0,0.0,0.0,0.0,0.0,0.0,0.0,0.0,120000.0,120000.0,180000.0,240000.0,40000.0,50000.0,60000.0,60000.0,0.0,0.0,0.0,0.0,540000.0,750000.0,1028000.0,1188000.0,675000.0,937500.0,1285000.0,1320000.0,0.0,0.0,0.0,0.0,0.0,0.0,0.0,0.0,675000.0,937500.0,1285000.0,1320000.0,0.1,1,0,0,0,70000.0,150000.0,0.0,0.0,400000.0,600000.0,16000000.0,0.0,0,1,0,0,1,0,0,0,2000000.0,5000000.0,8000000.0,10000000.0,0.0,0.0,0.0,0.0,0,0,0,0,0,0,0
105,Micro-108,52,1,6,0,1,0,0,0,1,2019.0,2024.0,0,1,0,0,1,1,1,1,0,0,0,0,1,1.0,1.0,1.0,0,0,0,0,0.0,0.0,0.0,0.0,0.0,100000.0,120000.0,120000.0,98000.0,143000.0,158000.0,174000.0,0.0,0.0,0.0,0.0,0.0,0.0,0.0,0.0,0.0,130000.0,150000.0,180000.0,80000.0,60000.0,60000.0,60000.0,30000.0,50000.0,50000.0,60000.0,1488000.0,1667000.0,1626000.0,1586000.0,0.0,2071250.0,2516923.0,3992000.0,0.0,0.0,0.0,0.0,0.0,0.0,0.0,0.0,0.0,2071250.0,2516923.0,3992000.0,0.2,1,0,0,0,150000.0,382000.0,0.0,0.0,0.0,0.0,75000000.0,0.0,0,0,1,0,0,1,0,0,75000000.0,75000000.0,75000000.0,75000000.0,0.0,0.0,0.0,0.0,0,1,0,0,0,0,0
106,Micro-109,47,1,3,0,1,0,1,0,1,2015.0,2024.0,0,1,0,0,1,1,1,1,0,0,0,0,1,1.0,1.0,1.0,0,0,0,0,0.0,0.0,0.0,0.0,150000.0,180000.0,336000.0,360000.0,20400.0,25200.0,36000.0,46800.0,0.0,0.0,0.0,0.0,0.0,0.0,0.0,0.0,24000.0,48000.0,72000.0,96000.0,24000.0,24000.0,30000.0,32000.0,24000.0,24000.0,30000.0,32000.0,242400.0,301200.0,504000.0,566800.0,303000.0,376500.0,630000.0,708300.0,0.0,0.0,0.0,0.0,0.0,0.0,0.0,0.0,303000.0,376500.0,630000.0,708300.0,0.2,1,0,0,0,0.0,0.0,0.0,0.0,276000.0,276000.0,50000.0,0.0,0,0,1,0,0,1,0,0,0.0,0.0,0.0,50000.0,0.0,0.0,0.0,0.0,0,0,0,0,0,0,0
107,Micro-110,56,1,4,1,0,0,0,0,1,2015.0,2024.0,0,1,0,0,2,2,2,2,0,0,0,0,2,2.0,2.0,2.0,0,0,0,0,0.0,0.0,0.0,0.0,600000.0,2400000.0,3600000.0,4500000.0,180000.0,222000.0,318000.0,440000.0,0.0,0.0,0.0,0.0,600000.0,600000.0,840000.0,960000.0,24000.0,48000.0,72000.0,96000.0,24000.0,30000.0,30000.0,32000.0,48000.0,54000.0,60000.0,64000.0,1476000.0,3354000.0,4920000.0,6092000.0,1845000.0,4185000.0,6150000.0,7622500.0,0.0,0.0,0.0,0.0,0.0,0.0,0.0,0.0,1845000.0,4185000.0,6150000.0,7622500.0,0.1,1,1,0,0,450000.0,820416.0,0.0,0.0,0.0,0.0,1500000.0,0.0,0,0,1,0,0,1,0,0,1500000.0,1500000.0,1500000.0,1500000.0,0.0,0.0,0.0,0.0,0,0,0,0,0,0,0
108,Micro-111,54,1,4,0,1,0,0,0,1,2010.0,2024.0,0,1,0,0,1,1,1,1,0,0,0,0,1,1.0,1.0,1.0,0,0,0,0,0.0,0.0,0.0,0.0,0.0,3600000.0,3600000.0,4500000.0,0.0,74400.0,91440.0,108000.0,0.0,0.0,0.0,0.0,0.0,300000.0,360000.0,420000.0,0.0,48000.0,72000.0,96000.0,0.0,24000.0,30000.0,32000.0,0.0,12000.0,14000.0,16000.0,0.0,4058400.0,4167440.0,5172000.0,0.0,5073000.0,5209300.0,6465000.0,0.0,0.0,0.0,0.0,0.0,0.0,0.0,0.0,0.0,5073000.0,5209300.0,6465000.0,0.1,1,0,0,0,470000.0,607500.0,0.0,0.0,0.0,0.0,100000.0,0.0,0,0,1,0,0,1,0,0,350000.0,400000.0,450000.0,500000.0,0.0,0.0,0.0,0.0,0,0,0,0,0,0,0
109,Micro-112,69,1,3,0,1,0,0,0,1,2015.0,2024.0,0,1,0,0,0,1,1,1,0,0,0,0,0,1.0,4.0,4.0,0,0,3,3,0.0,0.0,1080000.0,1620000.0,0.0,0.0,0.0,0.0,0.0,0.0,24000.0,24000.0,0.0,0.0,0.0,0.0,0.0,0.0,0.0,0.0,0.0,0.0,278000.0,320000.0,0.0,0.0,20000.0,30000.0,0.0,0.0,10000.0,15000.0,0.0,0.0,1412000.0,2009000.0,0.0,0.0,2370000.0,2870000.0,0.0,0.0,0.0,0.0,0.0,0.0,0.0,0.0,0.0,0.0,2370000.0,2870000.0,0.2,1,1,0,0,200000.0,280000.0,0.0,0.0,0.0,0.0,100000.0,0.0,0,0,0,0,0,0,0,0,0.0,0.0,0.0,0.0,0.0,0.0,0.0,0.0,0,0,0,0,0,0,0
110,Micro-113,33,1,4,0,1,0,0,0,1,2017.0,2024.0,0,1,0,0,1,1,1,1,0,0,0,0,2,2.0,2.0,2.0,1,1,1,1,700000.0,720000.0,780000.0,860000.0,400000.0,400000.0,500000.0,800000.0,67000.0,72000.0,76000.0,74000.0,0.0,0.0,0.0,0.0,10000.0,10000.0,15000.0,20000.0,0.0,0.0,0.0,0.0,0.0,0.0,0.0,0.0,10000.0,10000.0,10000.0,10000.0,1257000.0,1277000.0,1441000.0,1819000.0,1800000.0,1950000.0,1900000.0,2500000.0,0.0,0.0,0.0,0.0,0.0,0.0,0.0,0.0,1800000.0,1950000.0,1900000.0,2500000.0,0.8,1,0,0,0,30000.0,80000.0,868000.0,650000.0,650000.0,650000.0,22300000.0,0.0,0,1,0,0,0,1,1,0,500000.0,100000.0,0.0,0.0,480000.0,400000.0,350000.0,300000.0,0,1,1,0,0,0,0
111,Micro-114,55,1,5,0,1,1,0,0,1,2015.0,2024.0,0,1,0,0,1,1,1,1,0,0,0,0,3,3.0,3.0,3.0,2,2,2,2,800000.0,880000.0,900000.0,960000.0,500000.0,600000.0,650000.0,650000.0,103000.0,105000.0,118000.0,130000.0,0.0,0.0,0.0,0.0,0.0,0.0,0.0,0.0,30000.0,50000.0,50000.0,60000.0,0.0,0.0,0.0,0.0,20000.0,20000.0,20000.0,20000.0,1593000.0,1790000.0,1867000.0,1945000.0,3395000.0,3500000.0,4200000.0,4600000.0,0.0,0.0,0.0,0.0,0.0,0.0,0.0,0.0,3395000.0,3500000.0,4200000.0,4600000.0,0.1,0,0,1,0,100000.0,250000.0,1300000.0,1360000.0,1300000.0,1300000.0,23000000.0,0.0,0,1,0,0,1,0,1,0,1500000.0,100000.0,200000.0,200000.0,900000.0,800000.0,700000.0,600000.0,0,1,0,0,0,0,0
112,Micro-115,35,1,3,0,1,0,0,0,1,2020.0,2024.0,0,1,0,0,1,1,1,1,0,0,0,0,2,2.0,2.0,2.0,1,1,1,1,40000.0,45000.0,50000.0,60000.0,250000.0,290000.0,350000.0,500000.0,34000.0,37000.0,41000.0,48000.0,0.0,0.0,0.0,0.0,0.0,0.0,0.0,0.0,5000.0,5000.0,10000.0,20000.0,0.0,0.0,0.0,0.0,10000.0,10000.0,10000.0,10000.0,359000.0,415000.0,489000.0,666000.0,1135000.0,1215000.0,1289000.0,1466000.0,0.0,0.0,0.0,60000.0,0.0,0.0,0.0,0.0,1135000.0,1215000.0,1289000.0,1526000.0,0.8,1,0,0,0,40000.0,125000.0,80000.0,80000.0,80000.0,80000.0,1500000.0,0.0,1,0,0,0,1,0,1,0,280000.0,150000.0,50000.0,50000.0,150000.0,200000.0,150000.0,150000.0,0,1,0,0,0,1,0
113,Micro-116,54,1,5,0,1,0,0,0,1,2014.0,2024.0,0,1,0,0,1,1,1,1,1,1,1,1,2,6.0,7.0,7.0,0,4,5,5,0.0,70000.0,82000.0,85000.0,350000.0,420000.0,575000.0,680000.0,39600.0,47500.0,62800.0,74500.0,0.0,0.0,0.0,0.0,0.0,0.0,0.0,0.0,7500.0,12000.0,22000.0,35000.0,0.0,0.0,0.0,0.0,25000.0,8000.0,13000.0,16000.0,437100.0,572500.0,814800.0,950500.0,760000.0,880000.0,975000.0,1200000.0,0.0,0.0,0.0,0.0,0.0,0.0,0.0,0.0,760000.0,880000.0,975000.0,1200000.0,0.7,1,1,1,0,10000.0,35000.0,0.0,0.0,0.0,0.0,7650000.0,0.0,0,0,0,0,0,1,0,0,380000.0,0.0,750000.0,1500000.0,0.0,0.0,0.0,0.0,0,1,0,0,0,0,0
114,Micro-117,51,1,2,0,1,0,0,0,1,2005.0,2024.0,0,1,0,0,1,1,1,1,0,0,0,0,2,2.0,2.0,2.0,1,1,1,1,0.0,0.0,0.0,0.0,138000.0,97000.0,146000.0,157000.0,16400.0,11500.0,20000.0,26300.0,0.0,0.0,0.0,0.0,0.0,0.0,0.0,0.0,6500.0,7500.0,9500.0,12000.0,0.0,0.0,0.0,0.0,0.0,0.0,0.0,0.0,160900.0,116000.0,175500.0,195300.0,252000.0,150000.0,240000.0,312000.0,0.0,0.0,0.0,0.0,0.0,0.0,0.0,0.0,252000.0,150000.0,240000.0,312000.0,0.0,0,0,0,0,5000.0,14000.0,0.0,0.0,0.0,0.0,4600000.0,0.0,0,0,0,0,0,0,0,0,100000.0,0.0,0.0,0.0,0.0,0.0,0.0,0.0,0,0,0,0,0,0,0
115,Micro-118,54,1,3,0,1,0,0,0,1,2016.0,2024.0,0,1,0,0,1,1,1,1,0,0,0,0,4,4.0,4.0,4.0,3,3,3,3,432000.0,460000.0,525000.0,675000.0,3600000.0,380000.0,420000.0,510000.0,21000.0,32000.0,29500.0,40000.0,0.0,0.0,0.0,0.0,0.0,0.0,0.0,0.0,10000.0,12000.0,13000.0,16000.0,0.0,0.0,0.0,0.0,0.0,0.0,0.0,0.0,4183000.0,1004000.0,1107500.0,1361000.0,1210000.0,1350000.0,1470000.0,1560000.0,0.0,0.0,0.0,0.0,0.0,0.0,0.0,0.0,1210000.0,1350000.0,1470000.0,1560000.0,0.4,1,1,0,0,0.0,0.0,250000.0,280000.0,300000.0,320000.0,8425000.0,0.0,0,0,1,0,0,1,0,0,800000.0,0.0,0.0,0.0,0.0,0.0,0.0,0.0,0,0,0,0,0,0,0
116,Micro-119,42,1,4,0,1,0,0,0,1,,2024.0,0,1,0,0,1,1,1,1,0,0,0,0,2,2.0,2.0,2.0,1,1,1,1,150000.0,145000.0,145000.0,155000.0,420000.0,475000.0,375000.0,520000.0,34400.0,27500.0,31520.0,37500.0,0.0,0.0,0.0,0.0,0.0,0.0,0.0,0.0,5000.0,7500.0,9000.0,13000.0,0.0,0.0,0.0,0.0,0.0,0.0,0.0,0.0,609400.0,655000.0,560520.0,725500.0,1140000.0,1020000.0,975000.0,1250000.0,0.0,0.0,0.0,0.0,0.0,0.0,0.0,0.0,1140000.0,1020000.0,975000.0,1250000.0,0.35,1,1,0,0,0.0,0.0,1020000.0,1020000.0,1020000.0,1250000.0,11375000.0,0.0,0,0,0,0,0,0,0,0,250000.0,0.0,0.0,0.0,0.0,0.0,0.0,0.0,0,0,0,0,0,0,0
117,Micro-120,63,1,6,0,1,0,0,0,1,2019.0,2024.0,0,1,0,0,1,1,1,1,0,0,0,0,1,1.0,1.0,1.0,0,0,0,0,0.0,0.0,0.0,0.0,162000.0,146000.0,135000.0,175000.0,6000.0,7500.0,9700.0,14000.0,0.0,0.0,0.0,0.0,0.0,0.0,0.0,0.0,2500.0,3500.0,4000.0,5500.0,0.0,0.0,0.0,0.0,0.0,0.0,0.0,0.0,185500.0,172000.0,163700.0,209500.0,318000.0,305000.0,295000.0,375000.0,0.0,0.0,0.0,0.0,0.0,0.0,0.0,0.0,318000.0,305000.0,295000.0,375000.0,0.65,1,1,0,0,6000.0,15000.0,230000.0,240000.0,275000.0,310000.0,4075000.0,0.0,0,0,0,0,0,0,0,0,250000.0,0.0,0.0,0.0,0.0,0.0,0.0,0.0,0,0,0,0,0,0,0
118,Micro-121,50,1,5,0,1,0,0,0,1,2011.0,2024.0,0,1,0,0,1,1,1,1,0,0,0,0,1,1.0,1.0,1.0,0,0,0,0,0.0,0.0,0.0,0.0,72000.0,61000.0,55000.0,80000.0,12100.0,10500.0,13100.0,21500.0,0.0,0.0,0.0,0.0,0.0,0.0,0.0,0.0,5000.0,4000.0,3500.0,7500.0,0.0,0.0,0.0,0.0,0.0,0.0,0.0,0.0,99100.0,85500.0,81600.0,109000.0,178000.0,146000.0,135000.0,195000.0,0.0,0.0,0.0,0.0,0.0,0.0,0.0,0.0,178000.0,146000.0,135000.0,195000.0,0.8,1,1,0,0,2000.0,5000.0,600000.0,600000.0,600000.0,720000.0,3250000.0,0.0,0,0,0,0,0,0,0,0,100000.0,0.0,0.0,0.0,0.0,0.0,0.0,0.0,0,0,0,0,0,0,0
119,Micro-122,51,1,5,0,1,0,0,0,1,2019.0,2024.0,0,1,0,0,1,1,1,1,0,0,0,0,1,1.0,1.0,1.0,0,0,0,0,0.0,0.0,0.0,0.0,336000.0,420000.0,345000.0,440000.0,12500.0,14500.0,17000.0,19000.0,0.0,0.0,0.0,0.0,0.0,0.0,0.0,0.0,9000.0,8500.0,7500.0,11000.0,0.0,0.0,0.0,0.0,0.0,0.0,0.0,0.0,357500.0,443000.0,369500.0,470000.0,660000.0,720000.0,640000.0,665000.0,0.0,0.0,0.0,0.0,0.0,0.0,0.0,0.0,660000.0,720000.0,640000.0,665000.0,0.75,1,0,0,0,6000.0,15000.0,0.0,0.0,0.0,0.0,3925000.0,0.0,0,0,0,0,0,0,0,0,75000.0,0.0,0.0,0.0,75000.0,0.0,0.0,0.0,0,0,0,0,0,0,0
120,Micro-123,60,1,5,0,1,0,0,0,1,1989.0,2024.0,0,1,0,0,1,1,1,1,1,1,1,1,8,2.0,2.0,2.0,6,0,0,0,288000.0,0.0,0.0,0.0,384000.0,175000.0,188000.0,210000.0,12500.0,11500.0,17000.0,21000.0,0.0,0.0,0.0,0.0,0.0,0.0,0.0,0.0,22000.0,11000.0,15000.0,16000.0,0.0,0.0,0.0,0.0,0.0,0.0,0.0,0.0,706500.0,197500.0,220000.0,247000.0,960000.0,425000.0,530000.0,475000.0,0.0,0.0,0.0,0.0,0.0,0.0,0.0,0.0,960000.0,425000.0,530000.0,475000.0,0.6,1,1,1,0,100000.0,15000.0,600000.0,600000.0,600000.0,600000.0,7100000.0,0.0,0,0,1,0,0,1,0,0,250000.0,0.0,0.0,0.0,0.0,0.0,0.0,0.0,0,0,0,0,0,0,0
121,Micro-124,,1,5,0,1,0,0,0,1,,2024.0,0,1,0,0,1,1,1,1,0,0,0,0,2,2.0,2.0,2.0,1,1,1,1,0.0,0.0,0.0,0.0,576000.0,426000.0,325000.0,685000.0,41000.0,27500.0,33200.0,46500.0,0.0,0.0,0.0,0.0,0.0,0.0,0.0,0.0,17500.0,11000.0,10500.0,16000.0,0.0,0.0,0.0,0.0,0.0,0.0,0.0,0.0,784500.0,614500.0,383700.0,762500.0,1080000.0,935000.0,680000.0,1240000.0,0.0,0.0,0.0,0.0,0.0,0.0,0.0,0.0,1080000.0,935000.0,680000.0,1240000.0,0.45,0,0,0,0,25000.0,45000.0,420000.0,420000.0,420000.0,420000.0,1200000.0,0.0,0,0,1,0,0,1,0,0,450000.0,0.0,0.0,0.0,0.0,0.0,0.0,0.0,0,1,0,0,0,0,0
122,Micro-125,45,1,4,0,1,0,0,0,1,2011.0,2024.0,0,1,0,0,1,1,1,1,1,0,0,0,3,3.0,4.0,4.0,1,2,3,3,0.0,132000.0,165000.0,185000.0,240000.0,265000.0,280000.0,310000.0,12500.0,15500.0,19700.0,24500.0,0.0,0.0,0.0,0.0,0.0,0.0,0.0,0.0,8500.0,9500.0,11000.0,13500.0,0.0,0.0,0.0,0.0,3000.0,5000.0,7000.0,9500.0,324000.0,487000.0,542700.0,602500.0,660000.0,780000.0,810000.0,935000.0,0.0,0.0,0.0,0.0,0.0,0.0,0.0,0.0,660000.0,780000.0,810000.0,935000.0,0.8,0,0,0,0,0.0,0.0,75000.0,80000.0,80000.0,110000.0,7600000.0,0.0,0,0,0,0,0,0,0,0,650000.0,0.0,0.0,0.0,0.0,0.0,0.0,0.0,0,0,0,0,0,0,0
123,Micro-126,27,1,2,0,1,0,0,0,1,2019.0,2024.0,0,1,0,0,1,1,1,1,0,0,0,0,3,3.0,3.0,3.0,2,2,2,2,600000.0,635000.0,765000.0,765000.0,540000.0,635000.0,725000.0,810000.0,37000.0,42000.0,49500.0,51500.0,0.0,0.0,0.0,0.0,0.0,0.0,0.0,0.0,13000.0,15000.0,19500.0,25000.0,0.0,0.0,0.0,0.0,0.0,0.0,0.0,0.0,1270000.0,1407000.0,1639000.0,1731500.0,1740000.0,1850000.0,1910000.0,1970000.0,0.0,0.0,0.0,0.0,0.0,0.0,0.0,0.0,1740000.0,1850000.0,1910000.0,1970000.0,0.35,1,1,1,0,25000.0,78000.0,120000.0,120000.0,135000.0,145000.0,1000000.0,0.0,0,1,0,0,0,1,0,0,2500000.0,0.0,0.0,0.0,0.0,0.0,0.0,0.0,0,0,0,0,0,0,0
124,Micro-127,43,1,13,0,1,0,0,0,1,2019.0,2024.0,0,1,0,0,1,1,1,1,0,0,0,0,1,1.0,1.0,1.0,0,0,0,0,0.0,0.0,0.0,0.0,132000.0,108000.0,124000.0,135000.0,8000.0,7800.0,12700.0,13800.0,0.0,0.0,0.0,0.0,0.0,0.0,0.0,0.0,3500.0,2500.0,4000.0,5200.0,0.0,0.0,0.0,0.0,0.0,0.0,0.0,0.0,143500.0,118300.0,140700.0,154000.0,144000.0,135000.0,155000.0,176000.0,0.0,0.0,0.0,0.0,0.0,0.0,0.0,0.0,144000.0,135000.0,155000.0,176000.0,0.5,1,1,1,0,5000.0,12000.0,540000.0,540000.0,575000.0,575000.0,6475000.0,0.0,0,0,0,0,0,1,0,0,275000.0,0.0,0.0,0.0,0.0,0.0,0.0,0.0,0,0,0,0,0,0,0
125,Micro-128,51,1,3,0,1,0,0,0,1,1998.0,2024.0,0,1,0,0,1,1,1,1,0,0,0,0,2,2.0,2.0,2.0,1,1,1,1,75000.0,105000.0,120000.0,124000.0,162000.0,180000.0,210000.0,225000.0,7500.0,12000.0,12000.0,16000.0,0.0,0.0,0.0,0.0,0.0,0.0,0.0,0.0,3500.0,4500.0,5500.0,7500.0,0.0,0.0,0.0,0.0,0.0,0.0,0.0,0.0,248000.0,301500.0,347500.0,372500.0,432000.0,485000.0,545000.0,590000.0,0.0,0.0,0.0,0.0,0.0,0.0,0.0,0.0,432000.0,485000.0,545000.0,590000.0,0.45,1,1,0,0,0.0,0.0,600000.0,600000.0,600000.0,720000.0,8450000.0,0.0,0,0,1,0,0,1,0,0,300000.0,0.0,0.0,0.0,0.0,0.0,0.0,0.0,0,0,0,0,0,0,0
126,Micro-129,53,1,4,0,1,0,0,0,1,2012.0,2024.0,0,1,0,0,1,1,1,1,0,0,0,0,2,2.0,2.0,2.0,1,1,1,1,150000.0,150000.0,165000.0,165000.0,168000.0,151000.0,180000.0,195000.0,40800.0,41100.0,45200.0,55000.0,0.0,0.0,0.0,0.0,0.0,0.0,0.0,0.0,8500.0,10500.0,11000.0,13000.0,0.0,0.0,0.0,0.0,2000.0,5000.0,6000.0,7500.0,429300.0,417600.0,467200.0,495500.0,720000.0,675000.0,695000.0,745000.0,0.0,0.0,0.0,0.0,0.0,0.0,0.0,0.0,720000.0,675000.0,695000.0,745000.0,0.8,1,1,1,0,1200.0,35000.0,20000.0,20000.0,50000.0,50000.0,8600000.0,0.0,0,0,0,0,0,0,0,0,800000.0,0.0,0.0,0.0,0.0,0.0,0.0,0.0,0,1,0,0,0,0,0
127,Micro-130,54,1,3,0,1,0,0,0,1,2018.0,2024.0,0,1,0,0,1,1,1,1,0,0,0,0,1,1.0,1.0,1.0,0,0,0,0,0.0,0.0,0.0,0.0,132000.0,147000.0,124000.0,14400.0,10800.0,13700.0,16000.0,21300.0,0.0,0.0,0.0,0.0,0.0,0.0,0.0,0.0,3500.0,6000.0,7500.0,10500.0,0.0,0.0,0.0,0.0,0.0,0.0,0.0,0.0,146300.0,166700.0,147500.0,46200.0,294000.0,325000.0,285000.0,420000.0,0.0,0.0,0.0,0.0,0.0,0.0,0.0,0.0,294000.0,325000.0,285000.0,420000.0,0.8,1,1,0,0,5000.0,16000.0,600000.0,600000.0,600000.0,600000.0,8650000.0,0.0,1,0,0,0,0,0,0,0,125000.0,0.0,0.0,0.0,0.0,0.0,0.0,0.0,0,0,0,0,0,0,0
128,Micro-131,44,1,3,0,1,0,0,0,1,2017.0,2024.0,0,1,0,0,1,1,1,1,0,0,0,0,1,1.0,1.0,1.0,0,0,0,0,0.0,0.0,0.0,0.0,325000.0,275000.0,290000.0,355000.0,9000.0,12000.0,18000.0,22000.0,0.0,0.0,0.0,0.0,0.0,0.0,0.0,0.0,3000.0,4500.0,6000.0,10000.0,0.0,0.0,0.0,0.0,0.0,0.0,0.0,0.0,337000.0,291500.0,314000.0,387000.0,672000.0,655000.0,535000.0,710000.0,0.0,0.0,0.0,0.0,0.0,0.0,0.0,0.0,672000.0,655000.0,535000.0,710000.0,0.85,1,1,1,0,6000.0,14000.0,780000.0,780000.0,820000.0,820000.0,6260000.0,0.0,0,0,0,0,0,0,0,0,175000.0,0.0,0.0,0.0,0.0,0.0,0.0,0.0,0,0,0,0,0,0,0
129,Micro-132,47,1,3,0,1,0,0,0,1,2014.0,2024.0,0,1,0,0,1,1,1,1,0,0,0,0,4,4.0,4.0,4.0,3,3,3,3,150000.0,150000.0,195000.0,215000.0,425000.0,375000.0,535000.0,675000.0,20000.0,23500.0,26500.0,39000.0,0.0,0.0,0.0,0.0,0.0,0.0,0.0,0.0,11000.0,13500.0,16000.0,22000.0,0.0,0.0,0.0,0.0,6000.0,7000.0,9500.0,10000.0,612000.0,569000.0,782000.0,961000.0,1000000.0,800000.0,1100000.0,1600000.0,0.0,0.0,0.0,0.0,0.0,0.0,0.0,0.0,1000000.0,800000.0,1100000.0,1600000.0,0.65,1,1,1,0,0.0,75000.0,300000.0,300000.0,375000.0,525000.0,12200000.0,0.0,0,0,1,0,0,0,0,0,300000.0,0.0,0.0,0.0,0.0,0.0,0.0,0.0,0,0,0,0,0,0,0
130,Micro-133,40,1,5,0,1,0,0,0,1,2016.0,2024.0,0,1,0,0,1,1,1,1,1,1,1,1,3,3.0,4.0,5.0,1,1,2,3,780000.0,780000.0,975000.0,1025000.0,540000.0,620000.0,735000.0,855000.0,14000.0,19000.0,25000.0,36500.0,0.0,0.0,0.0,0.0,0.0,0.0,0.0,0.0,10000.0,12500.0,14000.0,19500.0,0.0,0.0,0.0,0.0,0.0,0.0,0.0,0.0,1464000.0,1551500.0,1869000.0,2056000.0,1980000.0,1995000.0,2230000.0,2550000.0,0.0,0.0,0.0,0.0,0.0,0.0,0.0,0.0,1980000.0,1995000.0,2230000.0,2550000.0,0.75,1,1,1,0,25000.0,75000.0,0.0,0.0,0.0,0.0,10550000.0,0.0,0,1,0,0,0,1,0,0,1500000.0,0.0,0.0,0.0,0.0,0.0,0.0,0.0,0,1,0,0,0,0,0
131,Micro-134,63,1,3,0,1,0,0,0,1,2018.0,2024.0,0,1,0,0,1,1,1,1,0,0,0,0,4,4.0,4.0,4.0,3,3,3,3,465000.0,465000.0,525000.0,525000.0,175000.0,210000.0,2400000.0,290000.0,15000.0,19000.0,24500.0,32500.0,0.0,0.0,0.0,0.0,0.0,0.0,0.0,0.0,11000.0,13000.0,15000.0,17000.0,0.0,0.0,0.0,0.0,0.0,0.0,0.0,0.0,771000.0,832000.0,3089500.0,989500.0,1256000.0,1235000.0,1310000.0,1423000.0,0.0,0.0,0.0,0.0,0.0,0.0,0.0,0.0,1256000.0,1235000.0,1310000.0,1423000.0,0.25,1,1,1,0,0.0,0.0,204000.0,204000.0,204000.0,210000.0,9325000.0,0.0,0,0,0,0,0,0,0,0,1000000.0,400000.0,0.0,0.0,0.0,0.0,0.0,0.0,0,1,0,0,0,0,0
132,Micro-135,39,1,5,0,1,0,0,0,1,2019.0,2024.0,0,1,0,0,1,1,1,1,0,0,0,0,1,1.0,1.0,1.0,0,0,0,0,0.0,0.0,0.0,0.0,120000.0,120000.0,120000.0,120000.0,180000.0,60000.0,60000.0,60000.0,0.0,0.0,0.0,0.0,0.0,0.0,0.0,0.0,48000.0,48000.0,48000.0,48000.0,100000.0,100000.0,100000.0,100000.0,40000.0,40000.0,40000.0,40000.0,688000.0,568000.0,568000.0,568000.0,400000.0,400000.0,400000.0,400000.0,0.0,0.0,0.0,0.0,0.0,0.0,0.0,0.0,400000.0,400000.0,400000.0,400000.0,0.75,1,0,0,0,0.0,0.0,0.0,0.0,0.0,0.0,4300000.0,0.0,0,0,0,0,0,0,0,0,200000.0,200000.0,200000.0,200000.0,0.0,0.0,0.0,0.0,0,0,0,0,0,0,0
133,Micro-136,40,1,5,0,1,0,0,0,1,2011.0,2024.0,0,1,0,0,2,2,2,2,0,0,0,0,2,2.0,2.0,2.0,0,0,0,0,0.0,0.0,0.0,0.0,60000.0,60000.0,60000.0,60000.0,12000.0,12000.0,12000.0,12000.0,0.0,0.0,0.0,0.0,38000.0,38000.0,38000.0,38000.0,0.0,0.0,0.0,0.0,100000.0,100000.0,100000.0,100000.0,240000.0,240000.0,240000.0,250000.0,510000.0,510000.0,510000.0,520000.0,720000.0,720000.0,100000.0,100000.0,0.0,0.0,0.0,0.0,0.0,0.0,0.0,0.0,720000.0,720000.0,100000.0,100000.0,0.6,1,0,0,0,0.0,0.0,0.0,0.0,0.0,0.0,2000000.0,0.0,0,0,0,0,0,0,0,0,345600.0,345600.0,445600.0,445600.0,0.0,0.0,0.0,0.0,0,1,0,0,0,0,0
134,Micro-137,46,1,3,0,1,0,0,0,1,2018.0,2024.0,0,1,0,0,1,1,1,1,0,0,0,0,1,1.0,1.0,1.0,0,0,0,0,0.0,0.0,0.0,0.0,0.0,0.0,0.0,0.0,32000.0,32000.0,32000.0,35000.0,0.0,0.0,0.0,0.0,0.0,0.0,0.0,0.0,0.0,0.0,0.0,0.0,50000.0,50000.0,50000.0,50000.0,100000.0,100000.0,100000.0,100000.0,282000.0,282000.0,242000.0,261000.0,460000.0,460000.0,460000.0,460000.0,0.0,0.0,0.0,0.0,0.0,0.0,0.0,0.0,460000.0,460000.0,460000.0,460000.0,0.8,0,0,1,0,200000.0,0.0,0.0,0.0,0.0,0.0,100000.0,0.0,0,0,1,0,0,1,0,0,0.0,0.0,0.0,0.0,0.0,0.0,0.0,0.0,0,0,0,0,0,0,0
135,Micro-138,48,1,4,0,1,0,0,0,1,,2024.0,0,1,0,0,2,2,2,2,0,0,0,0,4,4.0,4.0,4.0,2,2,2,2,1800000.0,1800000.0,2000000.0,2200000.0,800000.0,800000.0,800000.0,1400000.0,112000.0,132000.0,165000.0,165000.0,0.0,0.0,0.0,0.0,0.0,0.0,0.0,0.0,10000.0,15000.0,25000.0,35000.0,5000.0,5000.0,5000.0,5000.0,10000.0,10000.0,20000.0,20000.0,2809000.0,2832000.0,3080000.0,3885000.0,4250000.0,4500000.0,4900000.0,5330000.0,0.0,0.0,0.0,0.0,0.0,0.0,0.0,0.0,4250000.0,4500000.0,4900000.0,5330000.0,0.0,1,0,0,0,100000.0,180000.0,360000.0,350000.0,400000.0,450000.0,16500000.0,0.0,1,0,0,1,0,0,1,0,625000.0,325000.0,0.0,1020000.0,550000.0,800000.0,750000.0,700000.0,0,1,1,0,0,0,0
136,Micro-139,48,1,5,0,1,0,0,0,1,2018.0,2024.0,0,1,0,0,1,1,1,1,0,0,0,0,3,3.0,3.0,3.0,2,2,2,2,800000.0,800000.0,800000.0,800000.0,300000.0,300000.0,300000.0,300000.0,50000.0,60000.0,60000.0,50000.0,0.0,0.0,0.0,0.0,85000.0,85000.0,85000.0,85000.0,0.0,0.0,0.0,0.0,10000.0,10000.0,10000.0,10000.0,100000.0,100000.0,100000.0,100000.0,1415000.0,1425000.0,1425000.0,1415000.0,2375000.0,2380000.0,2400000.0,2300000.0,0.0,0.0,0.0,0.0,0.0,0.0,0.0,0.0,2375000.0,2380000.0,2400000.0,2300000.0,0.25,0,1,0,0,50000.0,150000.0,50000.0,50000.0,50000.0,50000.0,3900000.0,0.0,0,0,1,0,0,1,1,0,600000.0,0.0,0.0,350000.0,0.0,450000.0,400000.0,650000.0,0,1,0,0,0,0,0
137,Micro-140,58,1,5,0,1,0,0,0,1,2020.0,2024.0,0,1,0,0,1,1,1,1,0,0,0,0,2,2.0,2.0,2.0,1,1,1,1,288000.0,288000.0,360000.0,400000.0,500000.0,600000.0,700000.0,1000000.0,35000.0,37000.0,43000.0,48000.0,0.0,0.0,0.0,0.0,0.0,0.0,0.0,0.0,10000.0,12000.0,15000.0,20000.0,5000.0,5000.0,7000.0,7000.0,10000.0,15000.0,20000.0,25000.0,928000.0,1037000.0,1225000.0,1580000.0,2700000.0,2850000.0,3000000.0,3300000.0,0.0,0.0,0.0,0.0,0.0,0.0,0.0,0.0,2700000.0,2850000.0,3000000.0,3300000.0,0.25,1,0,0,0,95000.0,160000.0,40000.0,45000.0,50000.0,50000.0,9500000.0,0.0,1,0,0,1,0,0,1,0,500000.0,0.0,100000.0,0.0,0.0,0.0,1000000.0,800000.0,0,1,0,0,0,0,0
138,Micro-141,31,1,3,0,1,0,0,0,1,2014.0,2024.0,0,1,0,0,1,1,1,1,0,0,0,0,2,2.0,2.0,2.0,1,1,1,1,600000.0,680000.0,700000.0,800000.0,700000.0,400000.0,800000.0,900000.0,18000.0,21000.0,25000.0,34000.0,0.0,0.0,0.0,0.0,0.0,0.0,0.0,0.0,15000.0,40000.0,50000.0,80000.0,10000.0,10000.0,10000.0,10000.0,20000.0,50000.0,25000.0,40000.0,1363000.0,1201000.0,1610000.0,1864000.0,2100000.0,2035000.0,2440000.0,2700000.0,0.0,0.0,0.0,0.0,0.0,0.0,0.0,0.0,2100000.0,2035000.0,2440000.0,2700000.0,0.6,1,0,0,0,65000.0,100000.0,98000.0,110000.0,140000.0,170000.0,7200000.0,0.0,0,0,0,0,0,1,0,0,200000.0,100000.0,100000.0,0.0,0.0,100000.0,0.0,0.0,0,0,1,0,0,0,0
139,Micro-142,41,1,4,0,1,1,0,0,1,2017.0,2024.0,0,1,0,0,1,1,1,1,0,0,0,0,2,2.0,2.0,2.0,1,1,1,1,500000.0,500000.0,550000.0,600000.0,400000.0,400000.0,400000.0,400000.0,22000.0,24000.0,26000.0,26000.0,0.0,0.0,0.0,0.0,0.0,0.0,0.0,0.0,10000.0,10000.0,20000.0,20000.0,5000.0,5000.0,5000.0,5000.0,10000.0,10000.0,10000.0,10000.0,997000.0,999000.0,1061000.0,1111000.0,1500000.0,1600000.0,1800000.0,2000000.0,0.0,0.0,0.0,0.0,0.0,0.0,0.0,0.0,1500000.0,1600000.0,1800000.0,2000000.0,0.03,1,0,0,0,45000.0,100000.0,80000.0,80000.0,80000.0,90000.0,2500000.0,0.0,0,0,1,0,1,0,1,0,80000.0,0.0,50000.0,0.0,0.0,0.0,0.0,0.0,0,0,0,0,0,0,0
140,Micro-143,43,1,4,0,1,0,0,0,1,2020.0,2024.0,0,1,0,0,1,1,1,1,1,1,1,0,2,2.0,5.0,7.0,0,0,3,6,40000.0,80000.0,1000000.0,1200000.0,0.0,0.0,1800000.0,3600000.0,248000.0,270000.0,292000.0,434400.0,0.0,0.0,0.0,0.0,0.0,0.0,0.0,0.0,0.0,0.0,0.0,0.0,0.0,0.0,0.0,0.0,240000.0,260000.0,280000.0,300000.0,528000.0,610000.0,3372000.0,5534400.0,0.0,0.0,4215000.0,6917500.0,0.0,0.0,0.0,0.0,0.0,0.0,0.0,0.0,0.0,0.0,4215000.0,6917500.0,0.0,0,1,0,0,300000.0,600000.0,240000.0,240000.0,240000.0,240000.0,235000000.0,0.0,0,1,0,0,1,0,1,1,2000000.0,4000000.0,5000000.0,1000000.0,0.0,0.0,0.0,0.0,0,0,0,0,0,0,0
141,Micro-144,25,1,3,0,1,0,0,0,1,2010.0,2024.0,0,1,0,0,1,1,1,1,0,0,0,0,2,2.0,2.0,7.0,1,1,1,6,600000.0,600000.0,2000000.0,3600000.0,150000.0,200000.0,500000.0,600000.0,380000.0,420000.0,790000.0,3960000.0,0.0,0.0,0.0,0.0,480000.0,480000.0,600000.0,720000.0,60000.0,100000.0,160000.0,180000.0,60000.0,100000.0,160000.0,180000.0,150000.0,200000.0,250000.0,300000.0,1880000.0,2100000.0,4460000.0,9540000.0,2350000.0,3750000.0,4460000.0,6540000.0,0.0,0.0,0.0,0.0,0.0,0.0,0.0,0.0,2350000.0,3750000.0,4460000.0,6540000.0,0.1,1,0,0,0,400000.0,690000.0,0.0,0.0,0.0,0.0,5000000.0,0.0,0,1,0,0,0,1,1,1,0.0,0.0,10000000.0,15000000.0,0.0,0.0,0.0,0.0,0,0,0,0,0,0,0
142,Micro-145,40,1,4,0,1,1,0,0,1,1990.0,2024.0,0,1,0,0,9,11,4,1,0,0,0,0,9,11.0,4.0,1.0,0,0,0,0,750000.0,500000.0,450000.0,600000.0,1500000.0,1050000.0,1100000.0,900000.0,93000.0,73000.0,80000.0,65000.0,0.0,0.0,0.0,0.0,0.0,0.0,0.0,0.0,100000.0,90000.0,75000.0,60000.0,150000.0,120000.0,105000.0,90000.0,200000.0,180000.0,240000.0,250000.0,2883000.0,2088000.0,2115000.0,2040000.0,3500000.0,2200000.0,2800000.0,2500000.0,0.0,0.0,0.0,0.0,0.0,0.0,0.0,0.0,3500000.0,2200000.0,2800000.0,2500000.0,0.6,0,0,1,0,55000.0,150000.0,0.0,0.0,0.0,0.0,8000000.0,0.0,0,1,0,0,1,0,1,0,3500000.0,1000000.0,750000.0,750000.0,0.0,0.0,0.0,0.0,0,1,0,0,0,0,0
143,Micro-146,38,1,2,0,1,1,0,0,1,2012.0,2024.0,0,1,0,0,2,2,2,2,0,0,0,0,9,9.0,3.0,3.0,7,7,1,1,1680000.0,1800000.0,420000.0,480000.0,3000000.0,2000000.0,1000000.0,1200000.0,54000.0,59000.0,74000.0,115500.0,0.0,0.0,0.0,0.0,0.0,0.0,0.0,0.0,30000.0,40000.0,15000.0,18000.0,8000.0,8000.0,8000.0,8000.0,10000.0,10000.0,15000.0,15000.0,4807000.0,3941000.0,1555000.0,1858500.0,6000000.0,5975000.0,2900000.0,3025000.0,0.0,0.0,0.0,0.0,0.0,0.0,0.0,0.0,6000000.0,5975000.0,2900000.0,3025000.0,0.5,0,1,0,0,60000.0,120000.0,490000.0,505000.0,80000.0,120000.0,13300000.0,0.0,0,0,1,0,0,0,1,1,350000.0,50000.0,50000.0,25000.0,200000.0,150000.0,100000.0,50000.0,0,1,0,0,0,0,0
144,Micro-147,48,1,4,0,1,0,0,0,1,2009.0,2024.0,0,1,0,0,1,1,1,1,0,0,0,0,3,2.0,3.0,3.0,2,1,2,2,360000.0,200000.0,480000.0,600000.0,5000000.0,5500000.0,6100000.0,6500000.0,54000.0,58000.0,71000.0,70000.0,0.0,0.0,0.0,0.0,0.0,0.0,0.0,0.0,25000.0,25000.0,35000.0,30000.0,0.0,0.0,0.0,0.0,0.0,0.0,0.0,0.0,5679000.0,6013000.0,6906000.0,7415000.0,6800000.0,7000000.0,7500000.0,8800000.0,0.0,0.0,0.0,0.0,0.0,0.0,0.0,0.0,6800000.0,7000000.0,7500000.0,8800000.0,0.1,0,0,1,0,70000.0,125000.0,240000.0,300000.0,300000.0,325000.0,5200000.0,0.0,1,0,0,1,0,0,1,0,300000.0,2000000.0,0.0,0.0,0.0,19000000.0,18000000.0,17000000.0,0,1,0,0,0,0,0
145,Micro-148,52,1,4,0,1,0,0,0,1,2003.0,2024.0,0,1,0,0,2,2,2,2,0,0,0,0,3,3.0,3.0,3.0,1,1,1,1,300000.0,300000.0,450000.0,550000.0,2500000.0,2900000.0,3800000.0,4000000.0,39600.0,43000.0,48000.0,63000.0,0.0,0.0,0.0,0.0,0.0,0.0,0.0,0.0,30000.0,40000.0,50000.0,70000.0,0.0,0.0,0.0,0.0,20000.0,20000.0,25000.0,25000.0,2889600.0,3303000.0,4373000.0,4708000.0,3600000.0,3900000.0,4800000.0,6800000.0,0.0,0.0,0.0,0.0,0.0,0.0,0.0,0.0,3600000.0,3900000.0,4800000.0,6800000.0,0.0,0,0,0,0,140000.0,190000.0,0.0,0.0,0.0,0.0,14000000.0,0.0,1,0,0,1,0,0,1,1,100000.0,100000.0,150000.0,0.0,0.0,0.0,0.0,0.0,0,0,0,0,0,0,0
146,Micro-149,52,1,5,0,1,0,0,0,1,2005.0,2024.0,0,1,0,0,1,1,1,1,0,0,0,0,6,2.0,2.0,2.0,5,1,1,1,250000.0,300000.0,250000.0,350000.0,150000.0,500000.0,550000.0,450000.0,150000.0,100000.0,108000.0,69000.0,0.0,0.0,0.0,0.0,0.0,0.0,0.0,0.0,200000.0,200000.0,150000.0,180000.0,200000.0,180000.0,175000.0,190000.0,400000.0,250000.0,300000.0,140000.0,1470000.0,1660000.0,1673000.0,1529000.0,2500000.0,1800000.0,2100000.0,1800000.0,0.0,0.0,0.0,0.0,0.0,0.0,0.0,0.0,2500000.0,1800000.0,2100000.0,1800000.0,0.0,0,0,1,0,25000.0,90000.0,0.0,0.0,0.0,0.0,3500000.0,0.0,0,1,0,0,1,0,0,0,2400000.0,3000000.0,200000.0,200000.0,0.0,0.0,0.0,0.0,0,1,0,0,1,0,0
147,Micro-150,43,1,6,0,1,0,0,0,1,2019.0,2024.0,0,1,0,0,15,15,15,15,2,2,2,2,17,17.0,17.0,17.0,0,0,0,0,1250000.0,1150000.0,1200000.0,1720000.0,3000000.0,2800000.0,2200000.0,3200000.0,245000.0,245000.0,210000.0,180000.0,0.0,0.0,0.0,0.0,0.0,0.0,0.0,0.0,450000.0,450000.0,420000.0,420000.0,420000.0,420000.0,400000.0,400000.0,600000.0,450000.0,500000.0,480000.0,6465000.0,5965000.0,5230000.0,6700000.0,8000000.0,7500000.0,3500000.0,7600000.0,0.0,0.0,0.0,0.0,0.0,0.0,0.0,0.0,8000000.0,7500000.0,3500000.0,7600000.0,0.25,0,0,1,0,75000.0,150000.0,0.0,0.0,0.0,0.0,17900000.0,0.0,1,0,0,1,0,0,1,1,2000000.0,7000000.0,0.0,3500000.0,0.0,0.0,0.0,0.0,0,1,0,0,0,0,0
148,Micro-151,45,1,4,0,1,0,0,0,1,2014.0,2024.0,0,1,0,0,2,2,2,5,1,1,1,1,3,3.0,3.0,6.0,0,0,0,0,75000.0,0.0,100000.0,80000.0,110000.0,0.0,210000.0,220000.0,61000.0,0.0,110000.0,130000.0,0.0,0.0,0.0,0.0,0.0,0.0,0.0,0.0,25000.0,0.0,35000.0,40000.0,10000.0,0.0,10000.0,20000.0,25000.0,0.0,75000.0,60000.0,306000.0,0.0,562000.0,574000.0,300000.0,0.0,550000.0,480000.0,0.0,0.0,0.0,0.0,0.0,0.0,0.0,0.0,300000.0,0.0,550000.0,480000.0,0.0,0,1,0,0,15000.0,30000.0,0.0,0.0,0.0,0.0,1200000.0,0.0,0,1,0,0,1,0,1,1,600000.0,0.0,900000.0,200000.0,0.0,0.0,0.0,450000.0,0,0,1,0,0,0,0
149,Micro-152,57,1,3,0,1,0,0,0,1,1998.0,2024.0,0,1,0,0,7,3,2,2,0,0,0,0,7,3.0,2.0,2.0,0,0,0,0,450000.0,250000.0,350000.0,600000.0,750000.0,850000.0,750000.0,1200000.0,78000.0,120000.0,130000.0,120000.0,0.0,0.0,0.0,0.0,0.0,0.0,0.0,0.0,180000.0,200000.0,250000.0,250000.0,75000.0,75000.0,100000.0,100000.0,100000.0,180000.0,250000.0,250000.0,1753000.0,1875000.0,2030000.0,2720000.0,1200000.0,2000000.0,2800000.0,3000000.0,0.0,0.0,0.0,0.0,0.0,0.0,0.0,0.0,1200000.0,2000000.0,2800000.0,3000000.0,0.15,0,0,1,0,25000.0,70000.0,0.0,0.0,0.0,0.0,12200000.0,0.0,0,1,0,0,1,0,1,1,1500000.0,0.0,0.0,0.0,0.0,0.0,0.0,0.0,0,1,0,0,1,0,0
150,Micro-153,45,1,4,0,1,0,0,0,1,2019.0,2024.0,0,1,0,0,1,1,1,1,3,1,1,1,4,2.0,2.0,2.0,0,0,0,0,1260000.0,180000.0,360000.0,576000.0,13200000.0,1008000.0,2448000.0,3000000.0,231600.0,66000.0,106800.0,217800.0,0.0,0.0,0.0,0.0,0.0,0.0,0.0,0.0,360000.0,108000.0,360000.0,360000.0,60000.0,4800.0,4800.0,7200.0,360000.0,60000.0,60000.0,96000.0,15471600.0,1426800.0,3339600.0,4257000.0,15960000.0,1680000.0,3720000.0,4620000.0,0.0,0.0,0.0,0.0,0.0,0.0,0.0,0.0,15960000.0,1680000.0,3720000.0,4620000.0,0.3,1,1,1,0,20000.0,60000.0,0.0,0.0,0.0,0.0,26000000.0,0.0,0,1,0,0,1,0,1,1,1500000.0,1500000.0,1500000.0,1500000.0,0.0,0.0,0.0,0.0,0,0,0,0,0,0,0
151,Micro-154,48,1,3,0,1,0,0,0,1,2005.0,2024.0,0,1,0,0,4,0,0,4,0,0,0,0,4,0.0,0.0,4.0,0,0,0,0,120000.0,0.0,0.0,480000.0,1200000.0,0.0,0.0,4800000.0,87000.0,0.0,0.0,102000.0,540000.0,0.0,0.0,540000.0,0.0,0.0,0.0,0.0,30000.0,0.0,0.0,360000.0,0.0,0.0,0.0,10000.0,0.0,0.0,0.0,0.0,1977000.0,0.0,0.0,6292000.0,1987000.0,0.0,0.0,7200000.0,0.0,0.0,0.0,0.0,0.0,0.0,0.0,0.0,1987000.0,0.0,0.0,7200000.0,0.9,1,0,0,0,60000.0,75000.0,0.0,360000.0,360000.0,0.0,2700000.0,0.0,0,1,0,0,1,0,1,1,540000.0,540000.0,540000.0,540000.0,0.0,,0.0,0.0,0,1,0,0,0,0,0
152,Micro-155,52,1,3,0,1,0,0,0,1,2014.0,2024.0,0,1,0,0,1,1,1,1,0,0,0,0,1,1.0,1.0,1.0,0,0,0,0,0.0,0.0,0.0,0.0,24000.0,24000.0,240000.0,240000.0,22800.0,22800.0,36000.0,36000.0,0.0,0.0,0.0,0.0,144000.0,144000.0,144000.0,144000.0,0.0,0.0,0.0,0.0,1000.0,1000.0,5000.0,6000.0,0.0,0.0,0.0,0.0,191800.0,191800.0,425000.0,426000.0,240000.0,24000.0,600000.0,600600.0,0.0,0.0,0.0,0.0,0.0,0.0,0.0,0.0,240000.0,24000.0,600000.0,600600.0,0.95,1,1,0,0,12000.0,15000.0,0.0,0.0,0.0,0.0,400000.0,400000.0,0,0,1,0,0,1,0,0,150000.0,150000.0,400000.0,400000.0,0.0,0.0,0.0,0.0,0,0,0,0,0,0,0
153,Micro-156,50,1,4,0,1,0,0,0,1,2019.0,2024.0,0,1,0,0,2,2,2,2,0,0,0,0,2,2.0,2.0,2.0,0,0,0,0,70800.0,72992.0,95509.0,109900.0,3410.0,3534.0,4101.0,4382.0,23400.0,40300.0,50200.0,54000.0,0.0,0.0,0.0,0.0,0.0,0.0,0.0,0.0,10000.0,10000.0,10000.0,10000.0,0.0,0.0,0.0,0.0,0.0,0.0,0.0,0.0,107610.0,126826.0,159810.0,178282.0,240000.0,244450.0,347800.0,434440.0,0.0,0.0,0.0,0.0,0.0,0.0,0.0,0.0,240000.0,244450.0,347800.0,434440.0,0.5,1,0,0,0,15000.0,20000.0,35000.0,35000.0,40000.0,40000.0,5160000.0,0.0,0,1,0,0,1,0,1,1,100000.0,100000.0,100000.0,100000.0,0.0,0.0,0.0,0.0,0,0,0,0,0,0,0
154,Micro-157,37,1,4,0,1,0,0,0,1,,2024.0,0,1,0,0,1,1,1,1,0,0,0,0,4,4.0,4.0,4.0,3,3,3,3,300000.0,300000.0,300000.0,300000.0,100000.0,100000.0,100000.0,100000.0,140000.0,140000.0,140000.0,140000.0,0.0,0.0,0.0,0.0,0.0,0.0,0.0,0.0,0.0,0.0,0.0,0.0,0.0,0.0,0.0,0.0,10000.0,10000.0,10000.0,100000.0,550000.0,550000.0,550000.0,640000.0,0.0,0.0,0.0,0.0,0.0,0.0,0.0,0.0,0.0,0.0,0.0,0.0,0.0,0.0,0.0,0.0,0.3,1,0,0,0,0.0,0.0,0.0,0.0,0.0,0.0,1000000.0,0.0,0,0,1,0,0,1,1,1,100000.0,100000.0,50000.0,50000.0,0.0,0.0,0.0,0.0,0,1,0,0,0,0,0
155,Micro-158,48,1,4,0,1,0,0,0,1,2020.0,2024.0,0,1,0,0,1,1,1,1,0,0,0,0,1,1.0,1.0,1.0,0,0,0,0,250000.0,250000.0,250000.0,250000.0,100000.0,100000.0,100000.0,100000.0,60000.0,60000.0,60000.0,60000.0,0.0,0.0,0.0,0.0,0.0,0.0,0.0,0.0,0.0,0.0,0.0,0.0,0.0,0.0,0.0,0.0,0.0,0.0,0.0,0.0,410000.0,410000.0,410000.0,410000.0,40000.0,40000.0,40000.0,40000.0,0.0,0.0,0.0,0.0,0.0,0.0,0.0,0.0,40000.0,40000.0,40000.0,40000.0,0.2,1,0,0,0,10000.0,50000.0,0.0,0.0,0.0,0.0,100000.0,0.0,0,0,1,0,0,1,1,1,50000.0,50000.0,50000.0,50000.0,0.0,0.0,0.0,0.0,0,1,0,0,0,0,0
156,Micro-159,56,1,2,0,1,0,0,0,1,2015.0,2024.0,0,1,0,0,1,1,1,1,0,0,0,0,1,1.0,1.0,1.0,0,0,0,0,120000.0,120000.0,120000.0,120000.0,10000.0,10000.0,10000.0,1000.0,60000.0,60000.0,60000.0,60000.0,0.0,0.0,0.0,0.0,0.0,0.0,0.0,0.0,0.0,0.0,0.0,0.0,0.0,0.0,0.0,0.0,10000.0,0.0,0.0,0.0,200000.0,190000.0,190000.0,181000.0,30000.0,30000.0,30000.0,30000.0,0.0,0.0,0.0,0.0,0.0,0.0,0.0,0.0,30000.0,30000.0,30000.0,30000.0,0.2,1,0,0,0,10000.0,30000.0,0.0,0.0,0.0,0.0,1600000.0,0.0,0,0,1,0,0,1,1,0,10000.0,50000.0,30000.0,50000.0,0.0,0.0,0.0,0.0,0,0,0,0,1,0,0
157,Micro-160,39,1,4,0,0,0,1,0,1,2016.0,2024.0,0,1,0,0,1,1,1,1,0,0,0,0,2,2.0,2.0,2.0,1,1,1,1,240000.0,240000.0,240000.0,240000.0,100000.0,100000.0,100000.0,100000.0,80000.0,80000.0,80000.0,80000.0,0.0,0.0,0.0,0.0,0.0,0.0,0.0,0.0,0.0,0.0,0.0,0.0,0.0,0.0,0.0,0.0,0.0,0.0,0.0,0.0,420000.0,420000.0,420000.0,420000.0,50000.0,50000.0,50000.0,50000.0,0.0,0.0,0.0,0.0,0.0,0.0,0.0,0.0,50000.0,50000.0,50000.0,50000.0,0.2,1,0,0,0,10000.0,30000.0,0.0,0.0,0.0,0.0,600000.0,0.0,0,0,1,0,0,1,1,1,60000.0,60000.0,60000.0,60000.0,0.0,0.0,0.0,0.0,0,1,0,0,0,0,0
158,Micro-161,49,1,3,0,1,0,0,0,1,2018.0,2024.0,0,1,0,0,1,1,1,1,0,0,0,0,2,2.0,2.0,2.0,1,1,1,1,250000.0,250000.0,250000.0,250000.0,100000.0,100000.0,100000.0,100000.0,90000.0,90000.0,90000.0,90000.0,0.0,0.0,0.0,0.0,0.0,0.0,0.0,0.0,0.0,0.0,0.0,0.0,0.0,0.0,0.0,0.0,10000.0,10000.0,10000.0,10000.0,450000.0,450000.0,450000.0,450000.0,50000.0,50000.0,50000.0,50000.0,0.0,0.0,0.0,0.0,0.0,0.0,0.0,0.0,50000.0,50000.0,50000.0,50000.0,0.3,1,0,0,0,10000.0,30000.0,0.0,0.0,0.0,0.0,500000.0,0.0,0,0,1,0,0,1,1,0,70000.0,70000.0,70000.0,70000.0,0.0,0.0,0.0,0.0,0,0,1,0,0,0,0
159,Micro-162,49,1,3,0,1,0,0,0,1,2020.0,2024.0,0,1,0,0,1,1,1,1,0,0,0,0,4,4.0,4.0,5.0,3,3,3,4,350000.0,350000.0,350000.0,400000.0,100000.0,100000.0,100000.0,100000.0,90000.0,90000.0,90000.0,90000.0,0.0,0.0,0.0,0.0,150000.0,150000.0,150000.0,150000.0,0.0,0.0,0.0,0.0,0.0,0.0,0.0,0.0,0.0,0.0,0.0,0.0,690000.0,690000.0,690000.0,740000.0,50000.0,50000.0,40000.0,40000.0,0.0,0.0,0.0,0.0,0.0,0.0,0.0,0.0,50000.0,50000.0,40000.0,40000.0,0.1,1,0,0,0,15000.0,40000.0,0.0,0.0,0.0,0.0,100000.0,0.0,0,0,1,0,0,1,1,0,50000.0,50000.0,50000.0,50000.0,0.0,0.0,0.0,0.0,0,0,0,0,1,0,0
160,Micro-163,59,1,4,0,1,0,0,0,1,2016.0,2024.0,0,1,0,0,1,1,1,1,0,0,0,0,4,4.0,4.0,5.0,3,3,3,4,900000.0,900000.0,900000.0,1000000.0,1500000.0,1500000.0,1500000.0,1500000.0,300000.0,300000.0,300000.0,300000.0,0.0,0.0,0.0,0.0,0.0,0.0,0.0,0.0,1200000.0,1200000.0,1200000.0,1200000.0,0.0,0.0,0.0,0.0,500000.0,500000.0,500000.0,500000.0,4400000.0,4400000.0,4400000.0,4500000.0,100000.0,100000.0,10000.0,100000.0,0.0,0.0,0.0,0.0,0.0,0.0,0.0,0.0,100000.0,100000.0,10000.0,100000.0,0.15,1,0,0,0,25000.0,50000.0,0.0,0.0,0.0,0.0,8700000.0,0.0,0,1,0,0,1,0,,1,50000.0,50000.0,50000.0,50000.0,0.0,0.0,0.0,0.0,0,0,0,0,1,0,0
161,Micro-164,43,1,3,0,1,0,0,0,1,2018.0,2024.0,0,1,0,0,1,1,1,1,0,0,0,0,3,3.0,3.0,3.0,2,2,2,2,350000.0,350000.0,350000.0,350000.0,100000.0,100000.0,100000.0,100000.0,70000.0,70000.0,70000.0,70000.0,0.0,0.0,0.0,0.0,0.0,0.0,0.0,0.0,0.0,0.0,0.0,0.0,0.0,0.0,0.0,0.0,0.0,0.0,0.0,0.0,520000.0,520000.0,520000.0,520000.0,50000.0,50000.0,50000.0,50000.0,0.0,0.0,0.0,0.0,0.0,0.0,0.0,0.0,50000.0,50000.0,50000.0,50000.0,0.2,1,0,0,0,10000.0,30000.0,0.0,0.0,0.0,0.0,600000.0,0.0,0,0,1,0,0,1,1,0,100000.0,100000.0,100000.0,100000.0,0.0,0.0,0.0,0.0,0,1,0,0,0,0,0
162,Micro-165,58,1,4,0,1,0,0,0,1,2020.0,2024.0,0,1,0,0,1,1,1,1,0,0,0,0,2,2.0,2.0,2.0,1,1,1,1,220000.0,220000.0,200000.0,250000.0,100000.0,100000.0,100000.0,100000.0,80000.0,80000.0,80000.0,80000.0,0.0,0.0,0.0,0.0,150000.0,150000.0,150000.0,150000.0,0.0,0.0,0.0,0.0,0.0,0.0,0.0,0.0,0.0,0.0,0.0,0.0,550000.0,550000.0,530000.0,580000.0,50000.0,50000.0,50000.0,50000.0,0.0,0.0,0.0,0.0,0.0,0.0,0.0,0.0,50000.0,50000.0,50000.0,50000.0,0.5,1,0,0,0,0.0,0.0,0.0,0.0,0.0,0.0,0.0,0.0,0,0,1,0,0,1,1,0,10000.0,10000.0,10000.0,10000.0,0.0,0.0,0.0,0.0,0,1,0,0,0,0,0
163,Micro-166,48,1,3,0,1,0,0,0,1,2016.0,2024.0,0,1,0,0,1,1,1,1,0,0,0,0,2,2.0,2.0,2.0,1,1,1,1,180000.0,180000.0,180000.0,250000.0,80000.0,80000.0,80000.0,100000.0,80000.0,80000.0,80000.0,80000.0,0.0,0.0,0.0,0.0,100000.0,100000.0,100000.0,100000.0,0.0,0.0,0.0,0.0,0.0,0.0,0.0,0.0,0.0,0.0,0.0,0.0,440000.0,440000.0,440000.0,530000.0,50000.0,50000.0,50000.0,50000.0,0.0,0.0,0.0,0.0,0.0,0.0,0.0,0.0,50000.0,50000.0,50000.0,50000.0,0.3,1,0,0,0,0.0,0.0,0.0,0.0,0.0,0.0,600000.0,0.0,0,0,1,0,0,1,1,0,60000.0,60000.0,40000.0,50000.0,0.0,0.0,0.0,0.0,0,1,0,0,0,0,0
164,Micro-167,53,1,4,0,1,0,0,0,1,2020.0,2024.0,0,1,0,0,1,1,1,1,0,0,0,0,1,1.0,1.0,1.0,0,0,0,0,120000.0,120000.0,120000.0,120000.0,50000.0,50000.0,50000.0,50000.0,60000.0,60000.0,60000.0,60000.0,0.0,0.0,0.0,0.0,0.0,0.0,0.0,0.0,0.0,0.0,0.0,0.0,0.0,0.0,0.0,0.0,0.0,0.0,0.0,0.0,230000.0,230000.0,230000.0,230000.0,40000.0,40000.0,40000.0,40000.0,0.0,0.0,0.0,0.0,0.0,0.0,0.0,0.0,40000.0,40000.0,40000.0,40000.0,0.3,1,0,0,0,10000.0,20000.0,0.0,0.0,0.0,0.0,400000.0,0.0,0,0,1,0,0,1,1,0,50000.0,50000.0,50000.0,50000.0,0.0,0.0,0.0,0.0,0,1,0,0,0,0,0
165,Micro-168,58,1,4,0,1,0,0,0,1,2000.0,2024.0,0,1,0,0,1,1,1,1,0,0,0,0,1,1.0,1.0,1.0,0,0,0,0,0.0,0.0,0.0,0.0,3000000.0,4700000.0,5000000.0,7920000.0,18000.0,33000.0,35500.0,34800.0,0.0,0.0,0.0,0.0,0.0,0.0,0.0,0.0,0.0,0.0,0.0,0.0,0.0,0.0,0.0,0.0,20000.0,23000.0,25000.0,24000.0,3038000.0,4756000.0,5060500.0,7978800.0,100000.0,125000.0,130000.0,132000.0,0.0,0.0,0.0,0.0,0.0,0.0,0.0,0.0,100000.0,125000.0,130000.0,132000.0,0.9,1,0,0,0,0.0,0.0,0.0,0.0,0.0,0.0,4080000.0,0.0,0,0,1,0,0,1,0,0,415000.0,470000.0,525000.0,580000.0,0.0,0.0,0.0,0.0,0,0,0,0,0,0,0
166,Micro-169,50,1,4,0,1,0,0,0,1,2019.0,2024.0,0,1,0,0,1,1,1,1,0,0,0,0,1,1.0,1.0,1.0,0,0,0,0,0.0,0.0,0.0,0.0,80000.0,85000.0,90000.0,100000.0,7500.0,8500.0,9000.0,10000.0,0.0,0.0,0.0,0.0,0.0,0.0,0.0,0.0,17000.0,17500.0,18000.0,20000.0,1500.0,1500.0,2000.0,2000.0,3000.0,3500.0,4000.0,5000.0,109000.0,116000.0,123000.0,137000.0,75000.0,80000.0,85000.0,90000.0,0.0,0.0,0.0,0.0,0.0,0.0,0.0,0.0,75000.0,80000.0,85000.0,90000.0,0.98,1,0,0,0,0.0,0.0,0.0,0.0,0.0,0.0,1020000.0,0.0,0,0,0,0,0,0,0,0,70000.0,75000.0,80000.0,80000.0,0.0,0.0,0.0,0.0,0,0,0,0,0,0,0
167,Micro-170,48,1,4,0,1,0,0,0,1,2020.0,2024.0,0,1,0,0,1,1,1,1,0,0,0,0,1,1.0,1.0,1.0,0,0,0,0,0.0,0.0,0.0,0.0,170000.0,180000.0,200000.0,240000.0,2100.0,2200.0,2300.0,2376.0,0.0,0.0,0.0,0.0,0.0,0.0,0.0,0.0,5300.0,5400.0,5500.0,6000.0,0.0,0.0,0.0,0.0,3300.0,3400.0,3500.0,3600.0,180700.0,191000.0,211300.0,251976.0,115000.0,116000.0,118000.0,120000.0,0.0,0.0,0.0,0.0,480000.0,490000.0,495000.0,500000.0,595000.0,606000.0,613000.0,620000.0,0.35,1,0,0,0,0.0,15000.0,495000.0,496000.0,498000.0,500000.0,2300000.0,1500000.0,0,0,0,0,0,0,0,0,8500.0,8000.0,9000.0,10000.0,0.0,0.0,0.0,0.0,0,0,0,0,0,0,0
168,Micro-171,45,1,5,0,1,0,0,0,1,2019.0,2024.0,0,1,0,0,1,1,1,1,0,0,0,0,3,3.0,3.0,3.0,2,2,2,2,700000.0,750000.0,800000.0,900000.0,20000000.0,22000000.0,30000000.0,36000000.0,270000.0,732000.0,669000.0,435600.0,0.0,0.0,0.0,0.0,0.0,0.0,0.0,0.0,240000.0,240000.0,240000.0,540000.0,45000.0,30000.0,30000.0,50000.0,35000.0,40000.0,50000.0,54000.0,21290000.0,23792000.0,34029000.0,40219600.0,2500000.0,2800000.0,3000000.0,3600000.0,0.0,0.0,0.0,0.0,0.0,0.0,0.0,0.0,2500000.0,2800000.0,3000000.0,3600000.0,0.5,1,0,0,0,8000.0,30000.0,0.0,0.0,0.0,0.0,10840000.0,0.0,1,0,0,1,0,0,0,0,0.0,0.0,0.0,2500000.0,0.0,0.0,0.0,0.0,0,1,0,0,0,0,0
169,Micro-172,50,1,8,0,1,0,0,0,1,2018.0,2024.0,0,1,0,0,1,1,1,1,0,0,0,0,3,3.0,3.0,3.0,2,2,2,2,100000.0,180000.0,200000.0,216000.0,200000.0,200000.0,200000.0,200000.0,50000.0,64000.0,62000.0,60000.0,0.0,0.0,0.0,0.0,240000.0,240000.0,240000.0,240000.0,100000.0,130000.0,140000.0,144000.0,0.0,0.0,0.0,0.0,0.0,0.0,0.0,0.0,690000.0,814000.0,842000.0,860000.0,800000.0,950000.0,1050000.0,1080000.0,0.0,0.0,0.0,0.0,0.0,0.0,0.0,0.0,800000.0,950000.0,1050000.0,1080000.0,0.75,1,0,0,0,0.0,0.0,0.0,0.0,0.0,0.0,6800000.0,0.0,0,1,0,0,1,0,0,0,150000.0,150000.0,150000.0,150000.0,0.0,0.0,0.0,0.0,0,0,0,0,0,0,0
170,Micro-173,39,1,7,0,1,0,0,0,1,2010.0,2024.0,0,1,0,0,1,1,1,1,0,0,0,0,2,2.0,2.0,2.0,1,1,1,1,200000.0,200000.0,200000.0,200000.0,50000.0,50000.0,50000.0,50000.0,100000.0,100000.0,100000.0,100000.0,0.0,0.0,0.0,0.0,0.0,0.0,0.0,0.0,0.0,0.0,0.0,0.0,0.0,0.0,0.0,0.0,10000.0,10000.0,10000.0,10000.0,360000.0,360000.0,360000.0,360000.0,50000.0,50000.0,50000.0,50000.0,0.0,0.0,0.0,0.0,0.0,0.0,0.0,0.0,50000.0,50000.0,50000.0,50000.0,0.2,1,0,0,0,10000.0,50000.0,0.0,0.0,0.0,0.0,100000.0,0.0,0,0,1,0,0,1,1,0,50000.0,50000.0,50000.0,50000.0,0.0,0.0,0.0,0.0,0,1,0,0,0,0,0
171,Micro-174,62,1,5,0,1,0,0,0,1,2020.0,2024.0,0,1,0,0,1,1,1,1,0,0,0,0,1,1.0,1.0,1.0,0,0,0,0,240000.0,240000.0,200000.0,200000.0,100000.0,100000.0,100000.0,100000.0,80000.0,80000.0,90000.0,90000.0,0.0,0.0,0.0,0.0,100000.0,100000.0,100000.0,100000.0,0.0,0.0,0.0,0.0,0.0,0.0,0.0,0.0,0.0,0.0,0.0,0.0,520000.0,520000.0,490000.0,490000.0,40000.0,40000.0,30000.0,30000.0,0.0,0.0,0.0,0.0,0.0,0.0,0.0,0.0,40000.0,40000.0,30000.0,30000.0,0.2,1,0,0,0,0.0,0.0,0.0,0.0,0.0,0.0,600000.0,0.0,0,0,1,0,0,1,1,0,50000.0,50000.0,50000.0,50000.0,0.0,0.0,0.0,0.0,0,1,0,0,0,0,0
172,Micro-175,49,1,3,0,1,0,0,0,1,2018.0,2024.0,0,1,0,0,1,1,1,1,0,0,0,0,3,3.0,3.0,3.0,2,2,2,2,350000.0,350000.0,350000.0,350000.0,100000.0,100000.0,100000.0,100000.0,90000.0,90000.0,90000.0,90000.0,0.0,0.0,0.0,0.0,100000.0,100000.0,100000.0,100000.0,0.0,0.0,0.0,0.0,0.0,0.0,0.0,0.0,0.0,0.0,0.0,0.0,640000.0,640000.0,640000.0,640000.0,50000.0,50000.0,50000.0,50000.0,0.0,0.0,0.0,0.0,0.0,0.0,0.0,0.0,50000.0,50000.0,50000.0,50000.0,0.2,1,0,0,0,0.0,0.0,0.0,0.0,0.0,0.0,500000.0,0.0,0,0,1,0,0,1,1,1,500000.0,500000.0,500000.0,500000.0,0.0,0.0,0.0,0.0,0,1,0,0,0,0,0
173,Micro-176,44,1,6,0,1,0,0,0,1,2019.0,2024.0,0,1,0,0,1,1,1,1,0,0,0,0,3,3.0,3.0,3.0,2,2,2,2,350000.0,350000.0,350000.0,350000.0,100000.0,100000.0,100000.0,100000.0,110000.0,110000.0,110000.0,110000.0,0.0,0.0,0.0,0.0,0.0,0.0,0.0,0.0,0.0,0.0,0.0,0.0,0.0,0.0,0.0,0.0,0.0,0.0,0.0,0.0,562500.0,562500.0,560000.0,560000.0,0.0,0.0,0.0,0.0,0.0,0.0,0.0,0.0,0.0,0.0,0.0,0.0,0.0,0.0,0.0,0.0,0.2,1,0,0,0,0.0,0.0,0.0,0.0,0.0,0.0,2000000.0,0.0,0,0,1,0,0,1,1,0,50000.0,50000.0,50000.0,50000.0,0.0,0.0,0.0,0.0,0,1,0,0,0,0,0
174,Micro-177,48,1,4,0,1,0,0,0,1,,2024.0,0,1,0,0,1,1,1,1,0,0,0,0,3,2.0,2.0,3.0,2,1,1,2,300000.0,200000.0,200000.0,300000.0,100000.0,100000.0,100000.0,100000.0,80000.0,70000.0,70000.0,80000.0,0.0,0.0,0.0,0.0,0.0,0.0,0.0,0.0,0.0,0.0,0.0,0.0,0.0,0.0,0.0,0.0,0.0,0.0,0.0,0.0,480000.0,370000.0,370000.0,480000.0,0.0,0.0,0.0,0.0,0.0,0.0,0.0,0.0,0.0,0.0,0.0,0.0,0.0,0.0,0.0,0.0,0.2,0,1,1,0,0.0,0.0,0.0,0.0,0.0,0.0,0.0,0.0,0,0,1,0,0,1,1,0,50000.0,50000.0,50000.0,50000.0,0.0,0.0,0.0,0.0,0,1,0,0,0,0,0
175,Micro-178,49,1,4,0,1,0,0,0,1,2009.0,2024.0,0,1,0,0,1,1,1,1,0,0,0,0,4,3.0,3.0,4.0,3,2,2,3,350000.0,300000.0,300000.0,350000.0,300000.0,300000.0,300000.0,300000.0,175000.0,175000.0,175000.0,175000.0,0.0,0.0,0.0,0.0,0.0,0.0,0.0,0.0,0.0,0.0,0.0,0.0,0.0,0.0,0.0,0.0,100000.0,100000.0,100000.0,100000.0,926500.0,876500.0,876500.0,925000.0,100000.0,50000.0,25000.0,50000.0,0.0,0.0,0.0,0.0,0.0,0.0,0.0,0.0,100000.0,50000.0,25000.0,50000.0,0.3,1,0,0,0,0.0,0.0,0.0,0.0,0.0,0.0,500000.0,0.0,0,0,1,0,0,1,1,0,50000.0,50000.0,50000.0,50000.0,0.0,0.0,0.0,0.0,0,0,0,0,0,0,0
176,Micro-179,37,1,3,0,1,0,0,0,1,2020.0,2024.0,0,1,0,0,1,1,1,1,0,0,0,0,2,2.0,2.0,2.0,1,1,1,1,250000.0,250000.0,250000.0,250000.0,150000.0,150000.0,150000.0,150000.0,150000.0,150000.0,150000.0,150000.0,0.0,0.0,0.0,0.0,150000.0,150000.0,150000.0,150000.0,0.0,0.0,0.0,0.0,0.0,0.0,0.0,0.0,0.0,0.0,0.0,0.0,700000.0,700000.0,700000.0,700000.0,50000.0,50000.0,50000.0,50000.0,0.0,0.0,0.0,0.0,0.0,0.0,0.0,0.0,50000.0,50000.0,50000.0,50000.0,0.3,1,1,0,0,0.0,0.0,0.0,0.0,0.0,0.0,600000.0,0.0,0,0,1,0,0,1,1,1,100000.0,50000.0,50000.0,50000.0,0.0,0.0,0.0,0.0,0,1,0,0,0,0,0
177,Micro-180,48,1,4,0,1,0,0,0,1,2015.0,2024.0,0,1,0,0,1,1,1,1,0,0,0,0,5,5.0,5.0,4.0,4,4,4,3,1200000.0,1200000.0,1200000.0,1200000.0,1500000.0,1500000.0,1500000.0,1500000.0,800000.0,800000.0,800000.0,800000.0,0.0,0.0,0.0,0.0,0.0,0.0,0.0,0.0,100000.0,100000.0,100000.0,100000.0,100000.0,100000.0,100000.0,100000.0,0.0,0.0,0.0,0.0,3700000.0,3700000.0,3700000.0,3700000.0,1000000.0,1000000.0,1000000.0,1000000.0,0.0,0.0,0.0,0.0,0.0,0.0,0.0,0.0,1000000.0,1000000.0,1000000.0,1000000.0,0.2,1,0,0,0,50000.0,800000.0,0.0,0.0,0.0,0.0,1500000.0,0.0,0,0,1,0,0,1,,1,500000.0,0.0,0.0,0.0,0.0,0.0,0.0,0.0,0,1,0,0,0,0,0
178,Micro-181,58,1,5,0,1,0,0,0,1,2018.0,2024.0,0,1,0,0,1,1,1,1,0,0,0,0,1,1.0,1.0,1.0,0,0,0,0,0.0,0.0,0.0,0.0,0.0,0.0,0.0,0.0,0.0,0.0,0.0,0.0,0.0,0.0,0.0,0.0,0.0,0.0,0.0,0.0,300000.0,720000.0,700000.0,720000.0,550000.0,550000.0,600000.0,600000.0,30000.0,72000.0,70000.0,75000.0,880000.0,1342000.0,1370000.0,1395000.0,100000.0,1500000.0,1800000.0,1900000.0,0.0,0.0,0.0,0.0,35000.0,80000.0,85000.0,90000.0,135000.0,1580000.0,1885000.0,1990000.0,0.6,1,0,0,0,0.0,0.0,50000.0,75000.0,80000.0,90000.0,13000000.0,0.0,1,0,0,1,0,0,0,0,0.0,0.0,0.0,0.0,0.0,0.0,0.0,0.0,0,0,0,0,0,0,0
179,Micro-182,53,1,5,0,1,0,0,0,1,2018.0,2024.0,0,1,0,0,1,1,1,1,0,0,0,0,3,3.0,3.0,3.0,2,2,2,2,500000.0,1300000.0,1360000.0,1368000.0,1500000.0,2000000.0,2200000.0,2400000.0,318000.0,480000.0,537000.0,516000.0,0.0,0.0,0.0,0.0,0.0,0.0,0.0,0.0,300000.0,300000.0,380000.0,360000.0,100000.0,150000.0,150000.0,180000.0,3000000.0,3200000.0,1000000.0,1200000.0,5718000.0,8982000.0,7179000.0,7576000.0,195000.0,250000.0,395000.0,400000.0,0.0,0.0,0.0,0.0,0.0,0.0,0.0,0.0,195000.0,250000.0,395000.0,400000.0,0.2,1,0,0,0,250000.0,500000.0,0.0,0.0,0.0,0.0,9000000.0,0.0,1,0,0,1,0,0,1,1,0.0,0.0,0.0,6300000.0,0.0,0.0,0.0,0.0,0,1,0,0,0,0,0
180,Micro-183,38,1,3,0,1,0,0,0,1,2003.0,2024.0,0,1,0,0,1,1,1,1,0,0,0,0,1,1.0,1.0,1.0,0,0,0,0,0.0,0.0,0.0,0.0,0.0,0.0,0.0,0.0,46000.0,52500.0,53000.0,43600.0,0.0,0.0,0.0,0.0,240000.0,240000.0,240000.0,240000.0,50000.0,90000.0,105000.0,100000.0,0.0,0.0,0.0,0.0,0.0,0.0,0.0,0.0,336000.0,382500.0,398000.0,383600.0,200000.0,360000.0,500000.0,600000.0,0.0,0.0,0.0,0.0,0.0,0.0,0.0,0.0,200000.0,360000.0,500000.0,600000.0,0.75,1,0,0,0,0.0,0.0,0.0,0.0,0.0,0.0,4000000.0,0.0,0,0,0,0,0,0,0,0,0.0,0.0,0.0,38000.0,0.0,0.0,0.0,25000.0,0,1,0,0,0,0,0
181,Micro-184,54,1,4,0,1,0,0,0,1,2015.0,2024.0,0,1,0,0,1,1,1,1,0,0,0,0,2,2.0,2.0,2.0,0,0,0,0,100000.0,340000.0,355000.0,360000.0,50000.0,350000.0,450000.0,500000.0,13000.0,16000.0,17000.0,18000.0,0.0,0.0,0.0,0.0,0.0,0.0,0.0,0.0,0.0,0.0,0.0,0.0,3000.0,5000.0,8000.0,8000.0,0.0,0.0,0.0,0.0,166000.0,711000.0,830000.0,886000.0,150000.0,430000.0,530000.0,540000.0,0.0,0.0,0.0,0.0,0.0,0.0,0.0,0.0,150000.0,430000.0,530000.0,540000.0,0.85,1,0,0,0,0.0,50000.0,0.0,0.0,0.0,0.0,7500000.0,0.0,0,1,0,0,0,0,0,0,0.0,0.0,0.0,1200000.0,0.0,0.0,0.0,0.0,0,0,0,0,0,0,0
182,Micro-185,43,1,8,0,1,0,0,0,1,2014.0,2024.0,0,1,0,0,2,2,2,2,0,0,0,0,2,2.0,2.0,2.0,0,0,0,0,0.0,0.0,0.0,0.0,55000.0,170000.0,180000.0,180000.0,20000.0,25000.0,28000.0,30000.0,0.0,0.0,0.0,0.0,0.0,0.0,0.0,0.0,3000.0,55000.0,58000.0,60000.0,20000.0,250000.0,288000.0,300000.0,0.0,0.0,0.0,0.0,98000.0,500000.0,554000.0,570000.0,0.0,0.0,0.0,936000.0,0.0,0.0,0.0,0.0,0.0,0.0,0.0,0.0,0.0,0.0,0.0,936000.0,0.8,1,0,0,0,650.0,3250.0,850000.0,900000.0,955000.0,960000.0,4005000.0,0.0,0,0,0,0,0,0,0,0,0.0,0.0,0.0,105000.0,0.0,0.0,0.0,0.0,0,0,0,0,0,0,0
183,Micro-186,54,1,4,0,1,0,0,0,1,2009.0,2024.0,0,1,0,0,2,2,2,2,0,0,0,0,2,2.0,2.0,2.0,0,0,0,0,900000.0,1300000.0,1500000.0,1620000.0,10500000.0,11000000.0,12000000.0,12600000.0,48000.0,46500.0,52000.0,72000.0,0.0,0.0,0.0,0.0,360000.0,360000.0,360000.0,360000.0,20000.0,11500.0,12000.0,12000.0,10000.0,21000.0,22000.0,25000.0,0.0,0.0,0.0,0.0,11838000.0,12739000.0,13946000.0,14689000.0,150000.0,170000.0,175000.0,180000.0,0.0,0.0,0.0,0.0,0.0,0.0,0.0,0.0,150000.0,170000.0,175000.0,180000.0,0.8,1,0,0,0,0.0,50000.0,0.0,0.0,0.0,0.0,7000000.0,0.0,0,0,1,0,0,0,0,0,500000.0,80000.0,90000.0,1000000.0,0.0,0.0,0.0,0.0,0,0,0,0,0,0,0
184,Micro-187,53,1,4,0,1,0,0,0,1,2019.0,2024.0,0,1,0,0,2,2,2,2,0,0,0,0,2,2.0,2.0,2.0,0,0,0,0,1000000.0,2790000.0,2800000.0,2880000.0,2000000.0,5000000.0,8500000.0,9000000.0,45000.0,75000.0,90000.0,90000.0,0.0,0.0,0.0,0.0,0.0,0.0,0.0,0.0,20000.0,25000.0,70000.0,75000.0,0.0,0.0,4000.0,5000.0,20000.0,20000.0,75000.0,80000.0,3085000.0,7910000.0,11539000.0,12130000.0,5500000.0,9500000.0,10750000.0,1080000.0,0.0,0.0,0.0,0.0,0.0,0.0,0.0,0.0,5500000.0,9500000.0,10750000.0,1080000.0,0.85,1,0,0,0,0.0,0.0,0.0,0.0,0.0,0.0,7000000.0,0.0,0,0,1,0,0,0,0,0,800000.0,880000.0,950000.0,1000000.0,0.0,0.0,0.0,0.0,0,0,0,0,0,0,0
185,Micro-188,56,1,5,0,1,0,0,0,1,2018.0,2024.0,0,1,0,0,1,1,1,1,0,0,0,0,1,1.0,1.0,1.0,0,0,0,0,0.0,0.0,0.0,0.0,50000.0,88500.0,88000.0,92000.0,18000.0,33200.0,35100.0,37600.0,0.0,0.0,0.0,0.0,0.0,0.0,0.0,0.0,20000.0,34000.0,35500.0,36000.0,0.0,0.0,0.0,0.0,30000.0,32000.0,33000.0,38000.0,118000.0,187700.0,191600.0,203600.0,50000.0,56000.0,58000.0,60000.0,0.0,0.0,0.0,0.0,0.0,0.0,0.0,0.0,50000.0,56000.0,58000.0,60000.0,0.75,1,0,0,0,2000.0,5000.0,0.0,0.0,0.0,0.0,1720000.0,0.0,0,1,0,0,1,0,1,0,50000.0,85000.0,90000.0,100000.0,0.0,0.0,0.0,0.0,0,0,0,0,0,0,0
186,Micro-189,45,1,3,0,1,0,0,0,1,2021.0,2024.0,0,1,0,0,1,1,1,1,0,0,0,0,1,1.0,1.0,1.0,0,0,0,0,0.0,0.0,0.0,0.0,2000000.0,3000000.0,4800000.0,5000000.0,230000.0,310000.0,270000.0,264000.0,0.0,0.0,0.0,0.0,0.0,0.0,0.0,0.0,0.0,0.0,0.0,0.0,0.0,0.0,0.0,0.0,0.0,0.0,0.0,0.0,2230000.0,3310000.0,5070000.0,5264000.0,200000.0,350000.0,400000.0,450000.0,0.0,0.0,0.0,0.0,0.0,0.0,0.0,0.0,200000.0,350000.0,400000.0,450000.0,,0,0,0,1,0.0,0.0,350000.0,400000.0,415000.0,420000.0,2500000.0,0.0,0,0,0,0,0,0,0,0,0.0,0.0,0.0,5000000.0,0.0,0.0,0.0,0.0,0,0,0,0,0,0,0
187,Micro-190,37,1,4,0,1,0,0,0,1,1996.0,2024.0,0,1,0,0,1,1,1,1,0,0,0,0,1,1.0,1.0,1.0,0,0,0,0,0.0,0.0,0.0,0.0,100000.0,300000.0,500000.0,540000.0,50000.0,100000.0,108000.0,60000.0,0.0,0.0,0.0,0.0,0.0,0.0,0.0,0.0,36000.0,36000.0,36000.0,36000.0,10000.0,30000.0,45000.0,50000.0,0.0,0.0,0.0,0.0,196000.0,466000.0,689000.0,686000.0,300000.0,750000.0,800000.0,960000.0,0.0,0.0,0.0,0.0,0.0,0.0,0.0,0.0,300000.0,750000.0,800000.0,960000.0,0.06,1,0,0,0,0.0,0.0,0.0,0.0,0.0,0.0,2200000.0,0.0,0,0,1,0,0,0,0,0,0.0,0.0,0.0,0.0,0.0,0.0,0.0,0.0,0,0,0,0,0,0,0
188,Micro-191,37,1,4,0,1,0,0,0,1,2019.0,2024.0,0,1,0,0,1,1,1,1,0,0,0,0,9,3.0,3.0,3.0,8,2,2,2,240000.0,115000.0,150000.0,180000.0,400000.0,250000.0,260000.0,360000.0,88000.0,124000.0,180000.0,126000.0,0.0,0.0,0.0,0.0,0.0,0.0,0.0,0.0,0.0,0.0,0.0,0.0,200000.0,80000.0,90000.0,100000.0,100000.0,60000.0,50000.0,72000.0,1028000.0,629000.0,730000.0,838000.0,400000.0,150000.0,200000.0,200000.0,0.0,0.0,0.0,0.0,0.0,0.0,0.0,0.0,400000.0,150000.0,200000.0,200000.0,0.15,1,0,0,0,0.0,0.0,25000.0,30000.0,40000.0,50000.0,3400000.0,0.0,0,1,0,0,1,0,0,0,0.0,0.0,0.0,0.0,0.0,0.0,0.0,150000.0,0,1,0,0,0,0,0
189,Micro-192,34,1,4,0,1,0,0,0,1,2021.0,2024.0,0,1,0,0,0,1,1,1,0,0,0,0,0,1.0,1.0,1.0,0,0,0,0,0.0,0.0,0.0,0.0,0.0,48000.0,40000.0,42000.0,0.0,22000.0,25000.0,19200.0,0.0,0.0,0.0,0.0,0.0,0.0,0.0,0.0,0.0,12000.0,13000.0,12000.0,0.0,0.0,0.0,0.0,0.0,0.0,0.0,0.0,0.0,82000.0,78000.0,73200.0,0.0,59000.0,58000.0,60000.0,0.0,0.0,0.0,0.0,0.0,0.0,0.0,0.0,0.0,59000.0,58000.0,60000.0,0.3,1,0,0,0,0.0,0.0,0.0,0.0,0.0,0.0,2300000.0,0.0,0,0,0,0,0,0,0,0,0.0,10000.0,10000.0,10000.0,0.0,0.0,0.0,0.0,0,0,0,0,0,0,0
190,Micro-193,37,1,4,0,1,0,0,0,1,2000.0,2024.0,0,1,0,0,1,1,1,1,0,0,0,0,1,1.0,1.0,1.0,0,0,0,0,0.0,0.0,0.0,0.0,225000.0,230000.0,235000.0,240000.0,2300.0,2600.0,2500.0,2400.0,0.0,0.0,0.0,0.0,0.0,0.0,0.0,0.0,10000.0,14000.0,13000.0,12000.0,0.0,0.0,0.0,0.0,105000.0,110000.0,115000.0,120000.0,342300.0,356600.0,365500.0,374400.0,350000.0,380000.0,400000.0,420000.0,0.0,0.0,0.0,0.0,0.0,0.0,0.0,0.0,350000.0,380000.0,400000.0,420000.0,0.15,1,0,0,0,0.0,0.0,180000.0,200000.0,220000.0,240000.0,8900000.0,0.0,0,0,0,0,0,0,0,0,160000.0,170000.0,185000.0,200000.0,0.0,0.0,0.0,0.0,0,0,0,0,0,0,0
191,Micro-194,38,1,2,0,1,0,0,0,1,2019.0,2024.0,0,1,0,0,1,1,1,1,0,0,0,0,1,1.0,1.0,1.0,0,0,0,0,0.0,0.0,0.0,0.0,80000.0,100000.0,110000.0,120000.0,5000.0,6000.0,6500.0,6564.0,0.0,0.0,0.0,0.0,0.0,0.0,0.0,0.0,15000.0,20000.0,25000.0,24000.0,0.0,0.0,0.0,0.0,150000.0,250000.0,300000.0,36000.0,250000.0,376000.0,441500.0,186564.0,120000.0,160000.0,170000.0,180000.0,0.0,0.0,0.0,0.0,0.0,0.0,0.0,0.0,120000.0,160000.0,170000.0,180000.0,0.9,1,0,0,0,0.0,0.0,0.0,0.0,0.0,0.0,1640000.0,0.0,0,0,0,0,0,0,0,0,25000.0,30000.0,38000.0,40000.0,0.0,0.0,0.0,0.0,0,0,0,0,0,0,0
192,Micro-195,62,1,5,1,0,0,0,0,1,2020.0,2024.0,0,1,0,0,1,1,1,1,0,0,0,0,4,4.0,4.0,4.0,3,3,3,3,150000.0,200000.0,210000.0,210000.0,10000000.0,10000000.0,11000000.0,12000000.0,170000.0,195000.0,194000.0,180000.0,0.0,0.0,0.0,0.0,0.0,0.0,0.0,0.0,90000.0,120000.0,130000.0,120000.0,0.0,0.0,0.0,0.0,50000.0,57000.0,58000.0,60000.0,10460000.0,10572000.0,11592000.0,12570000.0,1000000.0,5000000.0,5500000.0,6000000.0,0.0,0.0,0.0,0.0,0.0,0.0,0.0,0.0,1000000.0,5000000.0,5500000.0,6000000.0,0.5,1,0,0,0,0.0,0.0,0.0,0.0,0.0,0.0,1600000.0,0.0,0,1,0,0,1,0,0,0,100000.0,150000.0,200000.0,200000.0,200000.0,350000.0,500000.0,500000.0,0,0,0,0,0,0,0
193,Micro-196,63,1,2,0,1,0,0,0,1,2015.0,2024.0,0,1,0,0,1,1,1,1,0,0,0,0,3,3.0,1.0,2.0,2,2,0,1,528000.0,480000.0,0.0,396000.0,480000.0,500000.0,0.0,500000.0,30000.0,44000.0,0.0,42000.0,0.0,0.0,0.0,0.0,0.0,0.0,0.0,0.0,28000.0,40000.0,0.0,48000.0,18000.0,20000.0,0.0,24000.0,40000.0,42000.0,0.0,48000.0,1124000.0,1126000.0,0.0,1058000.0,600000.0,800000.0,0.0,1200000.0,0.0,0.0,0.0,0.0,0.0,0.0,0.0,0.0,600000.0,800000.0,0.0,1200000.0,0.1,1,0,0,0,10000.0,100000.0,0.0,0.0,0.0,600000.0,700000.0,0.0,0,0,1,0,0,1,0,0,100000.0,100000.0,0.0,100000.0,250000.0,250000.0,0.0,300000.0,0,0,0,0,0,0,0
194,Micro-197,66,1,3,0,1,0,0,0,1,2014.0,2024.0,0,1,0,0,4,4,2,2,0,0,0,0,4,4.0,2.0,2.0,0,0,0,0,110000.0,110000.0,55000.0,60000.0,0.0,0.0,0.0,0.0,16700.0,16700.0,42700.0,29000.0,0.0,0.0,0.0,0.0,0.0,0.0,0.0,0.0,360000.0,360000.0,480000.0,480000.0,180000.0,180000.0,240000.0,240000.0,60000.0,60000.0,60000.0,60000.0,2046700.0,1861900.0,2012900.0,2004200.0,3600000.0,3700000.0,390000.0,3400000.0,0.0,0.0,0.0,0.0,0.0,0.0,0.0,0.0,3600000.0,3700000.0,390000.0,3400000.0,0.4,1,0,0,0,97760.0,135200.0,0.0,0.0,0.0,0.0,0.0,0.0,0,0,1,0,0,1,,1,2500000.0,0.0,0.0,0.0,0.0,0.0,0.0,0.0,0,1,0,0,0,0,0
195,Micro-198,40,1,4,0,1,0,0,0,1,2015.0,2024.0,0,1,0,0,1,1,1,1,0,0,0,0,1,1.0,1.0,1.0,0,0,0,0,0.0,0.0,0.0,0.0,200000.0,500000.0,700000.0,400000.0,144000.0,150000.0,160000.0,170000.0,0.0,0.0,0.0,0.0,134000.0,134000.0,134000.0,134000.0,0.0,0.0,0.0,0.0,5000.0,5000.0,5000.0,5000.0,0.0,0.0,0.0,0.0,483000.0,789000.0,999000.0,709000.0,550000.0,850000.0,1628000.0,1720000.0,0.0,0.0,0.0,0.0,0.0,0.0,0.0,0.0,550000.0,850000.0,1628000.0,1720000.0,0.5,1,0,0,0,76500.0,92000.0,0.0,0.0,0.0,0.0,150000.0,0.0,0,1,0,1,0,0,1,0,800000.0,800000.0,750000.0,800000.0,0.0,0.0,0.0,0.0,0,1,0,0,0,0,0
196,Micro-199,31,1,5,0,1,0,0,0,1,2018.0,2024.0,0,1,0,0,1,1,1,1,0,0,0,0,1,1.0,1.0,1.0,0,0,0,0,0.0,0.0,0.0,0.0,0.0,0.0,0.0,0.0,48000.0,50000.0,52000.0,47000.0,0.0,0.0,0.0,0.0,0.0,0.0,0.0,0.0,0.0,0.0,0.0,0.0,3000.0,2000.0,4000.0,5000.0,0.0,0.0,0.0,0.0,51000.0,52000.0,56000.0,52000.0,120000.0,130000.0,130000.0,125000.0,0.0,0.0,0.0,0.0,0.0,0.0,0.0,0.0,120000.0,130000.0,130000.0,125000.0,0.9,1,0,0,0,12000.0,20000.0,0.0,0.0,0.0,0.0,6000000.0,0.0,0,0,0,0,0,0,0,0,6000000.0,6000000.0,6000000.0,6000000.0,0.0,0.0,0.0,0.0,0,0,0,0,0,0,0
197,Micro-200,35,1,2,0,1,0,0,0,1,2009.0,2024.0,0,1,0,0,1,1,1,1,0,0,0,0,1,1.0,1.0,1.0,0,0,0,0,0.0,0.0,0.0,0.0,0.0,0.0,0.0,0.0,25000.0,28000.0,28000.0,32000.0,0.0,0.0,0.0,0.0,144000.0,144000.0,144000.0,144000.0,0.0,0.0,0.0,0.0,5000.0,5000.0,5000.0,5000.0,0.0,0.0,0.0,0.0,494000.0,437000.0,527000.0,316000.0,1500000.0,1600000.0,1700000.0,1700000.0,0.0,0.0,0.0,0.0,0.0,0.0,0.0,0.0,1500000.0,1600000.0,1700000.0,1700000.0,0.4,1,0,0,0,30000.0,50000.0,0.0,0.0,0.0,0.0,300000.0,0.0,0,0,0,0,0,0,0,0,1000000.0,0.0,0.0,0.0,0.0,0.0,0.0,0.0,0,0,1,0,0,0,0
198,Micro-201,34,1,4,0,1,0,0,0,1,2020.0,2024.0,0,1,0,0,1,1,1,1,0,0,0,0,1,1.0,1.0,1.0,0,0,0,0,0.0,0.0,0.0,0.0,0.0,0.0,0.0,0.0,24000.0,26000.0,28000.0,30000.0,0.0,0.0,0.0,0.0,0.0,0.0,0.0,0.0,0.0,0.0,0.0,0.0,12000.0,13000.0,9000.0,8000.0,0.0,0.0,0.0,0.0,36000.0,39000.0,37000.0,38000.0,100000.0,180000.0,320000.0,400000.0,0.0,0.0,0.0,0.0,0.0,0.0,0.0,0.0,100000.0,180000.0,320000.0,400000.0,0.0,1,0,0,0,8000.0,25000.0,0.0,0.0,0.0,0.0,2500000.0,0.0,0,0,0,0,0,0,0,0,500000.0,0.0,0.0,0.0,0.0,0.0,0.0,0.0,0,0,0,0,0,0,0
199,Micro-202,50,1,4,0,1,0,0,0,1,,2024.0,0,1,0,0,2,2,2,2,0,0,0,0,2,2.0,2.0,2.0,0,0,0,0,0.0,0.0,0.0,0.0,0.0,0.0,0.0,0.0,30000.0,325000.0,400000.0,380000.0,0.0,0.0,0.0,0.0,0.0,0.0,0.0,0.0,0.0,0.0,0.0,0.0,12000.0,13000.0,14000.0,9900.0,0.0,0.0,0.0,0.0,42000.0,338000.0,414000.0,389900.0,432000.0,450000.0,480000.0,500000.0,0.0,0.0,0.0,0.0,0.0,0.0,0.0,0.0,432000.0,450000.0,480000.0,500000.0,0.8,1,0,0,0,36000.0,45000.0,0.0,0.0,0.0,0.0,550000.0,0.0,0,1,0,0,1,0,0,0,550000.0,550000.0,550000.0,550000.0,0.0,0.0,0.0,0.0,0,0,0,0,0,0,0
200,Micro-203,64,1,4,0,0,1,0,0,1,,2024.0,0,1,0,0,1,1,1,1,0,0,0,0,1,1.0,1.0,1.0,0,0,0,0,0.0,0.0,0.0,0.0,250000.0,300000.0,280000.0,320000.0,16200.0,7800.0,9500.0,10300.0,0.0,0.0,0.0,0.0,0.0,0.0,0.0,0.0,1400.0,1500.0,1600.0,1700.0,1500.0,1500.0,1500.0,1800.0,0.0,0.0,0.0,0.0,269100.0,310800.0,292600.0,333800.0,450000.0,590000.0,475000.0,625000.0,0.0,0.0,0.0,0.0,0.0,0.0,0.0,0.0,450000.0,590000.0,475000.0,625000.0,0.8,1,0,0,0,10000.0,25000.0,0.0,0.0,0.0,0.0,5000000.0,0.0,0,0,1,0,0,1,1,1,250000.0,0.0,0.0,0.0,0.0,0.0,0.0,0.0,0,1,0,0,0,0,0
201,Micro-204,37,1,4,0,1,0,0,0,1,2018.0,2024.0,0,1,0,0,1,1,1,1,0,0,0,0,1,1.0,1.0,1.0,0,0,0,0,250000.0,250000.0,250000.0,250000.0,200000.0,200000.0,200000.0,200000.0,250000.0,250000.0,250000.0,250000.0,0.0,0.0,0.0,0.0,0.0,0.0,0.0,0.0,0.0,0.0,0.0,0.0,0.0,0.0,0.0,0.0,0.0,0.0,0.0,0.0,700000.0,700000.0,700000.0,700000.0,60000.0,60000.0,60000.0,60000.0,0.0,0.0,0.0,0.0,0.0,0.0,0.0,0.0,60000.0,60000.0,60000.0,60000.0,0.2,1,0,0,0,0.0,0.0,0.0,0.0,0.0,0.0,600000.0,0.0,0,0,1,0,0,1,1,0,100000.0,100000.0,100000.0,100000.0,0.0,0.0,0.0,0.0,0,0,0,0,0,0,0
202,Micro-205,24,1,0,1,0,0,0,0,1,,2024.0,0,1,0,0,1,1,1,1,0,0,0,0,1,1.0,1.0,1.0,0,0,0,0,250000.0,250000.0,250000.0,250000.0,200000.0,200000.0,200000.0,200000.0,170000.0,170000.0,170000.0,170000.0,0.0,0.0,0.0,0.0,150000.0,150000.0,150000.0,150000.0,0.0,0.0,0.0,0.0,0.0,0.0,0.0,0.0,0.0,0.0,0.0,0.0,770000.0,770000.0,770000.0,770000.0,50000.0,50000.0,50000.0,50000.0,0.0,0.0,0.0,0.0,0.0,0.0,0.0,0.0,50000.0,50000.0,50000.0,50000.0,0.0,1,0,0,0,0.0,0.0,0.0,0.0,0.0,0.0,1500000.0,0.0,0,0,1,0,0,1,1,1,50000.0,50000.0,50000.0,50000.0,0.0,0.0,0.0,0.0,0,1,0,0,0,0,0
203,Micro-206,61,1,4,0,1,0,0,0,1,,2024.0,0,1,0,0,1,1,1,1,0,0,0,0,2,2.0,1.0,3.0,1,1,0,2,240000.0,240000.0,150000.0,300000.0,100000.0,100000.0,50000.0,150000.0,170000.0,190000.0,190000.0,190000.0,70000.0,0.0,0.0,0.0,150000.0,150000.0,150000.0,150000.0,0.0,0.0,0.0,0.0,0.0,0.0,0.0,0.0,0.0,0.0,0.0,0.0,730000.0,680000.0,540000.0,790000.0,50000.0,50000.0,50000.0,60000.0,0.0,0.0,0.0,0.0,0.0,0.0,0.0,0.0,50000.0,50000.0,50000.0,60000.0,0.5,1,0,0,0,0.0,0.0,0.0,0.0,0.0,0.0,6000000.0,0.0,0,0,1,0,0,1,1,1,500000.0,500000.0,100000.0,200000.0,0.0,0.0,0.0,0.0,0,0,1,0,0,0,0
204,Micro-207,65,1,2,0,1,0,0,0,1,2020.0,2024.0,0,1,0,0,1,1,1,2,0,0,0,0,2,2.0,2.0,4.0,1,1,1,2,180000.0,180000.0,240000.0,240000.0,100000.0,100000.0,100000.0,100000.0,36000.0,36000.0,40000.0,40000.0,0.0,0.0,0.0,0.0,0.0,0.0,0.0,0.0,0.0,0.0,0.0,0.0,0.0,0.0,0.0,0.0,5000.0,5000.0,5000.0,5000.0,321000.0,321000.0,385000.0,385000.0,50000.0,50000.0,50000.0,50000.0,0.0,0.0,0.0,0.0,0.0,0.0,0.0,0.0,50000.0,50000.0,50000.0,50000.0,0.2,1,0,0,0,0.0,0.0,0.0,0.0,0.0,0.0,800000.0,0.0,0,0,1,0,0,1,1,0,50000.0,50000.0,50000.0,50000.0,0.0,0.0,0.0,0.0,0,1,0,0,1,0,0
205,Micro-208,32,1,3,0,1,0,0,0,1,,2024.0,0,1,0,0,1,1,1,1,0,0,0,0,1,1.0,1.0,1.0,0,0,0,0,200000.0,200000.0,200000.0,200000.0,200000.0,200000.0,200000.0,200000.0,150000.0,150000.0,150000.0,150000.0,0.0,0.0,0.0,0.0,120000.0,120000.0,120000.0,120000.0,0.0,0.0,0.0,0.0,0.0,0.0,0.0,0.0,10000.0,10000.0,10000.0,10000.0,680000.0,680000.0,680000.0,680000.0,50000.0,50000.0,50000.0,50000.0,0.0,0.0,0.0,0.0,0.0,0.0,0.0,0.0,50000.0,50000.0,50000.0,50000.0,0.11,1,1,0,0,0.0,0.0,0.0,0.0,0.0,0.0,600000.0,0.0,0,0,1,0,0,0,1,1,100000.0,100000.0,100000.0,100000.0,0.0,0.0,0.0,0.0,0,0,0,0,0,0,0
206,Micro-209,41,1,4,0,1,0,0,0,1,,2024.0,0,1,0,0,1,1,1,1,0,0,0,0,3,3.0,3.0,3.0,2,2,2,2,240000.0,240000.0,240000.0,240000.0,200000.0,200000.0,200000.0,200000.0,150000.0,150000.0,150000.0,150000.0,0.0,0.0,0.0,0.0,0.0,0.0,0.0,0.0,100000.0,100000.0,100000.0,100000.0,100000.0,100000.0,100000.0,100000.0,0.0,0.0,0.0,0.0,790000.0,790000.0,790000.0,790000.0,100000.0,100000.0,100000.0,100000.0,0.0,0.0,0.0,0.0,0.0,0.0,0.0,0.0,100000.0,100000.0,100000.0,100000.0,0.2,1,0,0,0,0.0,0.0,0.0,0.0,0.0,0.0,1000000.0,0.0,0,0,1,0,0,1,1,0,100000.0,100000.0,100000.0,100000.0,0.0,0.0,0.0,0.0,0,1,1,0,1,0,0
207,Micro-210,42,1,4,0,1,0,0,0,1,,2024.0,0,1,0,0,1,1,1,1,0,0,0,0,1,1.0,1.0,1.0,0,0,0,0,240000.0,240000.0,240000.0,240000.0,300000.0,300000.0,300000.0,300000.0,250000.0,250000.0,250000.0,250000.0,0.0,0.0,0.0,0.0,0.0,0.0,0.0,0.0,0.0,0.0,0.0,0.0,0.0,0.0,0.0,0.0,0.0,0.0,0.0,0.0,790000.0,790000.0,790000.0,790000.0,50000.0,50000.0,50000.0,50000.0,0.0,0.0,0.0,0.0,0.0,0.0,0.0,0.0,50000.0,50000.0,50000.0,50000.0,0.2,0,0,0,0,8000.0,15000.0,0.0,0.0,0.0,0.0,800000.0,0.0,0,0,0,0,0,0,1,0,100000.0,100000.0,100000.0,100000.0,0.0,0.0,0.0,0.0,0,1,0,0,0,0,0
208,Micro-211,41,1,1,0,1,0,0,0,1,,2024.0,0,1,0,0,1,1,1,1,0,0,0,0,3,3.0,3.0,3.0,2,2,2,2,240000.0,240000.0,240000.0,240000.0,50000.0,50000.0,50000.0,50000.0,100000.0,100000.0,100000.0,100000.0,0.0,0.0,0.0,0.0,0.0,0.0,0.0,0.0,0.0,0.0,0.0,0.0,0.0,0.0,0.0,0.0,100000.0,100000.0,100000.0,100000.0,490000.0,490000.0,490000.0,490000.0,100000.0,100000.0,100000.0,100000.0,0.0,0.0,0.0,0.0,0.0,0.0,0.0,0.0,100000.0,100000.0,100000.0,100000.0,0.5,1,0,0,0,10000.0,50000.0,0.0,0.0,0.0,0.0,1000000.0,0.0,0,0,1,0,0,1,1,1,500000.0,500000.0,500000.0,500000.0,0.0,0.0,0.0,0.0,0,1,0,0,0,0,0
209,Micro-212,39,1,3,0,1,0,0,0,1,,2024.0,0,1,0,0,1,1,1,1,0,0,0,0,3,3.0,2.0,3.0,2,2,1,2,480000.0,480000.0,240000.0,480000.0,40000.0,40000.0,40000.0,40000.0,80000.0,80000.0,80000.0,80000.0,0.0,0.0,0.0,0.0,0.0,0.0,0.0,0.0,100000.0,100000.0,100000.0,100000.0,0.0,0.0,0.0,0.0,0.0,0.0,0.0,0.0,700000.0,700000.0,460000.0,700000.0,100000.0,100000.0,100000.0,100000.0,0.0,0.0,0.0,0.0,0.0,0.0,0.0,0.0,100000.0,100000.0,100000.0,100000.0,0.2,1,0,0,0,10000.0,80000.0,0.0,0.0,0.0,0.0,700000.0,0.0,0,0,1,0,0,1,1,1,100000.0,100000.0,50000.0,50000.0,0.0,0.0,0.0,0.0,0,0,0,0,0,0,0
210,Micro-213,38,1,3,0,1,0,0,0,1,,2024.0,0,1,0,0,2,2,2,2,0,0,0,0,2,2.0,2.0,2.0,0,0,0,0,980000.0,960000.0,100000.0,100000.0,1500000.0,0.0,0.0,0.0,100000.0,111000.0,148000.0,177000.0,0.0,0.0,0.0,0.0,480000.0,540000.0,600000.0,660000.0,0.0,0.0,0.0,0.0,0.0,0.0,0.0,0.0,0.0,25000.0,0.0,0.0,3476000.0,1636000.0,848000.0,937000.0,3600000.0,400000.0,3500000.0,420000.0,0.0,0.0,0.0,0.0,0.0,0.0,0.0,0.0,3600000.0,400000.0,3500000.0,420000.0,0.4,1,0,0,0,0.0,0.0,0.0,0.0,0.0,0.0,0.0,6000000.0,1,0,0,1,0,0,1,,400000.0,0.0,0.0,0.0,400000.0,0.0,0.0,0.0,0,1,0,0,0,0,0
211,Micro-214,58,1,5,0,1,0,0,0,1,,2024.0,0,1,0,0,1,1,1,1,0,0,0,0,1,1.0,1.0,1.0,0,0,0,0,0.0,0.0,0.0,0.0,420000.0,330000.0,300000.0,320000.0,75000.0,75000.0,48000.0,113000.0,0.0,0.0,0.0,0.0,0.0,0.0,0.0,0.0,0.0,0.0,0.0,0.0,20000.0,21000.0,18000.0,15000.0,9000.0,8000.0,8000.0,10000.0,524000.0,434000.0,374000.0,458000.0,600000.0,520000.0,500000.0,615000.0,0.0,0.0,0.0,0.0,0.0,0.0,0.0,0.0,600000.0,520000.0,500000.0,615000.0,0.3,1,0,0,0,0.0,0.0,0.0,0.0,0.0,0.0,1500000.0,0.0,0,0,1,0,0,1,1,0,300000.0,0.0,0.0,0.0,0.0,0.0,0.0,0.0,0,0,0,0,0,0,0
212,Micro-215,48,1,4,0,1,0,0,0,1,2019.0,2024.0,0,1,0,0,1,1,1,1,1,1,1,1,2,2.0,2.0,2.0,0,0,0,0,0.0,0.0,0.0,0.0,800000.0,1000000.0,1000000.0,1000000.0,117300.0,130000.0,488000.0,195000.0,0.0,0.0,0.0,0.0,0.0,0.0,0.0,0.0,8000.0,7500.0,8000.0,8500.0,15000.0,15000.0,20000.0,25000.0,0.0,0.0,0.0,0.0,940300.0,1152500.0,1626000.0,1228500.0,600000.0,7500000.0,800000.0,8500000.0,0.0,0.0,0.0,0.0,0.0,0.0,0.0,0.0,600000.0,7500000.0,800000.0,8500000.0,0.53,1,0,0,0,0.0,0.0,0.0,0.0,0.0,0.0,7500000.0,0.0,1,0,0,0,1,0,1,,1000000.0,1300000.0,120000.0,1000000.0,0.0,0.0,0.0,0.0,0,1,0,0,0,0,0
213,Micro-216,42,1,4,0,1,0,0,0,1,2006.0,2024.0,0,1,0,0,1,1,1,1,2,0,0,0,3,1.0,1.0,1.0,0,0,0,0,230000.0,0.0,0.0,0.0,400000.0,0.0,0.0,0.0,24000.0,19000.0,17000.0,43000.0,0.0,0.0,0.0,0.0,0.0,0.0,0.0,0.0,0.0,0.0,0.0,0.0,200000.0,300000.0,500000.0,0.0,0.0,0.0,0.0,0.0,854000.0,319000.0,517000.0,593000.0,985000.0,300000.0,320000.0,340000.0,0.0,0.0,0.0,0.0,0.0,0.0,0.0,0.0,985000.0,300000.0,320000.0,340000.0,0.62,1,0,0,0,28000.0,43000.0,0.0,0.0,0.0,0.0,1800000.0,0.0,0,0,1,0,1,0,0,,600000.0,300000.0,500000.0,0.0,0.0,0.0,0.0,500000.0,0,1,1,1,0,0,0
214,Micro-217,38,1,3,0,1,0,0,0,1,,2024.0,0,1,0,0,1,1,1,1,0,0,0,0,1,1.0,1.0,1.0,0,0,0,0,0.0,0.0,0.0,0.0,120000.0,170000.0,190000.0,210000.0,23800.0,24000.0,26600.0,23500.0,0.0,0.0,0.0,0.0,0.0,0.0,0.0,0.0,25000.0,31000.0,28000.0,34000.0,0.0,0.0,0.0,0.0,15000.0,18000.0,12000.0,14200.0,183800.0,243000.0,256600.0,281700.0,140000.0,183000.0,180000.0,235000.0,0.0,0.0,0.0,0.0,0.0,0.0,0.0,0.0,140000.0,183000.0,180000.0,235000.0,0.3,1,0,0,0,0.0,25000.0,65000.0,65000.0,70000.0,73000.0,0.0,0.0,0,1,0,0,1,0,1,,0.0,0.0,0.0,0.0,0.0,0.0,0.0,0.0,0,0,0,0,0,0,0
215,Micro-218,74,1,4,0,1,0,0,0,1,2023.0,2024.0,0,1,0,0,0,1,1,1,0,0,0,0,1,1.0,1.0,1.0,0,0,0,0,0.0,0.0,0.0,0.0,0.0,175000.0,180000.0,200000.0,0.0,5000.0,6000.0,8000.0,0.0,0.0,0.0,0.0,0.0,0.0,0.0,0.0,0.0,15000.0,20000.0,22000.0,0.0,0.0,0.0,0.0,0.0,0.0,0.0,0.0,0.0,195000.0,206000.0,230000.0,0.0,500000.0,525000.0,650000.0,0.0,0.0,0.0,0.0,0.0,0.0,0.0,0.0,0.0,500000.0,525000.0,650000.0,0.42,1,0,0,0,0.0,75000.0,0.0,0.0,0.0,0.0,0.0,0.0,0,1,0,0,0,1,1,,0.0,0.0,180000.0,225000.0,0.0,0.0,0.0,0.0,0,0,0,0,0,0,0
216,Micro-219,53,1,5,0,1,0,0,0,1,2014.0,2024.0,0,1,0,0,1,1,1,1,0,0,0,0,1,1.0,1.0,1.0,0,0,0,0,0.0,0.0,0.0,0.0,50000.0,60000.0,65000.0,750000.0,0.0,700.0,900.0,900.0,0.0,0.0,0.0,0.0,0.0,0.0,0.0,0.0,120000.0,125000.0,130000.0,125000.0,0.0,0.0,0.0,0.0,15000.0,15000.0,20000.0,25000.0,185000.0,200700.0,215900.0,900900.0,0.0,0.0,0.0,0.0,0.0,0.0,0.0,0.0,0.0,0.0,0.0,0.0,0.0,0.0,0.0,0.0,0.6,1,0,0,0,54000.0,120000.0,0.0,0.0,0.0,0.0,0.0,0.0,1,0,0,0,1,0,1,,840000.0,1950000.0,1800000.0,2200000.0,0.0,0.0,0.0,0.0,0,0,0,0,0,0,0
217,Micro-220,72,1,7,0,1,0,0,0,1,2018.0,2024.0,0,1,0,0,2,2,2,1,0,0,0,0,2,2.0,2.0,1.0,0,0,0,0,960000.0,1900000.0,1200000.0,800000.0,0.0,0.0,0.0,0.0,19500.0,21100.0,23500.0,20500.0,0.0,0.0,0.0,0.0,0.0,0.0,0.0,0.0,75000.0,70000.0,800000.0,60000.0,0.0,0.0,0.0,0.0,0.0,0.0,0.0,0.0,2654500.0,3391100.0,3473500.0,2440500.0,3100000.0,3575000.0,4200000.0,3800000.0,0.0,0.0,0.0,0.0,0.0,0.0,0.0,0.0,3100000.0,3575000.0,4200000.0,3800000.0,0.45,1,0,0,0,0.0,1200000.0,0.0,0.0,0.0,0.0,0.0,0.0,1,0,0,1,0,0,1,,3000000.0,2500000.0,3900000.0,3800000.0,0.0,0.0,0.0,0.0,0,0,0,0,0,0,0
218,Micro-221,34,1,5,0,1,0,0,0,1,1992.0,2024.0,0,1,0,0,1,1,1,1,0,0,0,0,3,3.0,2.0,2.0,2,2,1,1,8180000.0,9250000.0,8830000.0,9670000.0,23780000.0,28420000.0,26170000.0,30964000.0,554500.0,560000.0,557000.0,576000.0,0.0,0.0,0.0,0.0,0.0,0.0,0.0,0.0,2875000.0,2680000.0,2460000.0,2880000.0,3750000.0,3750000.0,3750000.0,3750000.0,1586000.0,1650000.0,1550000.0,1850000.0,40725500.0,46310000.0,43317000.0,49690000.0,48180000.0,55950000.0,51280000.0,58570000.0,0.0,0.0,0.0,0.0,0.0,0.0,0.0,0.0,48180000.0,55950000.0,51280000.0,58570000.0,0.06,0,0,1,0,3000000.0,6500000.0,0.0,0.0,0.0,0.0,56000000.0,0.0,0,0,0,0,0,0,0,0,175000.0,0.0,0.0,0.0,0.0,0.0,0.0,0.0,0,0,0,0,0,0,0
219,Micro-222,53,1,3,0,1,0,0,0,1,2020.0,2024.0,0,1,0,0,1,1,1,1,0,0,0,0,1,1.0,1.0,1.0,0,0,0,0,2475000.0,2680000.0,2850000.0,3480000.0,14200000.0,19200000.0,18720000.0,20450000.0,127000.0,141000.0,317000.0,150000.0,0.0,0.0,0.0,0.0,38400.0,38400.0,38400.0,38400.0,220000.0,450000.0,480000.0,480000.0,650000.0,650000.0,650000.0,650000.0,380000.0,280000.0,300000.0,300000.0,18090400.0,23439400.0,23355400.0,25735600.0,21080000.0,27200000.0,26800000.0,29600000.0,0.0,0.0,0.0,0.0,0.0,0.0,0.0,0.0,21080000.0,27200000.0,26800000.0,29600000.0,0.08,0,0,1,0,1650000.0,3300000.0,0.0,0.0,0.0,0.0,12200000.0,0.0,0,0,1,0,0,0,0,0,50000.0,75000.0,0.0,0.0,0.0,0.0,0.0,0.0,0,0,0,0,0,0,0
220,Micro-223,36,1,4,0,1,0,0,0,1,2017.0,2024.0,0,1,0,0,1,1,1,1,0,0,0,0,1,1.0,1.0,1.0,0,0,0,0,2250000.0,2880000.0,2880000.0,5760000.0,2720000.0,3750000.0,3950000.0,6216000.0,106000.0,106000.0,132000.0,144000.0,0.0,0.0,0.0,0.0,0.0,0.0,0.0,360000.0,255000.0,340000.0,325000.0,600000.0,500000.0,500000.0,500000.0,500000.0,625000.0,925000.0,850000.0,1240000.0,6456000.0,8501000.0,8637000.0,14820000.0,7965000.0,10995000.0,12330000.0,17520000.0,0.0,0.0,0.0,0.0,0.0,0.0,0.0,0.0,7965000.0,10995000.0,12330000.0,17520000.0,0.1,0,0,1,0,1500000.0,2500000.0,0.0,0.0,0.0,0.0,8700000.0,0.0,0,0,1,0,0,1,0,0,75000.0,0.0,0.0,0.0,0.0,0.0,0.0,0.0,0,0,0,0,0,0,0
221,Micro-224,40,1,4,1,0,0,0,0,1,2019.0,2024.0,0,1,0,0,1,1,1,1,0,0,0,0,2,2.0,1.0,1.0,1,1,0,0,0.0,0.0,0.0,0.0,0.0,0.0,2000000.0,3500000.0,0.0,0.0,170000.0,38000.0,0.0,0.0,500000.0,0.0,0.0,0.0,0.0,0.0,0.0,0.0,30000.0,40000.0,0.0,0.0,75000.0,75000.0,0.0,0.0,100000.0,120000.0,0.0,0.0,3025000.0,3773000.0,3550000.0,5075000.0,0.0,0.0,0.0,0.0,0.0,0.0,0.0,0.0,0.0,0.0,3550000.0,5075000.0,0.0,0.0,0.8,1,0,0,0,0.0,0.0,0.0,0.0,0.0,0.0,19750000.0,0.0,0,0,1,0,1,0,0,0,85000.0,0.0,0.0,0.0,0.0,0.0,0.0,0.0,0,0,0,0,0,0,0
222,Micro-225,62,1,2,1,0,0,0,0,1,2013.0,2024.0,0,1,0,0,1,1,0,0,0,0,0,0,13,3.0,2.0,2.0,12,2,2,2,0.0,0.0,0.0,0.0,3500000.0,0.0,0.0,0.0,35000.0,0.0,0.0,0.0,0.0,0.0,0.0,0.0,0.0,0.0,0.0,0.0,50000.0,0.0,0.0,0.0,75000.0,0.0,0.0,0.0,100000.0,0.0,0.0,0.0,5960000.0,0.0,0.0,0.0,6050000.0,0.0,0.0,0.0,0.0,0.0,0.0,0.0,0.0,0.0,0.0,0.0,6050000.0,0.0,0.0,0.0,0.8,1,0,0,0,0.0,0.0,0.0,0.0,0.0,0.0,9180000.0,0.0,0,0,1,0,1,0,0,0,500000.0,0.0,300000.0,0.0,500000.0,0.0,0.0,0.0,0,0,0,0,0,0,0
223,Micro-226,41,1,5,0,1,0,0,0,1,2019.0,2024.0,0,1,0,0,1,1,1,1,0,0,0,0,1,1.0,1.0,1.0,0,0,0,0,0.0,0.0,0.0,0.0,1500000.0,1800000.0,0.0,0.0,23000.0,30000.0,0.0,0.0,0.0,0.0,0.0,0.0,0.0,0.0,0.0,0.0,8000.0,7000.0,0.0,0.0,75000.0,75000.0,0.0,0.0,100000.0,10000.0,0.0,0.0,2106000.0,2322000.0,0.0,0.0,3000000.0,2850000.0,0.0,0.0,0.0,0.0,0.0,0.0,0.0,0.0,0.0,0.0,3000000.0,2850000.0,0.0,0.0,0.8,1,0,0,0,150000.0,500000.0,0.0,0.0,0.0,0.0,130000.0,0.0,0,0,0,0,0,1,0,0,750000.0,0.0,0.0,0.0,750000.0,0.0,0.0,0.0,1,0,0,0,0,0,0
224,Micro-227,63,1,0,0,1,0,0,0,1,2018.0,2024.0,0,1,0,0,1,1,1,1,0,0,0,0,1,1.0,1.0,1.0,0,0,0,0,0.0,0.0,0.0,0.0,1275000.0,0.0,0.0,0.0,42000.0,0.0,0.0,0.0,0.0,0.0,0.0,0.0,0.0,0.0,0.0,0.0,10000.0,0.0,0.0,0.0,100000.0,0.0,0.0,0.0,50000.0,0.0,0.0,0.0,1977000.0,0.0,0.0,0.0,3050000.0,0.0,0.0,0.0,0.0,0.0,0.0,0.0,0.0,0.0,0.0,0.0,3050000.0,0.0,0.0,0.0,0.0,1,0,0,0,75000.0,575000.0,0.0,0.0,0.0,0.0,8020000.0,0.0,0,0,0,0,0,0,0,0,50000.0,0.0,0.0,0.0,50000.0,0.0,0.0,0.0,0,0,0,0,0,0,0
225,Micro-228,42,1,1,0,1,0,0,0,1,2017.0,2024.0,0,1,0,0,1,1,1,1,0,0,0,0,1,1.0,1.0,1.0,0,0,0,0,0.0,0.0,0.0,0.0,975000.0,850000.0,0.0,0.0,325000.0,280000.0,0.0,0.0,0.0,0.0,0.0,0.0,0.0,0.0,0.0,0.0,250000.0,250000.0,0.0,0.0,125000.0,125000.0,0.0,0.0,75000.0,75000.0,0.0,0.0,2150000.0,2080000.0,0.0,0.0,3530000.0,40000000.0,0.0,0.0,0.0,0.0,0.0,0.0,0.0,0.0,0.0,0.0,3530000.0,40000000.0,0.0,0.0,0.0,1,0,0,0,0.0,0.0,0.0,0.0,0.0,0.0,7625000.0,0.0,0,1,0,0,0,1,0,0,90000.0,0.0,0.0,0.0,0.0,0.0,0.0,0.0,0,0,0,0,0,0,0
226,Micro-229,41,1,1,0,1,0,0,0,1,2020.0,2024.0,0,1,0,0,1,1,1,1,0,0,0,0,1,1.0,1.0,1.0,0,0,0,0,216000.0,156000.0,204000.0,480000.0,252000.0,204000.0,240000.0,780000.0,31200.0,20160.0,27600.0,63000.0,0.0,0.0,0.0,0.0,0.0,0.0,0.0,0.0,0.0,0.0,0.0,0.0,0.0,0.0,0.0,0.0,0.0,0.0,0.0,0.0,499200.0,380160.0,471600.0,1323000.0,1500000.0,1020000.0,1944000.0,2838000.0,0.0,0.0,0.0,0.0,0.0,0.0,0.0,0.0,1500000.0,1020000.0,1944000.0,2838000.0,0.25,1,0,0,0,80000.0,240000.0,0.0,0.0,0.0,0.0,0.0,0.0,0,0,1,0,0,1,0,0,350000.0,0.0,0.0,0.0,0.0,0.0,0.0,0.0,0,0,0,0,0,0,0
227,Micro-230,43,1,4,0,1,0,0,0,1,2016.0,2024.0,0,1,0,0,2,2,2,2,0,0,0,0,2,2.0,2.0,2.0,0,0,0,0,0.0,0.0,0.0,0.0,0.0,0.0,0.0,0.0,0.0,0.0,0.0,0.0,0.0,0.0,0.0,0.0,0.0,0.0,0.0,0.0,0.0,0.0,0.0,0.0,0.0,0.0,0.0,0.0,0.0,0.0,0.0,0.0,0.0,0.0,0.0,0.0,0.0,0.0,0.0,0.0,0.0,0.0,0.0,0.0,0.0,0.0,0.0,0.0,0.0,0.0,0.0,0.0,0.0,0,0,0,0,0.0,0.0,0.0,0.0,0.0,0.0,0.0,0.0,0,0,1,0,1,0,0,0,50000.0,0.0,0.0,0.0,50000.0,0.0,0.0,0.0,0,0,0,0,0,0,0
228,Micro-231,54,1,5,0,1,0,0,0,1,2005.0,2024.0,0,1,0,0,1,1,1,1,0,0,0,0,5,4.0,4.0,6.0,4,3,3,5,249600.0,216000.0,264000.0,312000.0,72000.0,36000.0,60000.0,90000.0,0.0,0.0,0.0,0.0,0.0,0.0,0.0,0.0,0.0,0.0,0.0,0.0,0.0,0.0,0.0,0.0,48000.0,24000.0,72000.0,96000.0,0.0,0.0,0.0,0.0,369600.0,276000.0,396000.0,498000.0,444000.0,324000.0,432000.0,588000.0,0.0,0.0,0.0,0.0,0.0,0.0,0.0,0.0,444000.0,324000.0,432000.0,588000.0,0.12,1,0,0,0,41000.0,51000.0,20000.0,20000.0,42000.0,47000.0,0.0,0.0,0,1,0,0,1,0,0,0,1500000.0,0.0,0.0,0.0,0.0,0.0,0.0,0.0,0,0,0,0,0,0,0
229,Micro-232,36,1,3,0,0,0,0,1,1,1990.0,2024.0,0,1,0,0,1,1,1,1,0,0,0,0,1,1.0,1.0,1.0,0,0,0,0,2400000.0,7200000.0,8100000.0,7980000.0,1200000.0,6000000.0,6000000.0,9600000.0,72000.0,156000.0,156000.0,198000.0,0.0,0.0,0.0,0.0,3600.0,3600.0,3600.0,14400.0,540000.0,108000.0,108000.0,180000.0,0.0,0.0,0.0,0.0,0.0,0.0,0.0,0.0,4215600.0,13467600.0,14367600.0,17972400.0,750000.0,1300000.0,1400000.0,1745000.0,0.0,0.0,0.0,0.0,0.0,0.0,0.0,0.0,750000.0,1300000.0,1400000.0,1745000.0,0.03,0,0,1,0,0.0,0.0,0.0,0.0,0.0,0.0,0.0,0.0,0,0,0,0,0,0,0,0,100000.0,0.0,0.0,0.0,100000.0,0.0,0.0,0.0,0,0,0,0,0,0,0
230,Micro-236,76,1,7,0,1,0,0,0,1,2015.0,2024.0,0,1,0,0,1,1,1,1,0,0,0,0,1,1.0,1.0,1.0,0,0,0,0,0.0,0.0,0.0,0.0,100000.0,100000.0,50000.0,250000.0,30000.0,36000.0,24000.0,24000.0,0.0,0.0,0.0,0.0,0.0,0.0,0.0,0.0,0.0,0.0,0.0,0.0,0.0,0.0,0.0,0.0,10000.0,12000.0,10000.0,13000.0,140000.0,148000.0,84000.0,287000.0,10000.0,15000.0,16000.0,20000.0,0.0,0.0,0.0,0.0,0.0,0.0,0.0,0.0,10000.0,15000.0,16000.0,20000.0,0.0,1,0,0,0,0.0,0.0,0.0,0.0,0.0,0.0,200000.0,0.0,0,0,0,0,0,1,0,0,150000.0,0.0,0.0,0.0,0.0,0.0,0.0,0.0,0,0,0,0,0,0,0
231,Micro-237,35,1,4,0,1,0,0,0,1,2014.0,2024.0,0,1,0,0,1,1,1,1,0,0,0,0,1,1.0,1.0,1.0,0,0,0,0,120000.0,120000.0,150000.0,150000.0,0.0,0.0,0.0,0.0,60000.0,60000.0,48000.0,24000.0,0.0,0.0,0.0,0.0,0.0,0.0,0.0,0.0,12000.0,12000.0,24000.0,12000.0,0.0,0.0,0.0,0.0,0.0,0.0,0.0,0.0,192000.0,192000.0,222000.0,186000.0,0.0,0.0,96000.0,1000000.0,0.0,0.0,0.0,0.0,0.0,0.0,0.0,0.0,0.0,0.0,96000.0,1000000.0,0.0,1,0,0,0,0.0,0.0,0.0,0.0,0.0,0.0,710000.0,0.0,0,0,1,0,0,0,0,0,100000.0,0.0,0.0,0.0,0.0,0.0,0.0,0.0,0,0,0,0,0,0,0
232,Micro-238,66,1,3,0,1,1,0,0,1,2015.0,2024.0,0,1,0,0,1,1,1,1,0,0,0,0,1,1.0,1.0,1.0,0,0,0,0,48000.0,50000.0,30000.0,15000.0,0.0,0.0,0.0,0.0,15000.0,12000.0,11000.0,10000.0,0.0,0.0,0.0,0.0,0.0,0.0,0.0,0.0,0.0,0.0,0.0,0.0,0.0,0.0,0.0,0.0,20000.0,15000.0,0.0,10000.0,83000.0,77000.0,126000.0,120000.0,0.0,0.0,0.0,0.0,0.0,0.0,0.0,0.0,0.0,0.0,0.0,0.0,0.0,0.0,0.0,0.0,0.0,1,0,0,0,160000.0,275000.0,48000.0,50000.0,30000.0,15000.0,8000000.0,9000000.0,0,0,0,0,0,0,0,0,550000.0,450000.0,450000.0,0.0,0.0,0.0,0.0,0.0,0,0,0,0,0,0,0
233,Micro-239,46,1,4,0,1,0,0,0,1,1990.0,2024.0,0,1,0,0,1,1,1,1,0,0,0,0,3,2.0,1.0,1.0,2,1,0,0,144000.0,180000.0,180000.0,0.0,500000.0,500000.0,400000.0,800000.0,30000.0,35000.0,36000.0,25000.0,0.0,0.0,0.0,0.0,0.0,0.0,0.0,0.0,0.0,0.0,0.0,0.0,0.0,0.0,0.0,0.0,10000.0,12000.0,16000.0,15000.0,684000.0,727000.0,632000.0,840000.0,0.0,0.0,0.0,0.0,0.0,0.0,0.0,0.0,0.0,0.0,0.0,0.0,0.0,0.0,0.0,0.0,0.0,1,0,0,0,2000000.0,7000000.0,144000.0,180000.0,180000.0,0.0,8200000.0,0.0,0,0,0,0,0,1,0,0,1000000.0,0.0,0.0,0.0,1000000.0,0.0,0.0,0.0,0,0,0,0,0,0,0
234,Micro-240,44,1,2,0,1,0,0,0,1,2017.0,2024.0,0,1,0,0,1,1,1,1,0,0,0,0,1,1.0,1.0,1.0,0,0,0,0,240000.0,240000.0,240000.0,200000.0,180000.0,180000.0,150000.0,150000.0,9400.0,10400.0,32000.0,32500.0,0.0,0.0,0.0,0.0,0.0,0.0,0.0,0.0,5000.0,5000.0,10000.0,12000.0,0.0,0.0,0.0,0.0,0.0,0.0,0.0,0.0,434400.0,435400.0,432000.0,394500.0,600000.0,480000.0,475000.0,420000.0,0.0,0.0,0.0,0.0,0.0,0.0,0.0,0.0,600000.0,480000.0,475000.0,420000.0,0.1,1,0,0,0,5000.0,10000.0,960000.0,960000.0,1440000.0,1440000.0,6000000.0,0.0,0,0,0,0,0,0,0,0,500000.0,500000.0,500000.0,500000.0,0.0,0.0,0.0,0.0,0,0,0,0,0,0,0
235,Micro-241,45,1,5,0,1,0,0,0,1,2020.0,2024.0,0,1,0,0,1,1,1,1,0,0,0,0,1,1.0,1.0,1.0,0,0,0,0,120000.0,120000.0,120000.0,120000.0,100000.0,100000.0,100000.0,100000.0,100000.0,100000.0,100000.0,100000.0,0.0,0.0,0.0,0.0,0.0,0.0,0.0,0.0,50000.0,50000.0,50000.0,50000.0,0.0,0.0,0.0,0.0,0.0,0.0,0.0,0.0,370000.0,370000.0,370000.0,370000.0,50000.0,50000.0,50000.0,50000.0,0.0,0.0,0.0,0.0,0.0,0.0,0.0,0.0,50000.0,50000.0,50000.0,50000.0,0.1,1,0,0,0,10000.0,30000.0,0.0,0.0,0.0,0.0,2100000.0,0.0,0,0,1,0,0,1,1,0,50000.0,50000.0,50000.0,50000.0,0.0,0.0,0.0,0.0,0,1,0,0,0,0,0
236,Micro-242,45,1,4,0,1,0,0,0,1,,2024.0,0,1,0,0,1,1,1,1,0,0,0,0,1,1.0,1.0,1.0,0,0,0,0,12000.0,12000.0,15000.0,15000.0,10000.0,10000.0,12000.0,12000.0,5000.0,5000.0,5000.0,5000.0,0.0,0.0,0.0,0.0,0.0,0.0,0.0,0.0,10000.0,10000.0,12000.0,12000.0,0.0,0.0,0.0,0.0,2000.0,2000.0,3000.0,3000.0,39000.0,39000.0,47000.0,47000.0,100000.0,100000.0,100000.0,100000.0,10000.0,10000.0,10000.0,10000.0,0.0,0.0,0.0,0.0,110000.0,110000.0,110000.0,110000.0,0.15,1,0,0,0,10000.0,18000.0,0.0,0.0,0.0,10000.0,250000.0,0.0,0,0,1,0,0,1,0,0,0.0,0.0,0.0,25000.0,0.0,0.0,0.0,0.0,0,0,0,0,1,0,0
237,Micro-243,40,1,5,0,1,0,0,0,1,2016.0,2024.0,0,1,0,0,1,1,1,1,0,0,0,0,3,3.0,3.0,3.0,2,2,2,2,360000.0,400000.0,350000.0,360000.0,400000.0,300000.0,150000.0,400000.0,200000.0,200000.0,150000.0,200000.0,0.0,0.0,0.0,0.0,0.0,0.0,0.0,0.0,600000.0,600000.0,600000.0,600000.0,0.0,0.0,0.0,0.0,0.0,0.0,0.0,0.0,1560000.0,1500000.0,1250000.0,1560000.0,0.0,0.0,0.0,0.0,0.0,0.0,0.0,0.0,0.0,0.0,0.0,0.0,100000.0,100000.0,100000.0,100000.0,0.3,1,0,0,0,10000.0,50000.0,0.0,0.0,0.0,0.0,6800000.0,0.0,0,0,1,0,0,1,0,0,0.0,0.0,0.0,0.0,0.0,0.0,0.0,0.0,0,0,0,0,0,0,0
238,Micro-244,45,1,3,0,1,0,0,0,1,2019.0,2024.0,0,1,0,0,1,1,2,2,0,0,0,0,2,2.0,4.0,4.0,1,1,2,2,300000.0,300000.0,300000.0,300000.0,300000.0,300000.0,300000.0,300000.0,100000.0,100000.0,100000.0,100000.0,0.0,0.0,0.0,0.0,0.0,0.0,0.0,0.0,80000.0,80000.0,80000.0,80000.0,0.0,0.0,0.0,0.0,0.0,0.0,0.0,0.0,780000.0,780000.0,780000.0,780000.0,100000.0,100000.0,100000.0,100000.0,0.0,0.0,0.0,0.0,0.0,0.0,0.0,0.0,100000.0,100000.0,100000.0,100000.0,0.3,1,0,0,0,100000.0,30000.0,0.0,0.0,0.0,0.0,2100000.0,0.0,0,0,1,0,0,0,1,0,550000.0,100000.0,100000.0,100000.0,0.0,0.0,0.0,0.0,0,1,0,0,0,0,0
239,Micro-245,45,1,4,0,1,1,0,0,1,,2024.0,0,1,0,0,1,1,1,1,0,0,0,0,1,1.0,1.0,1.0,0,0,0,0,240000.0,240000.0,240000.0,240000.0,100000.0,100000.0,100000.0,100000.0,4500.0,4500.0,5000.0,5000.0,0.0,0.0,0.0,0.0,0.0,0.0,0.0,0.0,50000.0,50000.0,50000.0,50000.0,0.0,0.0,0.0,0.0,10000.0,10000.0,10000.0,10000.0,404500.0,404500.0,405000.0,405000.0,50000.0,45000.0,45000.0,52000.0,0.0,0.0,0.0,0.0,0.0,0.0,0.0,0.0,50000.0,45000.0,45000.0,52000.0,0.3,1,0,0,0,50000.0,100000.0,0.0,0.0,0.0,0.0,1500000.0,0.0,0,0,1,0,0,1,1,0,100000.0,100000.0,100000.0,100000.0,0.0,0.0,0.0,0.0,0,0,0,0,1,0,0
240,Micro-246,38,1,2,0,1,0,0,0,1,2020.0,2024.0,0,1,0,0,1,1,1,1,0,0,0,0,1,1.0,1.0,1.0,0,0,0,0,100000.0,100000.0,100000.0,100000.0,100000.0,100000.0,100000.0,100000.0,50000.0,50000.0,50000.0,50000.0,0.0,0.0,0.0,0.0,0.0,0.0,0.0,0.0,2000.0,2000.0,2000.0,2000.0,0.0,0.0,0.0,0.0,0.0,0.0,0.0,0.0,252000.0,252000.0,252000.0,252000.0,50000.0,50000.0,50000.0,50000.0,0.0,0.0,0.0,0.0,0.0,0.0,0.0,0.0,50000.0,50000.0,50000.0,50000.0,0.2,1,0,0,0,10000.0,30000.0,0.0,0.0,0.0,0.0,1750000.0,0.0,0,0,1,0,0,1,0,0,100000.0,100000.0,100000.0,100000.0,0.0,0.0,0.0,0.0,0,0,0,0,1,0,0
241,Micro-247,42,1,4,0,1,0,0,0,1,2020.0,2024.0,0,1,0,0,1,1,1,1,0,0,0,0,4,4.0,4.0,4.0,3,3,3,3,240000.0,240000.0,240000.0,240000.0,200000.0,200000.0,200000.0,200000.0,150000.0,150000.0,150000.0,150000.0,0.0,0.0,0.0,0.0,0.0,0.0,0.0,0.0,0.0,0.0,0.0,0.0,0.0,0.0,0.0,0.0,0.0,0.0,0.0,0.0,590000.0,590000.0,590000.0,590000.0,100000.0,100000.0,100000.0,100000.0,0.0,0.0,0.0,0.0,0.0,0.0,0.0,0.0,100000.0,100000.0,100000.0,100000.0,0.2,1,0,0,0,10000.0,50000.0,0.0,0.0,0.0,0.0,1000000.0,0.0,0,0,1,0,0,1,1,1,1000000.0,1000000.0,1000000.0,1000000.0,0.0,0.0,0.0,0.0,0,1,1,0,0,0,0
242,Micro-248,50,1,5,0,1,0,0,0,1,2020.0,2024.0,0,1,0,0,1,1,1,1,0,0,0,0,1,1.0,1.0,1.0,0,0,0,0,24000.0,24000.0,24000.0,24000.0,15000.0,15000.0,15000.0,15000.0,50000.0,50000.0,50000.0,50000.0,0.0,0.0,0.0,0.0,0.0,0.0,0.0,0.0,15000.0,15000.0,15000.0,15000.0,0.0,0.0,0.0,0.0,0.0,0.0,0.0,0.0,104000.0,104000.0,104000.0,104000.0,50000.0,50000.0,50000.0,50000.0,0.0,0.0,0.0,0.0,0.0,0.0,0.0,0.0,50000.0,50000.0,50000.0,50000.0,0.2,1,0,0,0,0.0,0.0,0.0,0.0,0.0,0.0,500000.0,0.0,0,0,1,0,0,1,1,,50000.0,50000.0,50000.0,50000.0,0.0,0.0,0.0,0.0,0,0,0,1,1,0,0
243,Micro-249,48,1,4,0,1,0,0,0,1,2017.0,2024.0,0,1,0,0,1,0,1,1,0,0,0,0,3,0.0,3.0,3.0,2,0,2,2,250000.0,300000.0,300000.0,300000.0,0.0,0.0,0.0,0.0,25000.0,30000.0,38000.0,39000.0,0.0,0.0,0.0,0.0,0.0,0.0,0.0,0.0,10000.0,20000.0,20000.0,20000.0,2000.0,3000.0,3000.0,4000.0,1000.0,2000.0,1000.0,3000.0,288000.0,355000.0,362000.0,366000.0,488000.0,464000.0,572000.0,666000.0,0.0,0.0,0.0,0.0,0.0,0.0,0.0,0.0,488000.0,464000.0,572000.0,666000.0,0.4,0,1,0,0,12000.0,18000.0,45000.0,45000.0,45000.0,45000.0,3580000.0,0.0,0,1,0,1,0,0,1,1,1000000.0,0.0,0.0,0.0,0.0,0.0,0.0,0.0,0,0,0,0,0,0,0
244,Micro-250,34,1,4,0,1,0,0,0,1,,2024.0,0,1,0,0,1,1,1,1,0,0,0,0,1,1.0,1.0,1.0,0,0,0,0,0.0,0.0,900000.0,900000.0,0.0,0.0,0.0,0.0,0.0,0.0,20500.0,23700.0,0.0,0.0,0.0,0.0,0.0,0.0,60000.0,60000.0,0.0,0.0,120000.0,120000.0,0.0,0.0,50000.0,50000.0,0.0,0.0,0.0,0.0,0.0,0.0,1734500.0,1731700.0,0.0,0.0,120000.0,120000.0,0.0,0.0,0.0,0.0,0.0,0.0,0.0,0.0,0.0,0.0,120000.0,120000.0,0.9,1,0,0,0,30000.0,90000.0,0.0,0.0,480000.0,0.0,5800000.0,0.0,1,0,0,1,0,0,1,1,6300000.0,0.0,0.0,0.0,0.0,0.0,0.0,0.0,0,1,0,0,0,0,0
245,Micro-251,48,1,3,0,1,0,0,0,1,,2024.0,0,1,0,0,2,2,2,2,0,0,0,0,2,2.0,2.0,2.0,0,0,0,0,0.0,0.0,0.0,0.0,60000.0,60000.0,60000.0,60000.0,36000.0,42000.0,36000.0,42000.0,0.0,0.0,0.0,0.0,0.0,0.0,0.0,0.0,60000.0,60000.0,60000.0,80000.0,0.0,0.0,0.0,0.0,0.0,0.0,0.0,0.0,156000.0,162000.0,156000.0,182000.0,0.0,0.0,480000.0,540000.0,0.0,0.0,0.0,0.0,0.0,0.0,0.0,0.0,0.0,0.0,480000.0,540000.0,0.95,1,0,0,0,22000.0,45000.0,0.0,0.0,0.0,0.0,1430000.0,0.0,0,0,1,0,0,1,1,1,500000.0,0.0,0.0,0.0,0.0,0.0,0.0,0.0,0,0,0,0,0,0,0
246,Micro-252,33,1,4,0,0,1,0,0,1,2017.0,2024.0,0,1,0,0,1,1,1,1,0,0,0,0,4,4.0,3.0,4.0,3,3,2,3,500000.0,500000.0,400000.0,500000.0,400000.0,400000.0,400000.0,400000.0,100000.0,100000.0,100000.0,100000.0,0.0,0.0,0.0,0.0,0.0,0.0,0.0,0.0,100000.0,100000.0,100000.0,100000.0,0.0,0.0,0.0,0.0,100000.0,100000.0,100000.0,100000.0,1200000.0,1200000.0,1100000.0,1200000.0,100000.0,100000.0,100000.0,100000.0,0.0,0.0,0.0,0.0,0.0,0.0,0.0,0.0,100000.0,100000.0,100000.0,100000.0,0.2,1,0,0,0,0.0,10000.0,0.0,0.0,0.0,0.0,300000.0,0.0,0,0,1,0,0,1,1,1,100000.0,100000.0,100000.0,100000.0,0.0,0.0,0.0,0.0,0,1,0,0,0,0,0
247,Micro-253,55,1,4,0,1,0,0,0,1,2021.0,2024.0,0,1,0,0,1,1,1,1,0,0,0,0,2,2.0,2.0,2.0,1,1,1,1,24000.0,24000.0,24000.0,24000.0,0.0,0.0,0.0,0.0,150000.0,140000.0,140000.0,140000.0,40000.0,0.0,0.0,0.0,0.0,0.0,0.0,0.0,30000.0,30000.0,30000.0,30000.0,0.0,0.0,0.0,0.0,10000.0,10000.0,10000.0,10000.0,254000.0,204000.0,204000.0,204000.0,50000.0,50000.0,50000.0,50000.0,0.0,0.0,0.0,0.0,0.0,0.0,0.0,0.0,50000.0,50000.0,50000.0,50000.0,0.2,1,0,0,0,10000.0,20000.0,0.0,0.0,0.0,0.0,1600000.0,0.0,0,0,0,0,0,0,0,0,50000.0,50000.0,50000.0,50000.0,0.0,0.0,0.0,0.0,0,0,1,0,0,0,0
248,Micro-254,48,1,1,0,1,0,0,0,1,2019.0,2024.0,0,1,0,0,1,1,1,1,0,0,0,0,4,4.0,4.0,4.0,3,3,3,3,720000.0,720000.0,720000.0,720000.0,50000.0,50000.0,40000.0,40000.0,200000.0,200000.0,200000.0,200000.0,0.0,0.0,0.0,0.0,0.0,0.0,0.0,0.0,100000.0,100000.0,100000.0,100000.0,0.0,0.0,0.0,0.0,0.0,0.0,0.0,0.0,1070000.0,1070000.0,1060000.0,1060000.0,100000.0,100000.0,100000.0,100000.0,0.0,0.0,0.0,0.0,0.0,0.0,0.0,0.0,100000.0,100000.0,100000.0,100000.0,0.5,1,0,0,0,30000.0,50000.0,0.0,0.0,0.0,0.0,19000000.0,0.0,0,0,1,0,0,1,1,0,100000.0,100000.0,100000.0,100000.0,0.0,0.0,0.0,0.0,0,1,0,1,1,0,0
249,Micro-255,50,1,1,0,1,0,0,0,1,2020.0,2024.0,0,1,0,0,2,2,2,2,0,0,0,0,2,2.0,2.0,2.0,0,0,0,0,24000.0,24000.0,24000.0,24000.0,50000.0,50000.0,50000.0,50000.0,50000.0,50000.0,50000.0,50000.0,0.0,0.0,0.0,0.0,0.0,0.0,0.0,0.0,50000.0,50000.0,50000.0,50000.0,0.0,0.0,0.0,0.0,10000.0,10000.0,10000.0,10000.0,209000.0,209000.0,184000.0,184000.0,100000.0,100000.0,100000.0,100000.0,0.0,0.0,0.0,0.0,0.0,0.0,0.0,0.0,100000.0,100000.0,100000.0,100000.0,0.1,1,0,0,0,10000.0,50000.0,0.0,0.0,0.0,0.0,100000.0,0.0,0,0,1,0,0,1,1,0,100000.0,100000.0,100000.0,100000.0,0.0,0.0,0.0,0.0,0,0,0,0,0,0,0
250,Micro-256,45,1,4,0,1,0,0,0,1,2020.0,2024.0,0,1,0,0,1,1,1,1,0,0,0,0,1,1.0,1.0,1.0,0,0,0,0,0.0,0.0,0.0,0.0,1000000.0,1000000.0,2000000.0,3000000.0,30000.0,33600.0,36000.0,18000.0,0.0,0.0,0.0,0.0,0.0,0.0,0.0,0.0,0.0,0.0,0.0,0.0,0.0,0.0,0.0,0.0,0.0,0.0,0.0,0.0,1030000.0,1033600.0,2036000.0,3018000.0,0.0,48000.0,60000.0,72000.0,0.0,0.0,0.0,0.0,0.0,0.0,0.0,0.0,0.0,48000.0,60000.0,72000.0,0.0,1,0,0,0,3000.0,10000.0,0.0,0.0,0.0,0.0,6050000.0,0.0,0,1,0,0,1,0,0,1,0.0,0.0,0.0,0.0,0.0,0.0,0.0,0.0,0,0,0,0,0,0,0
251,Micro-257,64,1,4,0,1,0,0,0,1,2000.0,2024.0,0,1,0,0,2,1,2,2,0,0,0,0,2,1.0,2.0,2.0,0,0,0,0,0.0,0.0,180000.0,180000.0,120000.0,600000.0,2400000.0,3000000.0,0.0,0.0,0.0,0.0,0.0,0.0,0.0,0.0,180000.0,180000.0,0.0,0.0,36000.0,40000.0,46000.0,26000.0,0.0,0.0,0.0,0.0,0.0,0.0,0.0,0.0,336000.0,820000.0,2626000.0,3206000.0,0.0,0.0,0.0,30000.0,0.0,0.0,0.0,0.0,0.0,0.0,0.0,0.0,0.0,0.0,0.0,30000.0,0.0,1,0,0,0,100000.0,500000.0,0.0,0.0,180000.0,180000.0,0.0,0.0,0,0,0,0,0,0,,,0.0,0.0,0.0,0.0,0.0,0.0,0.0,0.0,0,0,0,0,0,0,0
252,Micro-258,48,1,5,0,1,0,0,0,1,2020.0,2024.0,0,1,0,0,1,1,1,1,0,0,0,0,1,1.0,1.0,1.0,0,0,0,0,0.0,0.0,0.0,0.0,16000.0,10000.0,13000.0,14000.0,0.0,0.0,0.0,0.0,0.0,0.0,0.0,0.0,0.0,0.0,0.0,0.0,0.0,0.0,0.0,0.0,0.0,0.0,0.0,0.0,3500.0,2000.0,3000.0,4000.0,19500.0,12000.0,16000.0,18000.0,45000.0,50000.0,55000.0,75000.0,0.0,0.0,0.0,0.0,0.0,0.0,0.0,0.0,45000.0,50000.0,55000.0,75000.0,0.0,1,0,0,0,6000.0,25000.0,0.0,0.0,0.0,0.0,350000.0,0.0,1,0,0,0,1,0,1,0,0.0,0.0,0.0,0.0,0.0,0.0,0.0,0.0,1,0,0,0,0,0,0
253,Micro-259,70,1,3,0,1,0,0,0,1,2023.0,2024.0,0,1,0,0,0,0,1,3,0,0,0,0,0,0.0,1.0,3.0,0,0,0,0,0.0,0.0,110000.0,120000.0,0.0,0.0,0.0,0.0,0.0,0.0,12000.0,17000.0,0.0,0.0,0.0,0.0,0.0,0.0,0.0,360000.0,0.0,0.0,30000.0,40000.0,0.0,0.0,0.0,0.0,0.0,0.0,10000.0,20000.0,0.0,0.0,212000.0,627000.0,0.0,0.0,0.0,1000000.0,0.0,0.0,0.0,0.0,0.0,0.0,0.0,0.0,0.0,0.0,0.0,1000000.0,0.0,1,0,0,0,25000.0,50000.0,0.0,0.0,0.0,0.0,1350000.0,0.0,1,0,0,1,0,0,1,0,0.0,0.0,0.0,700000.0,0.0,0.0,0.0,0.0,0,0,0,0,0,0,0
254,Micro-260,30,1,5,0,1,0,0,0,1,2010.0,2024.0,0,1,0,0,2,2,2,2,0,0,0,0,2,2.0,2.0,2.0,0,0,0,0,0.0,0.0,0.0,0.0,50000.0,60000.0,75000.0,100000.0,12000.0,12000.0,12000.0,8400.0,0.0,0.0,0.0,0.0,0.0,0.0,0.0,0.0,10000.0,15000.0,20000.0,36000.0,0.0,0.0,0.0,0.0,8000.0,7000.0,7500.0,6500.0,80000.0,94000.0,114500.0,150900.0,0.0,0.0,0.0,0.0,0.0,0.0,0.0,0.0,0.0,0.0,0.0,0.0,0.0,0.0,0.0,0.0,0.0,1,0,0,0,8000.0,20000.0,0.0,0.0,20000.0,20000.0,6650000.0,0.0,0,1,0,0,1,0,0,1,0.0,0.0,0.0,0.0,0.0,0.0,0.0,0.0,0,0,0,0,0,0,0
255,Micro-261,56,1,4,0,1,0,0,0,1,2019.0,2024.0,0,1,0,0,1,1,1,1,0,0,0,0,1,1.0,1.0,1.0,0,0,0,0,0.0,0.0,0.0,0.0,0.0,0.0,0.0,0.0,5000.0,50000.0,84000.0,60000.0,0.0,0.0,0.0,0.0,0.0,0.0,0.0,0.0,5000.0,5000.0,8000.0,7500.0,0.0,0.0,0.0,0.0,10000.0,12000.0,14000.0,12000.0,20000.0,67000.0,106000.0,79500.0,65000.0,70000.0,100000.0,90000.0,0.0,0.0,0.0,0.0,0.0,0.0,0.0,0.0,65000.0,70000.0,100000.0,90000.0,0.0,1,0,0,0,10000.0,40000.0,0.0,0.0,0.0,0.0,4650000.0,0.0,0,1,0,0,1,0,0,0,0.0,0.0,0.0,0.0,0.0,0.0,0.0,0.0,0,0,0,0,0,0,0
256,Micro-262,72,1,1,0,1,0,0,0,1,2020.0,2024.0,0,1,0,0,1,1,1,1,0,0,0,0,1,1.0,1.0,1.0,0,0,0,0,0.0,0.0,0.0,0.0,50000.0,100000.0,100000.0,100000.0,10000.0,14000.0,12000.0,10000.0,0.0,0.0,0.0,0.0,0.0,0.0,0.0,0.0,12000.0,13000.0,12500.0,10500.0,0.0,0.0,0.0,0.0,0.0,0.0,0.0,0.0,72000.0,127000.0,124500.0,120500.0,100000.0,130000.0,135000.0,140000.0,0.0,0.0,0.0,0.0,0.0,0.0,0.0,0.0,100000.0,130000.0,135000.0,140000.0,0.0,1,0,0,0,10000.0,30000.0,0.0,0.0,45000.0,45000.0,2300000.0,0.0,0,1,0,0,1,0,0,0,0.0,0.0,0.0,0.0,0.0,0.0,0.0,0.0,0,0,0,0,0,0,0
257,Micro-263,56,1,5,0,1,0,0,0,1,2020.0,2024.0,0,1,0,0,1,1,1,1,0,0,0,0,1,1.0,1.0,1.0,0,0,0,0,0.0,0.0,0.0,0.0,50000.0,100000.0,160000.0,360000.0,12000.0,16000.0,13500.0,14000.0,0.0,0.0,0.0,0.0,0.0,0.0,0.0,0.0,5000.0,9600.0,14000.0,12000.0,0.0,0.0,0.0,0.0,0.0,0.0,0.0,0.0,67000.0,125600.0,187500.0,386000.0,100000.0,145000.0,25000.0,350000.0,0.0,0.0,0.0,0.0,0.0,0.0,0.0,0.0,100000.0,145000.0,25000.0,350000.0,0.0,1,0,0,0,12000.0,50000.0,0.0,0.0,45000.0,45000.0,6100000.0,0.0,0,1,0,0,1,0,1,1,0.0,0.0,0.0,0.0,0.0,0.0,0.0,0.0,0,0,0,0,0,0,0
258,Micro-264,53,1,5,0,1,0,0,0,1,1988.0,2024.0,0,1,0,0,1,1,1,1,0,0,0,0,1,1.0,1.0,1.0,0,0,0,0,0.0,0.0,0.0,240000.0,50000.0,55000.0,110000.0,145000.0,60000.0,120000.0,70000.0,72000.0,0.0,0.0,0.0,0.0,0.0,0.0,0.0,0.0,0.0,0.0,0.0,0.0,0.0,0.0,0.0,0.0,0.0,0.0,0.0,0.0,110000.0,175000.0,180000.0,457000.0,0.0,0.0,0.0,0.0,0.0,0.0,0.0,0.0,0.0,0.0,0.0,0.0,0.0,0.0,0.0,0.0,0.0,1,0,0,0,40000.0,145000.0,0.0,0.0,0.0,0.0,18800000.0,0.0,0,0,1,0,0,1,1,1,0.0,0.0,0.0,0.0,0.0,0.0,0.0,0.0,0,0,0,0,0,0,0
259,Micro-265,72,1,2,0,1,0,0,0,1,2020.0,2024.0,0,1,0,0,1,1,1,1,0,0,0,0,1,1.0,1.0,1.0,0,0,0,0,0.0,0.0,0.0,0.0,50000.0,75000.0,100000.0,200000.0,65000.0,72000.0,72000.0,36000.0,0.0,0.0,0.0,0.0,0.0,0.0,0.0,0.0,0.0,0.0,0.0,0.0,0.0,0.0,0.0,0.0,10000.0,14000.0,12000.0,20000.0,125000.0,161000.0,184000.0,256000.0,110000.0,122000.0,145000.0,185000.0,0.0,0.0,0.0,0.0,0.0,0.0,0.0,0.0,110000.0,122000.0,145000.0,185000.0,0.0,1,0,0,0,20000.0,75000.0,0.0,0.0,0.0,0.0,30200000.0,0.0,0,1,0,0,1,0,1,1,50000.0,75000.0,100000.0,200000.0,0.0,0.0,0.0,0.0,0,0,0,0,0,0,0
260,Micro-266,36,1,5,0,1,0,0,0,1,,2024.0,0,1,0,0,2,2,2,2,0,0,0,0,2,2.0,2.0,2.0,0,0,0,0,0.0,0.0,0.0,0.0,180000.0,120000.0,144000.0,216000.0,30000.0,35000.0,38000.0,24000.0,0.0,0.0,0.0,0.0,0.0,0.0,0.0,0.0,0.0,0.0,0.0,0.0,0.0,0.0,0.0,0.0,43200.0,144000.0,66000.0,14000.0,253200.0,299000.0,248000.0,254000.0,43200.0,144000.0,66000.0,390000.0,0.0,0.0,0.0,0.0,0.0,0.0,0.0,0.0,43200.0,144000.0,66000.0,390000.0,0.31,1,0,0,0,12000.0,30000.0,0.0,0.0,0.0,0.0,1500000.0,0.0,0,1,0,0,1,0,0,0,10000000.0,50000.0,850000.0,60000.0,0.0,0.0,0.0,0.0,1,0,0,0,0,0,0
261,Micro-267,60,1,4,1,0,0,0,0,1,2002.0,2024.0,0,1,0,0,3,3,3,3,0,0,0,0,3,3.0,3.0,3.0,0,0,0,0,396000.0,360000.0,396000.0,468000.0,360000.0,300000.0,200000.0,480000.0,24000.0,20000.0,30000.0,20000.0,0.0,0.0,0.0,0.0,0.0,0.0,0.0,0.0,0.0,0.0,0.0,0.0,0.0,0.0,0.0,0.0,15000.0,10000.0,20000.0,20000.0,795000.0,690000.0,646000.0,988000.0,2640000.0,1200000.0,3120000.0,6240000.0,0.0,0.0,0.0,0.0,0.0,0.0,0.0,0.0,2640000.0,1200000.0,3120000.0,6240000.0,0.0,1,0,0,0,125000.0,450000.0,3960000.0,360000.0,396000.0,468000.0,8000000.0,0.0,0,1,0,0,1,0,1,1,0.0,0.0,0.0,0.0,0.0,0.0,0.0,0.0,0,0,0,0,0,0,0
262,Micro-268,43,1,4,0,1,0,0,0,1,2022.0,2024.0,0,1,0,0,1,1,1,1,0,0,0,0,1,1.0,1.0,2.0,0,0,0,1,0.0,0.0,0.0,0.0,0.0,0.0,180000.0,420000.0,24000.0,24000.0,24000.0,12000.0,0.0,0.0,0.0,0.0,0.0,0.0,0.0,0.0,0.0,0.0,12000.0,12000.0,0.0,0.0,0.0,0.0,0.0,0.0,0.0,0.0,24000.0,24000.0,216000.0,444000.0,12000.0,12000.0,20000.0,60000.0,0.0,0.0,0.0,0.0,0.0,0.0,0.0,0.0,12000.0,12000.0,20000.0,60000.0,0.0,1,0,0,0,10000.0,50000.0,0.0,0.0,0.0,0.0,1100000.0,0.0,0,1,0,0,0,1,1,1,500000.0,100000.0,250000.0,350000.0,0.0,0.0,0.0,0.0,0,0,0,0,0,0,0
263,Micro-270,45,1,5,0,1,0,0,0,1,2011.0,2024.0,0,0,1,0,1,1,1,1,0,0,0,0,1,1.0,1.0,1.0,0,0,0,0,0.0,0.0,0.0,0.0,415530.0,461700.0,513000.0,540000.0,29975.0,30745.0,34500.0,36000.0,0.0,0.0,0.0,0.0,0.0,0.0,0.0,0.0,11750.0,12500.0,15000.0,12000.0,0.0,0.0,0.0,0.0,0.0,0.0,0.0,0.0,457255.0,504945.0,562500.0,588000.0,623500.0,665000.0,741000.0,780000.0,0.0,0.0,0.0,0.0,0.0,0.0,0.0,0.0,623500.0,665000.0,741000.0,780000.0,0.5,1,0,0,0,10000.0,25000.0,0.0,0.0,0.0,0.0,120000.0,0.0,0,1,0,0,1,0,1,0,150000.0,175000.0,190000.0,220000.0,0.0,0.0,0.0,0.0,0,0,0,0,0,0,0
264,Micro-272,46,1,5,0,1,0,0,1,1,2007.0,2024.0,0,0,1,0,1,1,1,1,6,6,6,6,7,7.0,7.0,7.0,0,0,0,0,0.0,0.0,0.0,1440000.0,0.0,0.0,0.0,1200000.0,0.0,0.0,0.0,54000.0,0.0,0.0,0.0,0.0,0.0,0.0,0.0,0.0,0.0,0.0,0.0,240000.0,0.0,0.0,0.0,100000.0,0.0,0.0,0.0,24000.0,0.0,0.0,0.0,3358000.0,0.0,0.0,0.0,5250000.0,0.0,0.0,0.0,0.0,0.0,0.0,0.0,0.0,0.0,0.0,0.0,5250000.0,0.2,1,1,0,0,50000.0,1500000.0,700000.0,700000.0,870000.0,800000.0,20550000.0,0.0,0,0,0,0,1,0,1,1,0.0,500000.0,0.0,0.0,0.0,0.0,0.0,0.0,1,0,0,0,0,0,0
265,Micro-273,49,1,4,0,1,0,1,0,1,2016.0,2024.0,0,0,1,0,2,2,2,2,0,0,0,0,2,2.0,2.0,2.0,0,0,0,0,0.0,0.0,0.0,0.0,950000.0,1375000.0,1250000.0,1575000.0,28800.0,33500.0,40000.0,34500.0,0.0,0.0,0.0,0.0,61000.0,84000.0,96000.0,96000.0,0.0,0.0,105000.0,120000.0,30000.0,30000.0,30000.0,30000.0,12500.0,25000.0,18500.0,24000.0,1082300.0,1547500.0,1539500.0,1879500.0,1385000.0,1890000.0,2050000.0,2475000.0,0.0,0.0,0.0,0.0,0.0,0.0,0.0,0.0,1385000.0,1890000.0,2050000.0,2475000.0,0.05,0,0,1,0,50000.0,400000.0,500000.0,500000.0,600000.0,600000.0,2000000.0,0.0,0,1,0,0,1,0,0,0,0.0,50000.0,0.0,0.0,0.0,0.0,0.0,0.0,0,0,0,0,0,0,0
266,Micro-274,47,1,4,0,1,0,0,0,1,2010.0,2024.0,0,0,1,0,0,1,1,1,0,8,8,8,0,9.0,9.0,9.0,0,0,0,0,0.0,1840000.0,1920000.0,1920000.0,0.0,5800000.0,5400000.0,6600000.0,0.0,102000.0,118000.0,120000.0,0.0,0.0,0.0,0.0,0.0,0.0,0.0,0.0,0.0,185000.0,220000.0,240000.0,0.0,200000.0,200000.0,200000.0,0.0,80000.0,145000.0,120000.0,0.0,8207000.0,8003000.0,9200000.0,0.0,9560000.0,9450000.0,10850000.0,0.0,0.0,0.0,0.0,0.0,0.0,0.0,0.0,0.0,9560000.0,9450000.0,10850000.0,0.1,0,0,1,0,450000.0,1550000.0,0.0,0.0,0.0,0.0,2825000.0,0.0,0,1,0,0,1,0,0,0,550000.0,2200000.0,0.0,0.0,0.0,0.0,0.0,0.0,0,1,0,0,0,0,0
267,Micro-275,32,1,4,0,1,0,0,0,1,2019.0,2024.0,0,0,1,0,1,1,1,1,0,0,0,0,3,3.0,3.0,3.0,2,2,2,2,60000.0,80000.0,105000.0,120000.0,145000.0,210000.0,185000.0,200000.0,5300.0,7800.0,8400.0,8400.0,0.0,0.0,0.0,0.0,0.0,0.0,0.0,0.0,12000.0,24000.0,22000.0,36000.0,0.0,0.0,0.0,0.0,10000.0,15000.0,15000.0,18000.0,288300.0,392800.0,461400.0,508400.0,535000.0,555000.0,750000.0,875000.0,0.0,0.0,0.0,0.0,0.0,0.0,0.0,0.0,535000.0,555000.0,750000.0,875000.0,0.1,1,0,0,0,30000.0,85000.0,0.0,360000.0,360000.0,360000.0,570000.0,0.0,0,1,0,0,1,0,1,1,0.0,0.0,300000.0,0.0,0.0,0.0,0.0,0.0,0,1,0,0,0,0,0
268,Micro-276,77,1,2,0,1,0,0,0,1,2012.0,2024.0,0,0,1,0,1,1,2,2,0,0,0,0,2,2.0,3.0,3.0,1,1,1,1,0.0,280000.0,300000.0,350000.0,0.0,100000.0,150000.0,240000.0,0.0,9500.0,18000.0,18000.0,0.0,0.0,0.0,0.0,0.0,0.0,0.0,0.0,0.0,10000.0,15000.0,18000.0,0.0,0.0,0.0,0.0,0.0,6000.0,10000.0,12000.0,0.0,405500.0,493000.0,638000.0,0.0,350000.0,420000.0,650000.0,0.0,0.0,0.0,0.0,0.0,0.0,0.0,0.0,0.0,350000.0,420000.0,650000.0,0.0,1,0,0,0,20000.0,85000.0,600000.0,600000.0,600000.0,600000.0,1850000.0,0.0,0,1,0,0,1,0,0,0,0.0,0.0,0.0,0.0,0.0,0.0,0.0,0.0,0,0,0,0,0,0,0
269,Micro-277,63,1,3,0,1,0,0,0,1,1991.0,2024.0,0,0,1,0,1,1,1,1,3,3,3,3,4,4.0,4.0,4.0,0,0,0,0,0.0,0.0,0.0,1260000.0,0.0,0.0,0.0,2160000.0,0.0,0.0,0.0,108000.0,0.0,0.0,0.0,0.0,0.0,0.0,0.0,480000.0,0.0,0.0,0.0,60000.0,0.0,0.0,0.0,60000.0,0.0,0.0,0.0,24000.0,0.0,0.0,0.0,4152000.0,0.0,0.0,0.0,5400000.0,0.0,0.0,0.0,0.0,0.0,0.0,0.0,0.0,0.0,0.0,0.0,5400000.0,0.15,0,0,1,0,300000.0,1000000.0,0.0,0.0,0.0,0.0,1450000.0,0.0,0,0,1,0,0,1,1,0,0.0,0.0,0.0,0.0,0.0,0.0,0.0,0.0,0,0,0,0,0,0,0
270,Micro-278,52,1,3,0,1,0,0,0,1,2003.0,2024.0,0,0,1,0,4,4,4,4,2,2,2,1,6,6.0,6.0,5.0,0,0,0,0,680000.0,920000.0,1080000.0,1080000.0,1050000.0,1450000.0,1550000.0,1800000.0,162000.0,312000.0,435000.0,378000.0,0.0,0.0,0.0,0.0,0.0,0.0,0.0,0.0,20000.0,30000.0,35000.0,48000.0,150000.0,150000.0,150000.0,150000.0,15000.0,20000.0,20000.0,30000.0,2425000.0,3230000.0,3618000.0,3834000.0,2820000.0,4265000.0,4050000.0,4250000.0,0.0,0.0,0.0,0.0,0.0,0.0,0.0,0.0,2820000.0,4265000.0,4050000.0,4250000.0,0.1,1,1,0,0,180000.0,850000.0,360000.0,360000.0,360000.0,360000.0,3050000.0,0.0,0,0,1,0,0,1,1,0,0.0,0.0,0.0,0.0,0.0,0.0,0.0,0.0,0,1,0,0,0,0,0
271,Micro-279,65,1,3,0,1,0,1,0,1,1995.0,2024.0,0,0,1,0,1,1,2,2,0,0,0,0,7,7.0,6.0,6.0,6,6,4,4,845100.0,833500.0,485000.0,728000.0,4605000.0,3855000.0,2450000.0,4258000.0,37580.0,37100.0,40100.0,38500.0,0.0,0.0,0.0,0.0,90000.0,90000.0,108000.0,108000.0,62150.0,55400.0,38750.0,60000.0,0.0,0.0,160000.0,160000.0,124150.0,117800.0,108700.0,120000.0,5919980.0,5144800.0,3546550.0,5652500.0,7045000.0,6142200.0,4285000.0,7556000.0,0.0,0.0,0.0,0.0,0.0,0.0,0.0,0.0,7045000.0,6142200.0,4285000.0,7556000.0,0.15,0,0,1,0,425000.0,980000.0,300000.0,300000.0,300000.0,300000.0,1600000.0,0.0,0,1,0,0,1,0,1,1,0.0,0.0,50000.0,300000.0,0.0,0.0,0.0,0.0,0,1,0,0,0,0,0
272,Micro-280,42,1,1,0,1,0,0,0,1,2009.0,2024.0,0,0,1,0,2,2,2,2,0,0,0,0,7,5.0,5.0,7.0,5,3,3,5,1225000.0,960000.0,1025500.0,1260000.0,2490000.0,1280000.0,2050000.0,2360000.0,183400.0,173600.0,188300.0,196500.0,0.0,0.0,0.0,0.0,0.0,0.0,0.0,0.0,124500.0,67500.0,98500.0,120000.0,0.0,0.0,0.0,0.0,30800.0,28750.0,30000.0,35500.0,4209700.0,2670350.0,3548300.0,4238000.0,5451640.0,3487455.0,4612795.0,5509800.0,0.0,0.0,0.0,0.0,0.0,0.0,0.0,0.0,5451640.0,3487455.0,4612795.0,5509800.0,0.2,0,0,1,0,275000.0,550000.0,0.0,0.0,0.0,0.0,5200000.0,0.0,0,1,0,0,1,0,1,0,0.0,1400500.0,0.0,1000000.0,0.0,0.0,0.0,0.0,0,1,0,0,0,0,0
273,Micro-281,40,1,2,0,1,1,0,0,1,2020.0,2024.0,0,0,1,0,1,1,1,1,0,5,3,3,1,6.0,4.0,4.0,0,0,0,0,0.0,900000.0,540000.0,540000.0,100000.0,800000.0,650000.0,950000.0,16000.0,98000.0,130000.0,116400.0,0.0,0.0,0.0,0.0,0.0,0.0,0.0,0.0,15000.0,120000.0,120000.0,120000.0,150.0,200000.0,200000.0,200000.0,5000.0,20000.0,18000.0,18000.0,166150.0,2462000.0,1982000.0,2268400.0,240000.0,3150000.0,2550000.0,2875000.0,0.0,0.0,0.0,0.0,0.0,0.0,0.0,0.0,240000.0,3150000.0,2550000.0,2875000.0,0.2,0,0,1,0,150000.0,325000.0,120000.0,194000.0,194000.0,230000.0,4400000.0,0.0,0,1,0,0,1,0,1,1,0.0,1000000.0,0.0,0.0,0.0,0.0,0.0,0.0,0,1,0,0,0,0,0
274,Micro-282,42,1,7,0,1,1,1,0,1,1975.0,2024.0,0,0,1,0,3,3,3,3,0,0,0,0,3,3.0,3.0,3.0,0,0,0,0,0.0,0.0,0.0,0.0,1200000.0,1500000.0,1500000.0,1800000.0,50000.0,60000.0,78000.0,72000.0,0.0,0.0,0.0,0.0,0.0,0.0,0.0,0.0,120000.0,200000.0,240000.0,240000.0,25000.0,25000.0,25000.0,25000.0,30000.0,50000.0,60000.0,60000.0,1509000.0,1919000.0,2047000.0,2341000.0,1900000.0,2600000.0,2750000.0,3000000.0,0.0,0.0,0.0,0.0,0.0,0.0,0.0,0.0,1900000.0,2600000.0,2750000.0,3000000.0,0.2,1,0,0,0,150000.0,400000.0,1250000.0,1400000.0,1300000.0,1400000.0,845000.0,0.0,0,0,1,0,0,1,0,0,500000.0,0.0,400000.0,0.0,0.0,0.0,0.0,0.0,1,0,0,0,0,0,0
275,Micro-283,24,1,4,0,0,1,0,0,1,2021.0,2024.0,0,0,0,1,2,2,2,2,0,0,0,0,2,2.0,2.0,2.0,0,0,0,0,0.0,0.0,0.0,0.0,600000.0,300000.0,500000.0,800000.0,20000.0,10000.0,15000.0,18000.0,0.0,0.0,0.0,0.0,8000.0,4000.0,10000.0,15000.0,0.0,0.0,0.0,0.0,0.0,0.0,0.0,0.0,5000.0,3000.0,5000.0,5000.0,633000.0,317000.0,530000.0,898000.0,100000.0,700000.0,800000.0,1500000.0,0.0,0.0,0.0,0.0,0.0,0.0,0.0,0.0,100000.0,700000.0,800000.0,1500000.0,0.6,1,0,0,0,50000.0,100000.0,0.0,0.0,0.0,0.0,550000.0,0.0,0,1,0,0,1,0,1,0,700000.0,0.0,0.0,500000.0,0.0,0.0,0.0,0.0,0,1,0,0,0,0,0
276,Micro-284,35,1,2,0,1,0,0,0,1,,2024.0,0,0,0,1,5,1,3,5,0,0,0,0,5,1.0,3.0,5.0,0,0,0,0,1200000.0,0.0,600000.0,1800000.0,2000000.0,0.0,1200000.0,2000000.0,0.0,0.0,0.0,0.0,0.0,0.0,0.0,0.0,0.0,0.0,0.0,0.0,100000.0,0.0,120000.0,150000.0,0.0,0.0,200000.0,35000.0,0.0,0.0,0.0,0.0,3300000.0,0.0,2120000.0,3985000.0,4500000.0,0.0,3500000.0,800000.0,0.0,0.0,0.0,0.0,0.0,0.0,0.0,0.0,4500000.0,0.0,3500000.0,800000.0,0.4,1,0,0,0,0.0,0.0,0.0,0.0,0.0,0.0,2800000.0,0.0,0,1,0,0,1,0,1,,1000000.0,0.0,0.0,700000.0,0.0,0.0,0.0,0.0,0,1,0,0,0,0,0
277,Micro-285,44,1,0,0,1,0,0,0,1,2019.0,2024.0,0,0,0,1,1,1,1,1,0,0,0,0,1,1.0,1.0,1.0,0,0,0,0,0.0,0.0,0.0,0.0,300000.0,100000.0,20000.0,350000.0,1300.0,200.0,300.0,500.0,0.0,0.0,0.0,0.0,0.0,0.0,0.0,0.0,5000.0,4000.0,5000.0,5000.0,0.0,0.0,0.0,0.0,0.0,0.0,0.0,0.0,306300.0,104200.0,25300.0,355500.0,600000.0,200000.0,300000.0,700000.0,0.0,0.0,0.0,0.0,0.0,0.0,0.0,0.0,600000.0,200000.0,300000.0,700000.0,0.62,1,0,0,0,15000.0,35000.0,0.0,0.0,0.0,0.0,200000.0,0.0,0,0,1,0,1,0,1,0,60000.0,0.0,0.0,50000.0,0.0,0.0,0.0,0.0,0,0,0,0,0,0,0
278,Micro-286,34,1,2,0,1,0,0,0,1,2019.0,2024.0,0,0,0,1,4,2,3,4,0,0,0,0,4,2.0,3.0,4.0,0,0,0,0,1050000.0,600000.0,750000.0,1050000.0,600000.0,300000.0,450000.0,800000.0,0.0,0.0,0.0,0.0,0.0,0.0,0.0,0.0,0.0,0.0,0.0,0.0,15000.0,10000.0,25000.0,35000.0,0.0,0.0,0.0,0.0,20000.0,10000.0,15000.0,25000.0,1685000.0,920000.0,1240000.0,2000000.0,3000000.0,2000000.0,2500000.0,3500000.0,0.0,0.0,0.0,0.0,0.0,0.0,0.0,0.0,3000000.0,2000000.0,2500000.0,3500000.0,0.4,1,0,0,0,100000.0,300000.0,400000.0,300000.0,300000.0,400000.0,5500000.0,0.0,0,1,0,0,1,0,1,0,2000000.0,0.0,500000.0,700000.0,0.0,0.0,0.0,0.0,0,1,0,0,0,0,0
279,Micro-287,33,1,3,0,1,0,0,0,1,2019.0,2024.0,0,0,0,1,4,2,3,4,0,0,0,0,4,2.0,3.0,4.0,0,0,0,0,720000.0,300000.0,600000.0,1080000.0,1000000.0,500000.0,700000.0,1200000.0,190000.0,100000.0,140000.0,210000.0,0.0,0.0,0.0,0.0,0.0,0.0,0.0,0.0,20000.0,10000.0,30000.0,30000.0,0.0,0.0,0.0,0.0,20000.0,20000.0,20000.0,20000.0,2430000.0,1390000.0,1920000.0,2860000.0,5000000.0,2800000.0,3500000.0,7000000.0,0.0,0.0,0.0,0.0,0.0,0.0,0.0,0.0,5000000.0,2800000.0,3500000.0,7000000.0,0.2,1,0,0,0,150000.0,700000.0,480000.0,600000.0,600000.0,600000.0,35500000.0,0.0,0,1,0,0,1,0,1,0,6000000.0,0.0,2000000.0,0.0,0.0,0.0,0.0,1000000.0,0,1,0,0,0,0,0
280,Micro-288,46,1,3,0,1,0,0,1,1,2009.0,2024.0,0,0,1,0,1,1,1,1,1,1,1,1,2,2.0,2.0,2.0,0,0,0,0,235000.0,385000.0,445000.0,415000.0,685000.0,988500.0,1255000.0,1020850.0,52500.0,69500.0,70200.0,73500.0,0.0,0.0,0.0,0.0,90000.0,180000.0,180000.0,192000.0,5600.0,6850.0,9500.0,8250.0,128500.0,152500.0,128500.0,175000.0,12000.0,18000.0,20500.0,28000.0,1503600.0,2095350.0,2588700.0,2392600.0,1810800.0,2452700.0,2918500.0,2580000.0,0.0,0.0,0.0,0.0,0.0,0.0,0.0,0.0,1810800.0,2452700.0,2918500.0,2580000.0,0.5,0,1,0,0,150000.0,425000.0,590000.0,590000.0,650000.0,650000.0,2065000.0,0.0,1,0,0,1,0,0,0,0,0.0,100000.0,200000.0,200000.0,0.0,0.0,0.0,0.0,0,0,1,0,1,0,0
281,Micro-289,54,1,4,0,1,0,1,0,1,,2024.0,0,0,1,0,1,1,0,1,0,0,0,1,6,6.0,0.0,11.0,5,5,0,9,2780000.0,3460000.0,0.0,6480000.0,15640000.0,28760000.0,0.0,8766000.0,180000.0,180000.0,0.0,1104000.0,0.0,0.0,0.0,0.0,0.0,0.0,0.0,50000.0,1000000.0,1200000.0,0.0,2000000.0,400000.0,600000.0,0.0,600000.0,400000.0,600000.0,0.0,600000.0,20400000.0,34800000.0,0.0,19600000.0,30000000.0,50000000.0,0.0,24000000.0,0.0,0.0,0.0,0.0,0.0,0.0,0.0,0.0,30000000.0,50000000.0,0.0,24000000.0,0.1,0,0,1,0,1800000.0,2200000.0,1200000.0,1200000.0,1200000.0,1200000.0,91500000.0,0.0,1,0,0,1,0,0,1,1,0.0,0.0,91500000.0,0.0,0.0,0.0,0.0,0.0,0,0,0,0,0,0,0
282,Micro-290,37,1,4,0,1,0,0,0,1,2022.0,2024.0,0,0,1,0,1,1,1,1,0,0,0,0,1,1.0,1.0,1.0,0,0,0,0,0.0,0.0,0.0,0.0,20000.0,30000.0,40000.0,50000.0,30000.0,30000.0,30000.0,30000.0,0.0,0.0,0.0,0.0,0.0,0.0,0.0,0.0,0.0,0.0,0.0,0.0,5000.0,7000.0,7000.0,10000.0,10000.0,8000.0,5000.0,5000.0,65000.0,75000.0,82000.0,95000.0,150000.0,200000.0,230000.0,500000.0,0.0,0.0,0.0,0.0,0.0,0.0,0.0,0.0,150000.0,200000.0,230000.0,500000.0,0.3,1,0,0,0,0.0,0.0,1000000.0,1000000.0,1100000.0,1000000.0,7000000.0,0.0,0,0,1,0,0,1,0,0,100000.0,100000.0,100000.0,100000.0,0.0,0.0,0.0,0.0,0,1,0,0,0,0,0
283,Micro-291,38,1,2,0,1,0,0,0,1,2019.0,2024.0,0,0,1,0,1,1,1,1,0,0,0,0,1,1.0,1.0,1.0,0,0,0,0,0.0,0.0,0.0,0.0,600000.0,600000.0,800000.0,1000000.0,68000.0,68000.0,83000.0,80000.0,0.0,0.0,0.0,0.0,0.0,0.0,0.0,0.0,100000.0,100000.0,100000.0,100000.0,50000.0,50000.0,50000.0,50000.0,5000.0,5000.0,5000.0,5000.0,823000.0,823000.0,1038000.0,1235000.0,1500000.0,2000000.0,2500000.0,3000000.0,0.0,0.0,0.0,0.0,0.0,0.0,0.0,0.0,1500000.0,2000000.0,2500000.0,3000000.0,0.3,1,0,0,0,0.0,0.0,0.0,0.0,0.0,0.0,12400000.0,0.0,1,0,0,0,1,0,0,1,400000.0,400000.0,900000.0,800000.0,0.0,0.0,400000.0,300000.0,0,1,0,0,0,0,0
284,Micro-292,44,1,5,0,1,0,0,1,1,2023.0,2024.0,0,0,1,0,1,1,1,1,0,0,0,0,1,1.0,1.0,1.0,0,0,0,0,0.0,0.0,0.0,0.0,0.0,0.0,0.0,0.0,12000.0,12000.0,13000.0,15000.0,0.0,0.0,0.0,0.0,0.0,0.0,0.0,0.0,0.0,0.0,0.0,0.0,0.0,0.0,0.0,0.0,0.0,0.0,0.0,0.0,12000.0,12000.0,13000.0,15000.0,360000.0,360000.0,380000.0,400000.0,0.0,0.0,0.0,0.0,0.0,0.0,0.0,0.0,360000.0,360000.0,380000.0,400000.0,0.2,1,0,0,0,0.0,0.0,1700000.0,1700000.0,1700000.0,1800000.0,70000.0,0.0,0,0,0,0,0,0,0,0,70000.0,70000.0,80000.0,80000.0,0.0,0.0,0.0,0.0,0,0,0,0,0,0,0
285,Micro-293,49,1,4,0,1,0,0,0,1,2019.0,2024.0,0,0,1,0,1,1,1,1,0,0,0,0,1,1.0,1.0,1.0,0,0,0,0,0.0,0.0,0.0,0.0,0.0,0.0,0.0,0.0,55000.0,65000.0,75000.0,70000.0,0.0,0.0,0.0,0.0,0.0,0.0,0.0,0.0,15000.0,20000.0,10000.0,12000.0,0.0,0.0,0.0,0.0,5000.0,5000.0,5000.0,5000.0,75000.0,90000.0,90000.0,87000.0,300000.0,350000.0,350000.0,400000.0,0.0,0.0,0.0,0.0,0.0,0.0,0.0,0.0,300000.0,350000.0,350000.0,400000.0,0.3,1,0,0,0,0.0,0.0,1000000.0,1000000.0,1000000.0,1000000.0,8050000.0,0.0,0,0,0,0,0,0,0,0,50000.0,50000.0,50000.0,50000.0,0.0,0.0,0.0,0.0,0,1,0,0,0,0,0
286,Micro-294,51,1,2,0,1,0,0,0,1,2019.0,2024.0,0,0,1,0,1,1,1,1,0,0,0,0,1,1.0,1.0,1.0,0,0,0,0,0.0,0.0,0.0,0.0,10000.0,12000.0,10000.0,20000.0,35000.0,28000.0,30000.0,35000.0,0.0,0.0,0.0,0.0,0.0,0.0,0.0,0.0,10000.0,10000.0,10000.0,10000.0,8000.0,7000.0,7500.0,8000.0,5000.0,5000.0,5000.0,5000.0,246000.0,62000.0,282500.0,279000.0,600000.0,500000.0,500000.0,700000.0,0.0,0.0,30000.0,30000.0,0.0,0.0,0.0,0.0,600000.0,500000.0,530000.0,730000.0,0.6,1,0,0,0,15000.0,30000.0,530000.0,535000.0,540000.0,600000.0,6695000.0,0.0,0,0,1,0,0,1,0,0,600000.0,800000.0,600000.0,975000.0,0.0,0.0,0.0,100000.0,0,1,0,0,0,0,0
287,Micro-295,40,1,3,0,1,0,0,0,1,,2024.0,0,0,1,0,1,1,0,0,0,0,0,0,1,1.0,0.0,0.0,0,0,0,0,0.0,0.0,0.0,0.0,0.0,0.0,2000000.0,3500000.0,0.0,0.0,170000.0,38000.0,0.0,0.0,500000.0,0.0,0.0,0.0,0.0,0.0,0.0,0.0,30000.0,40000.0,0.0,0.0,75000.0,75000.0,0.0,0.0,100000.0,120000.0,0.0,0.0,3025000.0,3773000.0,3550000.0,5075000.0,0.0,0.0,0.0,0.0,0.0,0.0,0.0,0.0,0.0,0.0,3550000.0,5075000.0,0.0,0.0,0.8,1,0,0,0,0.0,0.0,0.0,0.0,0.0,0.0,19750000.0,0.0,0,1,0,0,1,0,0,0,0.0,0.0,0.0,0.0,0.0,0.0,0.0,0.0,0,0,0,0,0,0,0
288,Micro-296,50,1,2,0,1,0,0,0,1,,2024.0,0,0,1,0,1,0,0,0,0,0,0,0,1,0.0,0.0,0.0,0,0,0,0,0.0,0.0,0.0,0.0,3500000.0,0.0,0.0,0.0,35000.0,0.0,0.0,0.0,0.0,0.0,0.0,0.0,0.0,0.0,0.0,0.0,50000.0,0.0,0.0,0.0,75000.0,0.0,0.0,0.0,100000.0,0.0,0.0,0.0,5960000.0,0.0,0.0,0.0,6050000.0,0.0,0.0,0.0,0.0,0.0,0.0,0.0,0.0,0.0,0.0,0.0,6050000.0,0.0,0.0,0.0,0.8,1,0,0,0,0.0,0.0,0.0,0.0,0.0,0.0,9180000.0,0.0,0,1,0,0,1,0,0,0,0.0,0.0,0.0,0.0,0.0,0.0,0.0,0.0,0,0,0,0,0,0,0
289,Micro-297,35,1,4,0,1,0,0,0,1,,2024.0,0,0,1,0,1,1,0,0,0,0,0,0,1,1.0,0.0,0.0,0,0,0,0,0.0,0.0,0.0,0.0,1500000.0,1800000.0,0.0,0.0,23000.0,30000.0,0.0,0.0,0.0,0.0,0.0,0.0,0.0,0.0,0.0,0.0,8000.0,7000.0,0.0,0.0,75000.0,75000.0,0.0,0.0,100000.0,10000.0,0.0,0.0,2106000.0,2322000.0,0.0,0.0,3000000.0,2850000.0,0.0,0.0,0.0,0.0,0.0,0.0,0.0,0.0,0.0,0.0,3000000.0,2850000.0,0.0,0.0,0.8,1,0,0,0,150000.0,500000.0,0.0,0.0,0.0,0.0,130000.0,0.0,0,1,0,0,1,0,,1,0.0,0.0,0.0,0.0,0.0,0.0,0.0,0.0,0,0,0,0,0,0,0
290,Micro-298,39,1,2,0,1,0,0,0,1,2010.0,2024.0,0,0,1,0,1,0,0,0,0,0,0,0,1,0.0,0.0,0.0,0,0,0,0,0.0,0.0,0.0,0.0,1275000.0,0.0,0.0,0.0,42000.0,0.0,0.0,0.0,0.0,0.0,0.0,0.0,0.0,0.0,0.0,0.0,10000.0,0.0,0.0,0.0,100000.0,0.0,0.0,0.0,50000.0,0.0,0.0,0.0,1977000.0,0.0,0.0,0.0,3050000.0,0.0,0.0,0.0,0.0,0.0,0.0,0.0,0.0,0.0,0.0,0.0,3050000.0,0.0,0.0,0.0,0.0,1,0,0,0,75000.0,575000.0,0.0,0.0,0.0,0.0,8020000.0,0.0,0,0,0,0,0,0,0,0,500000.0,0.0,0.0,0.0,0.0,0.0,0.0,0.0,0,0,0,0,0,0,0
291,Micro-299,46,1,5,0,1,0,0,0,1,,2024.0,0,0,1,0,1,1,0,0,0,0,0,0,1,1.0,0.0,0.0,0,0,0,0,0.0,0.0,0.0,0.0,975000.0,850000.0,0.0,0.0,325000.0,280000.0,0.0,0.0,0.0,0.0,0.0,0.0,0.0,0.0,0.0,0.0,250000.0,250000.0,0.0,0.0,125000.0,125000.0,0.0,0.0,75000.0,75000.0,0.0,0.0,2150000.0,2080000.0,0.0,0.0,3530000.0,40000000.0,0.0,0.0,0.0,0.0,0.0,0.0,0.0,0.0,0.0,0.0,3530000.0,40000000.0,0.0,0.0,0.0,1,0,0,0,0.0,0.0,0.0,0.0,0.0,0.0,7625000.0,0.0,0,0,0,0,0,0,0,0,400000.0,500000.0,0.0,0.0,0.0,0.0,0.0,0.0,0,0,0,0,0,0,0
292,Micro-300,49,1,4,0,1,0,0,0,1,,2024.0,0,0,0,1,1,1,1,1,3,2,3,3,4,3.0,4.0,4.0,0,0,0,0,216000.0,156000.0,204000.0,480000.0,252000.0,204000.0,240000.0,780000.0,31200.0,20160.0,27600.0,63000.0,0.0,0.0,0.0,0.0,0.0,0.0,0.0,0.0,0.0,0.0,0.0,0.0,0.0,0.0,0.0,0.0,0.0,0.0,0.0,0.0,499200.0,380160.0,471600.0,1323000.0,1500000.0,1020000.0,1944000.0,2838000.0,0.0,0.0,0.0,0.0,0.0,0.0,0.0,0.0,1500000.0,1020000.0,1944000.0,2838000.0,0.25,1,0,0,0,80000.0,240000.0,0.0,0.0,0.0,0.0,0.0,0.0,0,1,0,0,0,0,1,,0.0,0.0,0.0,0.0,0.0,0.0,0.0,0.0,0,1,0,0,0,0,0
293,Micro-301,51,1,4,0,1,0,0,0,1,,2024.0,0,0,0,1,0,0,0,0,0,0,0,0,0,0.0,0.0,0.0,0,0,0,0,0.0,0.0,0.0,0.0,0.0,0.0,0.0,0.0,0.0,0.0,0.0,0.0,0.0,0.0,0.0,0.0,0.0,0.0,0.0,0.0,0.0,0.0,0.0,0.0,0.0,0.0,0.0,0.0,0.0,0.0,0.0,0.0,0.0,0.0,0.0,0.0,0.0,0.0,0.0,0.0,0.0,0.0,0.0,0.0,0.0,0.0,0.0,0.0,0.0,0.0,0.0,0.0,0.0,0,0,0,0,0.0,0.0,0.0,0.0,0.0,0.0,0.0,0.0,0,0,0,0,0,0,,,100000.0,0.0,0.0,0.0,0.0,0.0,0.0,0.0,0,0,0,0,0,0,0
294,Micro-302,42,1,5,0,1,0,0,0,1,2012.0,2024.0,0,0,0,1,1,1,1,1,1,1,1,1,2,2.0,2.0,2.0,0,0,0,0,249600.0,216000.0,264000.0,312000.0,72000.0,36000.0,60000.0,90000.0,0.0,0.0,0.0,0.0,0.0,0.0,0.0,0.0,0.0,0.0,0.0,0.0,0.0,0.0,0.0,0.0,48000.0,24000.0,72000.0,96000.0,0.0,0.0,0.0,0.0,369600.0,276000.0,396000.0,498000.0,444000.0,324000.0,432000.0,588000.0,0.0,0.0,0.0,0.0,0.0,0.0,0.0,0.0,444000.0,324000.0,432000.0,588000.0,0.12,1,0,0,0,41000.0,51000.0,20000.0,20000.0,42000.0,47000.0,0.0,0.0,0,0,1,0,0,1,0,0,100000.0,100000.0,100000.0,100000.0,0.0,0.0,0.0,0.0,1,0,0,1,0,0,0
295,Micro-303,54,1,4,0,1,0,0,0,1,2021.0,2024.0,0,1,0,0,0,1,1,1,0,0,0,0,0,1.0,1.0,1.0,0,0,0,0,0.0,0.0,0.0,0.0,100000.0,100000.0,50000.0,250000.0,30000.0,36000.0,24000.0,24000.0,0.0,0.0,0.0,0.0,0.0,0.0,0.0,0.0,0.0,0.0,0.0,0.0,0.0,0.0,0.0,0.0,10000.0,12000.0,10000.0,13000.0,140000.0,148000.0,84000.0,287000.0,10000.0,15000.0,16000.0,20000.0,0.0,0.0,0.0,0.0,0.0,0.0,0.0,0.0,10000.0,15000.0,16000.0,20000.0,0.0,1,0,0,0,0.0,0.0,0.0,0.0,0.0,0.0,200000.0,0.0,0,0,1,0,1,0,0,1,300000.0,300000.0,3000000.0,300000.0,0.0,0.0,0.0,0.0,0,0,0,0,0,0,0
296,Micro-304,66,1,2,0,1,0,0,0,1,,2024.0,0,1,0,0,2,2,2,2,0,0,0,0,2,2.0,2.0,2.0,0,0,0,0,120000.0,120000.0,150000.0,150000.0,0.0,0.0,0.0,0.0,60000.0,60000.0,48000.0,24000.0,0.0,0.0,0.0,0.0,0.0,0.0,0.0,0.0,12000.0,12000.0,24000.0,12000.0,0.0,0.0,0.0,0.0,0.0,0.0,0.0,0.0,192000.0,192000.0,222000.0,186000.0,0.0,0.0,96000.0,1000000.0,0.0,0.0,0.0,0.0,0.0,0.0,0.0,0.0,0.0,0.0,96000.0,1000000.0,0.0,1,0,0,0,0.0,0.0,0.0,0.0,0.0,0.0,710000.0,0.0,0,1,0,0,1,0,0,1,0.0,0.0,0.0,0.0,0.0,0.0,0.0,0.0,1,0,0,1,0,0,0
297,Micro-305,39,1,3,0,1,0,0,0,1,2020.0,2024.0,0,1,0,0,3,3,1,1,0,0,0,0,3,3.0,1.0,1.0,0,0,0,0,48000.0,50000.0,30000.0,15000.0,0.0,0.0,0.0,0.0,15000.0,12000.0,11000.0,10000.0,0.0,0.0,0.0,0.0,0.0,0.0,0.0,0.0,0.0,0.0,0.0,0.0,0.0,0.0,0.0,0.0,20000.0,15000.0,0.0,10000.0,83000.0,77000.0,126000.0,120000.0,0.0,0.0,0.0,0.0,0.0,0.0,0.0,0.0,0.0,0.0,0.0,0.0,0.0,0.0,0.0,0.0,0.0,1,0,0,0,160000.0,275000.0,48000.0,50000.0,30000.0,15000.0,8000000.0,9000000.0,1,0,0,0,1,0,1,1,0.0,0.0,0.0,0.0,0.0,0.0,0.0,0.0,1,0,0,0,0,0,0
298,Micro-306,42,1,6,1,0,0,0,0,1,,2024.0,0,1,0,0,1,1,1,1,0,0,0,0,1,1.0,1.0,1.0,0,0,0,0,144000.0,180000.0,180000.0,0.0,500000.0,500000.0,400000.0,800000.0,30000.0,35000.0,36000.0,25000.0,0.0,0.0,0.0,0.0,0.0,0.0,0.0,0.0,0.0,0.0,0.0,0.0,0.0,0.0,0.0,0.0,10000.0,12000.0,16000.0,15000.0,684000.0,727000.0,632000.0,840000.0,0.0,0.0,0.0,0.0,0.0,0.0,0.0,0.0,0.0,0.0,0.0,0.0,0.0,0.0,0.0,0.0,0.0,1,0,0,0,2000000.0,7000000.0,144000.0,180000.0,180000.0,0.0,8200000.0,0.0,1,0,0,1,0,0,1,1,300000.0,0.0,2500000.0,200000.0,0.0,0.0,0.0,0.0,1,0,0,0,0,0,0
299,Micro-307,51,1,4,0,0,1,0,0,1,2019.0,2024.0,0,1,0,0,1,1,1,1,0,0,0,0,1,1.0,1.0,1.0,0,0,0,0,120000.0,126000.0,144000.0,150000.0,132000.0,138000.0,140000.0,135000.0,12000.0,13500.0,12500.0,11000.0,0.0,0.0,0.0,0.0,0.0,0.0,0.0,0.0,10000.0,14000.0,15000.0,25000.0,0.0,0.0,0.0,0.0,0.0,0.0,0.0,0.0,274000.0,291500.0,311500.0,321000.0,450000.0,560000.0,750000.0,1000000.0,0.0,0.0,0.0,0.0,0.0,0.0,0.0,0.0,450000.0,560000.0,750000.0,1000000.0,0.0,1,0,0,0,60000.0,200000.0,0.0,0.0,0.0,35000.0,0.0,3000000.0,0,0,0,0,0,0,0,0,0.0,0.0,0.0,0.0,0.0,0.0,0.0,0.0,0,0,1,0,0,0,0
300,Micro-308,52,1,4,0,1,0,0,0,1,2009.0,2024.0,0,1,0,0,2,2,2,2,0,0,0,0,2,2.0,2.0,2.0,0,0,0,0,100000.0,120000.0,130000.0,140000.0,100000.0,125000.0,200000.0,200000.0,64000.0,72000.0,76000.0,96000.0,0.0,0.0,0.0,0.0,0.0,0.0,0.0,0.0,11000.0,28000.0,30000.0,40000.0,18000.0,22000.0,25000.0,30000.0,20000.0,22000.0,30000.0,45000.0,313000.0,389000.0,491000.0,551000.0,0.0,0.0,0.0,0.0,0.0,0.0,0.0,0.0,0.0,0.0,0.0,0.0,0.0,0.0,0.0,0.0,0.0,1,0,0,0,150000.0,300000.0,0.0,0.0,0.0,0.0,1150000.0,0.0,1,0,0,0,1,0,0,0,0.0,0.0,0.0,0.0,0.0,0.0,0.0,0.0,0,1,1,0,0,0,0
301,Micro-309,44,1,3,0,0,1,0,0,1,,2024.0,0,1,0,0,1,1,1,1,0,0,0,0,1,1.0,1.0,1.0,0,0,0,0,0.0,0.0,0.0,0.0,75000.0,150000.0,200000.0,350000.0,12000.0,12000.0,10000.0,10000.0,0.0,0.0,0.0,0.0,0.0,0.0,0.0,0.0,0.0,0.0,0.0,0.0,0.0,0.0,0.0,0.0,0.0,0.0,0.0,0.0,95500.0,170000.0,217500.0,367000.0,100000.0,150000.0,175000.0,175000.0,0.0,0.0,0.0,0.0,0.0,0.0,0.0,0.0,100000.0,150000.0,175000.0,175000.0,0.0,1,0,0,0,100000.0,250000.0,450000.0,50000.0,55000.0,55000.0,16750000.0,0.0,0,0,0,0,0,0,0,0,0.0,0.0,0.0,0.0,0.0,0.0,0.0,0.0,0,1,0,0,0,0,0
302,Micro-310,39,1,3,0,1,0,0,0,1,2019.0,2024.0,0,1,0,0,1,1,1,1,0,0,0,0,1,1.0,1.0,1.0,0,0,0,0,0.0,0.0,0.0,0.0,150000.0,210000.0,275000.0,350000.0,12000.0,11500.0,13000.0,10000.0,0.0,0.0,0.0,0.0,0.0,0.0,0.0,0.0,0.0,0.0,0.0,0.0,12000.0,14000.0,18000.0,20000.0,0.0,0.0,0.0,0.0,174000.0,235500.0,306000.0,380000.0,0.0,0.0,0.0,0.0,0.0,0.0,0.0,0.0,0.0,0.0,0.0,0.0,0.0,0.0,0.0,0.0,0.0,1,0,0,0,0.0,0.0,0.0,0.0,0.0,0.0,0.0,0.0,1,0,0,0,1,0,1,1,0.0,0.0,0.0,0.0,0.0,0.0,0.0,0.0,0,0,0,0,0,0,0
303,Micro-311,42,1,5,0,1,0,0,0,1,2020.0,2024.0,0,1,0,0,1,1,1,1,0,0,0,0,1,1.0,1.0,1.0,0,0,0,0,0.0,0.0,0.0,0.0,150000.0,175000.0,200000.0,300000.0,12000.0,10000.0,10000.0,8000.0,0.0,0.0,0.0,0.0,0.0,0.0,0.0,0.0,0.0,0.0,0.0,0.0,0.0,0.0,0.0,0.0,8000.0,11000.0,10000.0,12000.0,170000.0,196000.0,220000.0,320000.0,0.0,0.0,0.0,0.0,0.0,0.0,0.0,0.0,0.0,0.0,0.0,0.0,0.0,0.0,0.0,0.0,0.0,1,0,0,0,0.0,0.0,0.0,0.0,0.0,0.0,0.0,0.0,0,1,0,0,1,0,1,1,0.0,0.0,0.0,0.0,0.0,0.0,0.0,0.0,0,0,0,0,0,0,0
304,Micro-312,40,1,3,0,1,0,0,0,1,2022.0,2024.0,0,1,0,0,0,0,2,2,0,0,0,0,0,0.0,2.0,2.0,0,0,0,0,0.0,0.0,0.0,0.0,0.0,0.0,0.0,0.0,0.0,0.0,29000.0,48000.0,0.0,0.0,0.0,0.0,0.0,0.0,264000.0,288000.0,0.0,0.0,0.0,0.0,0.0,0.0,0.0,0.0,0.0,0.0,50000.0,70000.0,0.0,0.0,343000.0,406000.0,0.0,0.0,730000.0,800000.0,0.0,0.0,0.0,0.0,0.0,0.0,0.0,0.0,0.0,0.0,730000.0,800000.0,0.0,1,0,0,0,15000.0,50000.0,0.0,0.0,0.0,0.0,50000.0,0.0,0,0,0,0,0,1,0,0,0.0,0.0,730000.0,800000.0,0.0,0.0,0.0,0.0,0,0,0,0,0,0,0
305,Micro-313,55,1,5,0,1,0,0,0,1,,2024.0,0,1,0,0,1,1,1,1,0,0,0,0,1,1.0,1.0,1.0,0,0,0,0,0.0,0.0,0.0,0.0,150000.0,175000.0,250000.0,325000.0,10000.0,14000.0,12000.0,10000.0,0.0,0.0,0.0,0.0,0.0,0.0,0.0,0.0,0.0,0.0,0.0,0.0,8000.0,7500.0,5000.0,6500.0,0.0,0.0,0.0,0.0,168000.0,196500.0,267000.0,341500.0,210000.0,285000.0,290000.0,360000.0,0.0,0.0,0.0,0.0,0.0,0.0,0.0,0.0,210000.0,285000.0,290000.0,360000.0,0.0,1,0,0,0,11000.0,50000.0,0.0,0.0,0.0,0.0,700000.0,0.0,0,1,0,0,1,0,1,1,0.0,0.0,0.0,0.0,0.0,0.0,0.0,0.0,0,0,0,0,0,0,0
306,Micro-314,51,1,4,0,1,0,0,0,1,,2024.0,0,1,0,0,1,1,1,1,0,0,0,0,1,1.0,1.0,1.0,0,0,0,0,0.0,0.0,0.0,0.0,0.0,0.0,0.0,0.0,10200.0,10200.0,66000.0,42000.0,0.0,0.0,0.0,0.0,0.0,0.0,0.0,0.0,36000.0,36000.0,32000.0,21000.0,0.0,0.0,0.0,0.0,0.0,0.0,0.0,0.0,46200.0,46200.0,98000.0,63000.0,210000.0,265000.0,240000.0,280000.0,0.0,0.0,0.0,0.0,0.0,0.0,0.0,0.0,210000.0,265000.0,240000.0,280000.0,0.0,1,0,0,0,60000.0,350000.0,0.0,0.0,0.0,0.0,12300000.0,0.0,1,0,0,0,1,0,1,1,0.0,0.0,0.0,0.0,0.0,0.0,0.0,0.0,0,0,0,0,0,0,0
307,Micro-315,56,1,4,0,0,1,0,0,1,2013.0,2024.0,0,0,0,1,0,0,0,1,0,0,0,0,0,0.0,0.0,1.0,0,0,0,0,0.0,0.0,0.0,0.0,0.0,0.0,0.0,0.0,0.0,0.0,0.0,0.0,0.0,0.0,0.0,0.0,0.0,0.0,0.0,0.0,0.0,0.0,0.0,0.0,0.0,0.0,0.0,0.0,0.0,0.0,0.0,0.0,0.0,0.0,0.0,0.0,0.0,0.0,0.0,0.0,0.0,0.0,0.0,0.0,0.0,0.0,0.0,0.0,0.0,0.0,0.0,0.0,0.0,1,0,0,0,0.0,0.0,80000.0,60000.0,100000.0,400000.0,3515000.0,0.0,0,0,0,0,0,0,0,0,50000.0,0.0,0.0,0.0,0.0,0.0,0.0,0.0,0,0,0,0,0,0,0
308,Micro-316,30,1,3,0,1,0,1,0,1,2019.0,2024.0,0,0,0,1,1,1,1,1,0,0,0,0,1,1.0,1.0,1.0,0,0,0,0,0.0,0.0,0.0,0.0,0.0,0.0,0.0,180000.0,0.0,0.0,0.0,26400.0,0.0,0.0,0.0,0.0,0.0,0.0,0.0,0.0,0.0,0.0,0.0,1200.0,0.0,0.0,0.0,1000.0,0.0,0.0,0.0,1000.0,0.0,0.0,0.0,209600.0,0.0,0.0,0.0,326600.0,0.0,0.0,0.0,0.0,0.0,0.0,0.0,0.0,0.0,0.0,0.0,326600.0,0.0,1,0,0,0,8000.0,7000.0,0.0,480000.0,600000.0,960000.0,4060000.0,0.0,,,1,,,1,0,0,75000.0,75000.0,75000.0,75000.0,,,,,,1,,,,,
309,Micro-317,,1,3,0,0,1,1,0,1,,2024.0,0,0,0,1,1,0,0,0,0,0,0,0,1,0.0,0.0,0.0,0,0,0,0,0.0,0.0,0.0,0.0,0.0,0.0,0.0,0.0,0.0,0.0,0.0,33000.0,0.0,0.0,0.0,0.0,0.0,0.0,0.0,0.0,0.0,0.0,0.0,8000.0,0.0,0.0,0.0,2000.0,0.0,0.0,0.0,1000.0,0.0,0.0,0.0,44000.0,0.0,0.0,0.0,0.0,0.0,0.0,0.0,0.0,0.0,0.0,0.0,0.0,0.0,0.0,0.0,0.0,0.0,1,0,0,0,0.0,0.0,0.0,0.0,20000.0,24000.0,1850000.0,0.0,0,0,1,0,0,1,0,0,2750000.0,2750000.0,2750000.0,2750000.0,,,,,0,1,0,0,0,0,0
310,Micro-318,,1,5,0,1,0,1,0,1,2017.0,2024.0,0,0,0,1,1,1,1,1,0,0,0,0,1,1.0,1.0,1.0,0,0,0,0,0.0,0.0,0.0,0.0,0.0,0.0,0.0,450000.0,0.0,0.0,0.0,55000.0,0.0,0.0,0.0,0.0,0.0,0.0,0.0,0.0,0.0,0.0,0.0,7000.0,0.0,0.0,0.0,3000.0,0.0,0.0,0.0,500.0,0.0,0.0,0.0,515500.0,0.0,0.0,0.0,960000.0,0.0,0.0,0.0,0.0,0.0,0.0,0.0,0.0,0.0,0.0,0.0,960000.0,0.0,1,0,0,0,4000.0,8000.0,35000.0,40000.0,45000.0,50000.0,26000000.0,0.0,0,0,1,0,0,1,0,0,30000.0,30000.0,30000.0,30000.0,0.0,0.0,0.0,0.0,0,1,0,0,0,0,0
311,Micro-319,34,1,2,0,1,0,0,0,1,,2024.0,0,0,0,1,0,0,0,0,0,0,0,0,0,0.0,0.0,0.0,0,0,0,0,0.0,0.0,0.0,0.0,0.0,0.0,0.0,2886000.0,0.0,0.0,0.0,156000.0,0.0,0.0,0.0,0.0,0.0,0.0,0.0,72000.0,0.0,0.0,0.0,72000.0,0.0,0.0,0.0,3000.0,0.0,0.0,0.0,30000.0,0.0,0.0,0.0,3219000.0,0.0,0.0,0.0,3600000.0,0.0,0.0,0.0,0.0,0.0,0.0,0.0,0.0,0.0,0.0,0.0,3600000.0,0.0,0,0,0,0,480000.0,720000.0,0.0,0.0,0.0,0.0,85200000.0,0.0,0,0,1,0,0,1,1,1,120000.0,120000.0,120000.0,120000.0,0.0,0.0,0.0,0.0,0,1,0,0,0,0,0
312,Micro-320,69,1,2,0,1,1,0,0,1,2023.0,2024.0,0,0,0,1,1,1,1,1,0,0,0,0,1,1.0,1.0,1.0,0,0,0,0,0.0,0.0,0.0,0.0,0.0,0.0,0.0,90000.0,0.0,0.0,0.0,19000.0,0.0,0.0,0.0,0.0,0.0,0.0,0.0,0.0,0.0,0.0,0.0,8000.0,0.0,0.0,0.0,7000.0,0.0,0.0,0.0,2000.0,0.0,0.0,0.0,126000.0,0.0,0.0,0.0,0.0,0.0,0.0,0.0,0.0,0.0,0.0,0.0,0.0,0.0,0.0,0.0,0.0,0.0,1,0,0,0,12000.0,16000.0,0.0,0.0,30000.0,46000.0,3000000.0,0.0,0,0,1,0,0,1,0,0,48000.0,48000.0,48000.0,48000.0,0.0,0.0,0.0,0.0,0,1,0,0,0,0,0
313,Micro-321,39,1,4,0,1,0,1,0,1,2018.0,2024.0,0,0,0,1,1,1,1,1,0,0,0,0,1,1.0,1.0,1.0,0,0,0,0,0.0,0.0,0.0,48000.0,0.0,0.0,0.0,18000.0,0.0,0.0,0.0,18000.0,0.0,0.0,0.0,0.0,0.0,0.0,0.0,0.0,0.0,0.0,0.0,1200.0,0.0,0.0,0.0,0.0,0.0,0.0,0.0,0.0,0.0,0.0,0.0,85200.0,0.0,0.0,0.0,108000.0,0.0,0.0,0.0,0.0,0.0,0.0,0.0,0.0,0.0,0.0,0.0,108000.0,0.0,1,0,0,0,6000.0,9000.0,0.0,0.0,0.0,60000.0,0.0,100000.0,0,0,0,0,0,0,1,1,5000000.0,4400000.0,3500000.0,4000000.0,0.0,0.0,0.0,0.0,0,1,0,0,0,0,0
314,Micro-322,58,1,6,0,1,1,0,0,1,2020.0,2024.0,0,0,0,1,1,1,1,1,0,0,0,0,1,1.0,1.0,1.0,0,0,0,0,0.0,0.0,0.0,0.0,0.0,0.0,0.0,15000.0,0.0,0.0,0.0,5400.0,0.0,0.0,0.0,0.0,0.0,0.0,0.0,0.0,0.0,0.0,0.0,1500.0,0.0,0.0,0.0,0.0,0.0,0.0,0.0,0.0,0.0,0.0,0.0,21900.0,0.0,0.0,0.0,0.0,0.0,0.0,0.0,0.0,0.0,0.0,0.0,0.0,0.0,0.0,0.0,0.0,0.0,1,0,0,0,16000.0,28800.0,3000.0,5000.0,108000.0,101000.0,1601500.0,0.0,0,0,0,0,0,0,1,1,0.0,0.0,0.0,0.0,0.0,0.0,0.0,0.0,0,0,0,0,0,0,0
315,Micro-323,56,1,4,0,0,0,1,0,1,,2024.0,0,0,0,1,0,0,0,0,0,0,0,0,0,0.0,0.0,0.0,0,0,0,0,0.0,0.0,0.0,0.0,0.0,0.0,0.0,0.0,0.0,0.0,0.0,0.0,0.0,0.0,0.0,0.0,0.0,0.0,0.0,0.0,0.0,0.0,0.0,0.0,0.0,0.0,0.0,0.0,0.0,0.0,0.0,0.0,0.0,0.0,0.0,0.0,0.0,0.0,0.0,0.0,0.0,0.0,0.0,0.0,0.0,0.0,0.0,0.0,0.0,0.0,0.0,0.0,0.0,0,0,0,0,0.0,0.0,0.0,0.0,0.0,0.0,260000.0,0.0,0,0,0,0,0,0,0,0,1500000.0,1500000.0,2000000.0,2000000.0,0.0,0.0,0.0,0.0,0,0,0,0,0,0,0
316,Micro-324,49,1,4,0,1,0,0,0,1,,2024.0,0,0,0,1,1,1,1,1,0,0,0,0,1,1.0,1.0,1.0,0,0,0,0,0.0,0.0,0.0,0.0,0.0,0.0,0.0,2000000.0,6100.0,7300.0,8500.0,11000.0,0.0,0.0,0.0,0.0,0.0,0.0,0.0,7000.0,1500.0,7000.0,4000.0,5000.0,0.0,0.0,0.0,1000.0,0.0,0.0,0.0,0.0,7600.0,14300.0,12500.0,2024000.0,0.0,0.0,0.0,0.0,0.0,0.0,0.0,0.0,0.0,0.0,0.0,0.0,0.0,0.0,0.0,0.0,0.0,0,0,0,0,0.0,0.0,360000.0,420000.0,495000.0,15000.0,0.0,196000.0,0,0,0,0,0,0,0,0,20000.0,20000.0,30000.0,50000.0,0.0,0.0,0.0,0.0,0,0,0,0,0,0,0
317,Micro-325,38,1,3,0,1,0,0,0,1,2012.0,2024.0,0,0,0,1,0,0,0,1,0,0,0,0,0,0.0,0.0,1.0,0,0,0,0,0.0,0.0,0.0,0.0,0.0,0.0,0.0,84000.0,0.0,0.0,0.0,56000.0,0.0,0.0,0.0,0.0,0.0,0.0,0.0,36000.0,0.0,0.0,0.0,12000.0,0.0,0.0,0.0,25000.0,0.0,0.0,0.0,10000.0,1000000.0,0.0,0.0,223000.0,0.0,0.0,0.0,420000.0,0.0,0.0,0.0,0.0,0.0,0.0,0.0,0.0,0.0,0.0,0.0,420000.0,0.0,1,0,0,0,0.0,0.0,0.0,0.0,0.0,60000.0,3700000.0,48000.0,0,0,0,0,0,0,1,1,1000000.0,1000000.0,1000000.0,1200000.0,0.0,0.0,0.0,0.0,0,0,0,0,0,0,0
318,Micro-326,32,1,3,0,1,0,0,0,1,2019.0,2024.0,0,0,0,1,1,1,1,1,0,0,0,0,1,1.0,1.0,1.0,0,0,0,0,0.0,0.0,0.0,0.0,1200000.0,500000.0,700000.0,1400000.0,15000.0,10000.0,13000.0,26000.0,0.0,0.0,0.0,0.0,96000.0,96000.0,108000.0,120000.0,0.0,0.0,0.0,0.0,0.0,0.0,0.0,0.0,10000.0,5000.0,8000.0,12000.0,1477000.0,827000.0,1009000.0,1558000.0,200000.0,1200000.0,1800000.0,2400000.0,0.0,0.0,0.0,0.0,0.0,0.0,0.0,0.0,200000.0,1200000.0,1800000.0,2400000.0,0.25,1,0,0,0,40000.0,1500000.0,1080000.0,1200000.0,1250000.0,1300000.0,700000.0,0.0,1,0,0,1,0,0,1,1,0.0,0.0,0.0,0.0,0.0,0.0,0.0,0.0,0,1,0,0,0,0,0
319,Micro-327,67,1,0,0,1,0,0,0,1,2019.0,2024.0,0,0,0,1,1,1,1,1,0,0,0,0,1,1.0,1.0,1.0,0,0,0,0,0.0,0.0,0.0,0.0,3600000.0,4860000.0,8640000.0,13500000.0,99000.0,63000.0,125000.0,188000.0,0.0,0.0,0.0,0.0,102000.0,90000.0,150000.0,180000.0,50000.0,40000.0,60000.0,65000.0,0.0,0.0,0.0,0.0,0.0,0.0,0.0,0.0,3851000.0,5053000.0,8975000.0,13933000.0,6000000.0,10500000.0,16500000.0,24500000.0,0.0,0.0,0.0,0.0,0.0,0.0,0.0,0.0,6000000.0,10500000.0,16500000.0,24500000.0,0.42,1,0,0,0,150000.0,900000.0,0.0,0.0,0.0,0.0,600000.0,0.0,0,0,0,0,0,0,0,0,450000.0,150000.0,200000.0,200000.0,0.0,0.0,0.0,0.0,0,1,0,0,0,0,0
320,Micro-328,38,1,4,0,1,0,0,0,1,2020.0,2024.0,0,0,0,1,1,1,1,1,0,0,0,0,1,1.0,1.0,1.0,0,0,0,0,0.0,0.0,0.0,0.0,60000.0,20000.0,20000.0,85000.0,500.0,200.0,200.0,500.0,0.0,0.0,0.0,0.0,0.0,0.0,0.0,0.0,2000.0,500.0,4000.0,3000.0,0.0,0.0,0.0,0.0,1000.0,500.0,2000.0,2000.0,89900.0,74000.0,74200.0,90500.0,200000.0,130000.0,130000.0,240000.0,0.0,0.0,0.0,0.0,0.0,0.0,0.0,0.0,200000.0,130000.0,130000.0,240000.0,0.0,1,0,0,0,10000.0,30000.0,480000.0,480000.0,580000.0,600000.0,210000.0,0.0,1,0,0,1,0,0,1,1,0.0,0.0,0.0,0.0,0.0,0.0,0.0,0.0,0,0,0,0,0,0,0
321,Micro-329,32,1,4,0,1,0,0,0,1,2013.0,2024.0,0,0,0,1,2,2,3,3,0,0,0,0,2,2.0,3.0,3.0,0,0,0,0,0.0,0.0,450000.0,480000.0,800000.0,400000.0,1200000.0,1400000.0,15000.0,11000.0,15000.0,135000.0,0.0,0.0,0.0,0.0,0.0,0.0,0.0,0.0,50000.0,30000.0,80000.0,100000.0,0.0,0.0,0.0,0.0,25000.0,25000.0,250000.0,250000.0,890000.0,466000.0,1995000.0,2365000.0,2000000.0,120000.0,3000000.0,3500000.0,0.0,0.0,0.0,0.0,0.0,0.0,0.0,0.0,2000000.0,120000.0,3000000.0,3500000.0,0.0,1,0,0,0,60000.0,130000.0,240000.0,474000.0,534000.0,600000.0,880000.0,0.0,0,0,0,0,0,0,0,0,550000.0,550000.0,550000.0,550000.0,0.0,0.0,0.0,0.0,0,0,1,0,0,0,0
322,Micro-330,50,1,4,0,1,0,0,0,1,2019.0,2024.0,0,1,0,0,1,1,1,1,0,0,0,0,2,2.0,2.0,2.0,1,1,1,1,0.0,0.0,0.0,0.0,1200000.0,1500000.0,1500000.0,1800000.0,50000.0,60000.0,78000.0,72000.0,0.0,0.0,0.0,0.0,0.0,0.0,0.0,0.0,120000.0,200000.0,240000.0,240000.0,25000.0,25000.0,25000.0,25000.0,30000.0,50000.0,60000.0,60000.0,1509000.0,1919000.0,2047000.0,2341000.0,1900000.0,2600000.0,2750000.0,3000000.0,0.0,0.0,0.0,0.0,0.0,0.0,0.0,0.0,1900000.0,2600000.0,2750000.0,3000000.0,0.2,1,0,0,0,150000.0,400000.0,1250000.0,1400000.0,1300000.0,1400000.0,845000.0,0.0,0,0,0,0,0,0,0,0,20000.0,30000.0,30000.0,30000.0,0.0,0.0,0.0,0.0,0,1,0,0,0,0,0
323,Micro-331,48,1,4,0,1,0,0,0,1,2010.0,2024.0,0,1,0,0,2,2,2,2,0,0,0,0,3,3.0,3.0,3.0,1,1,1,1,1200000.0,0.0,600000.0,1800000.0,2000000.0,0.0,1200000.0,2000000.0,0.0,0.0,0.0,0.0,0.0,0.0,0.0,0.0,0.0,0.0,0.0,0.0,100000.0,0.0,120000.0,150000.0,0.0,0.0,200000.0,35000.0,0.0,0.0,0.0,0.0,3300000.0,0.0,2120000.0,3985000.0,4500000.0,0.0,3500000.0,800000.0,0.0,0.0,0.0,0.0,0.0,0.0,0.0,0.0,4500000.0,0.0,3500000.0,800000.0,0.4,1,0,0,0,0.0,0.0,0.0,0.0,0.0,0.0,2800000.0,0.0,0,1,0,0,1,0,1,0,100000.0,100000.0,600000.0,100000.0,0.0,0.0,450000.0,400000.0,0,1,0,0,0,0,0
324,Micro-332,38,1,3,0,1,0,0,0,1,2019.0,2024.0,0,1,0,0,2,2,2,2,0,0,0,0,8,8.0,8.0,8.0,6,6,6,6,0.0,0.0,0.0,0.0,300000.0,100000.0,20000.0,350000.0,1300.0,200.0,300.0,500.0,0.0,0.0,0.0,0.0,0.0,0.0,0.0,0.0,5000.0,4000.0,5000.0,5000.0,0.0,0.0,0.0,0.0,0.0,0.0,0.0,0.0,306300.0,104200.0,25300.0,355500.0,600000.0,200000.0,300000.0,700000.0,0.0,0.0,0.0,0.0,0.0,0.0,0.0,0.0,600000.0,200000.0,300000.0,700000.0,0.62,1,0,0,0,15000.0,35000.0,0.0,0.0,0.0,0.0,200000.0,0.0,,,1,,,1,0,0,75000.0,75000.0,75000.0,75000.0,,,,,,1,,,,,
325,Micro-333,48,1,4,0,1,0,0,0,1,2017.0,2024.0,0,1,0,0,1,1,1,1,0,0,0,0,3,3.0,3.0,3.0,2,2,2,2,1050000.0,600000.0,750000.0,1050000.0,600000.0,300000.0,450000.0,800000.0,0.0,0.0,0.0,0.0,0.0,0.0,0.0,0.0,0.0,0.0,0.0,0.0,15000.0,10000.0,25000.0,35000.0,0.0,0.0,0.0,0.0,20000.0,10000.0,15000.0,25000.0,1685000.0,920000.0,1240000.0,2000000.0,3000000.0,2000000.0,2500000.0,3500000.0,0.0,0.0,0.0,0.0,0.0,0.0,0.0,0.0,3000000.0,2000000.0,2500000.0,3500000.0,0.4,1,0,0,0,100000.0,300000.0,400000.0,300000.0,300000.0,400000.0,5500000.0,0.0,0,0,1,0,0,1,0,0,2750000.0,2750000.0,2750000.0,2750000.0,,,,,0,1,0,0,0,0,0
326,Micro-334,52,1,3,0,1,0,1,0,1,,2024.0,0,0,0,1,1,0,0,0,0,0,0,0,3,0.0,0.0,0.0,2,0,0,0,235000.0,385000.0,445000.0,415000.0,685000.0,988500.0,1255000.0,1020850.0,52500.0,69500.0,70200.0,73500.0,0.0,0.0,0.0,0.0,90000.0,180000.0,180000.0,192000.0,5600.0,6850.0,9500.0,8250.0,128500.0,152500.0,128500.0,175000.0,12000.0,18000.0,20500.0,28000.0,1503600.0,2095350.0,2588700.0,2392600.0,1810800.0,2452700.0,2918500.0,2580000.0,0.0,0.0,0.0,0.0,0.0,0.0,0.0,0.0,1810800.0,2452700.0,2918500.0,2580000.0,0.5,0,1,0,0,150000.0,425000.0,590000.0,590000.0,650000.0,650000.0,2065000.0,0.0,0,0,1,0,0,1,1,1,120000.0,120000.0,120000.0,120000.0,0.0,0.0,0.0,0.0,0,1,0,0,0,0,0
327,Micro-335,64,1,14,0,1,0,0,0,1,,2024.0,0,0,0,1,1,1,1,1,0,0,0,0,4,4.0,4.0,4.0,3,3,3,3,5190000.0,5640000.0,5890000.0,6480000.0,6280000.0,8690000.0,8820000.0,9656000.0,782000.0,774000.0,918000.0,917000.0,0.0,0.0,0.0,0.0,50000.0,50000.0,60000.0,60000.0,1200000.0,1500000.0,1800000.0,1800000.0,1880000.0,1880000.0,2450000.0,2450000.0,900000.0,900000.0,1200000.0,1200000.0,16594000.0,19746000.0,21506000.0,23019000.0,19913400.0,23695200.0,25807200.0,28086800.0,0.0,0.0,0.0,0.0,0.0,0.0,0.0,0.0,19913400.0,23695200.0,25807200.0,28086800.0,0.08,0,0,1,0,1500000.0,2500000.0,2200000.0,1820000.0,2500000.0,2500000.0,48000000.0,0.0,0,0,1,0,0,1,0,0,48000.0,48000.0,48000.0,48000.0,0.0,0.0,0.0,0.0,0,1,0,0,0,0,0
328,Micro-336,58,1,4,0,1,0,0,0,1,2012.0,2024.0,0,0,1,0,1,1,1,1,5,5,5,5,6,6.0,6.0,6.0,0,0,0,0,0.0,0.0,0.0,0.0,100000.0,100000.0,50000.0,250000.0,30000.0,36000.0,24000.0,24000.0,0.0,0.0,0.0,0.0,0.0,0.0,0.0,0.0,0.0,0.0,0.0,0.0,0.0,0.0,0.0,0.0,10000.0,12000.0,10000.0,13000.0,140000.0,148000.0,84000.0,287000.0,10000.0,15000.0,16000.0,20000.0,0.0,0.0,0.0,0.0,0.0,0.0,0.0,0.0,10000.0,15000.0,16000.0,20000.0,0.0,1,0,0,0,0.0,0.0,0.0,0.0,0.0,0.0,200000.0,0.0,0,1,0,0,1,0,0,0,0.0,0.0,0.0,0.0,0.0,0.0,0.0,0.0,0,0,0,0,0,0,0
329,Micro-337,45,1,3,0,1,0,0,0,1,2016.0,2024.0,0,0,1,0,2,2,2,2,2,2,0,0,8,8.0,6.0,6.0,4,4,4,4,120000.0,120000.0,150000.0,150000.0,0.0,0.0,0.0,0.0,60000.0,60000.0,48000.0,24000.0,0.0,0.0,0.0,0.0,0.0,0.0,0.0,0.0,12000.0,12000.0,24000.0,12000.0,0.0,0.0,0.0,0.0,0.0,0.0,0.0,0.0,192000.0,192000.0,222000.0,186000.0,0.0,0.0,96000.0,1000000.0,0.0,0.0,0.0,0.0,0.0,0.0,0.0,0.0,0.0,0.0,96000.0,1000000.0,0.0,1,0,0,0,0.0,0.0,0.0,0.0,0.0,0.0,710000.0,0.0,0,0,1,0,0,1,1,0,0.0,0.0,0.0,0.0,0.0,0.0,0.0,0.0,0,0,0,0,0,0,0
330,Micro-338,42,1,4,0,1,0,0,0,1,,2024.0,0,0,0,1,3,2,2,2,0,0,0,0,3,2.0,2.0,2.0,0,0,0,0,48000.0,50000.0,30000.0,15000.0,0.0,0.0,0.0,0.0,15000.0,12000.0,11000.0,10000.0,0.0,0.0,0.0,0.0,0.0,0.0,0.0,0.0,0.0,0.0,0.0,0.0,0.0,0.0,0.0,0.0,20000.0,15000.0,0.0,10000.0,83000.0,77000.0,126000.0,120000.0,0.0,0.0,0.0,0.0,0.0,0.0,0.0,0.0,0.0,0.0,0.0,0.0,0.0,0.0,0.0,0.0,0.0,1,0,0,0,160000.0,275000.0,48000.0,50000.0,30000.0,15000.0,8000000.0,9000000.0,0,0,1,0,0,1,1,0,0.0,0.0,0.0,0.0,0.0,0.0,0.0,0.0,0,1,0,0,0,0,0
331,Micro-339,30,1,5,0,1,0,0,0,1,2015.0,2024.0,0,0,0,1,1,1,1,1,1,0,0,1,6,1.0,3.0,6.0,4,0,2,4,144000.0,180000.0,180000.0,0.0,500000.0,500000.0,400000.0,800000.0,30000.0,35000.0,36000.0,25000.0,0.0,0.0,0.0,0.0,0.0,0.0,0.0,0.0,0.0,0.0,0.0,0.0,0.0,0.0,0.0,0.0,10000.0,12000.0,16000.0,15000.0,684000.0,727000.0,632000.0,840000.0,0.0,0.0,0.0,0.0,0.0,0.0,0.0,0.0,0.0,0.0,0.0,0.0,0.0,0.0,0.0,0.0,0.0,1,0,0,0,2000000.0,7000000.0,144000.0,180000.0,180000.0,0.0,8200000.0,0.0,0,1,0,0,1,0,1,1,0.0,0.0,50000.0,300000.0,0.0,0.0,0.0,0.0,0,1,0,0,0,0,0
332,Micro-340,32,1,0,0,1,0,0,0,1,,2024.0,0,0,0,1,2,2,2,2,0,0,0,0,2,2.0,2.0,2.0,0,0,0,0,8180000.0,9250000.0,8830000.0,9670000.0,23780000.0,28420000.0,26170000.0,30964000.0,554500.0,560000.0,557000.0,576000.0,0.0,0.0,0.0,0.0,0.0,0.0,0.0,0.0,2875000.0,2680000.0,2460000.0,2880000.0,3750000.0,3750000.0,3750000.0,3750000.0,1586000.0,1650000.0,1550000.0,1850000.0,40725500.0,46310000.0,43317000.0,49690000.0,48180000.0,55950000.0,51280000.0,58570000.0,0.0,0.0,0.0,0.0,0.0,0.0,0.0,0.0,48180000.0,55950000.0,51280000.0,58570000.0,0.06,0,0,1,0,3000000.0,6500000.0,0.0,0.0,0.0,0.0,56000000.0,0.0,0,1,0,0,1,0,1,0,0.0,1400500.0,0.0,1000000.0,0.0,0.0,0.0,0.0,0,1,0,0,0,0,0
333,Micro-341,34,1,4,0,1,0,0,0,1,2000.0,2024.0,0,0,0,1,1,1,1,1,0,0,0,0,5,3.0,2.0,4.0,4,2,1,3,2475000.0,2680000.0,2850000.0,3480000.0,14200000.0,19200000.0,18720000.0,20450000.0,127000.0,141000.0,317000.0,150000.0,0.0,0.0,0.0,0.0,38400.0,38400.0,38400.0,38400.0,220000.0,450000.0,480000.0,480000.0,650000.0,650000.0,650000.0,650000.0,380000.0,280000.0,300000.0,300000.0,18090400.0,23439400.0,23355400.0,25735600.0,21080000.0,27200000.0,26800000.0,29600000.0,0.0,0.0,0.0,0.0,0.0,0.0,0.0,0.0,21080000.0,27200000.0,26800000.0,29600000.0,0.08,0,0,1,0,1650000.0,3300000.0,0.0,0.0,0.0,0.0,12200000.0,0.0,1,0,0,1,0,0,1,1,1000000.0,1200000.0,350000.0,9000000.0,0.0,0.0,0.0,0.0,0,1,0,0,0,0,0
334,Micro-342,30,1,4,0,1,0,0,0,1,,2024.0,0,0,0,1,6,3,3,4,0,0,0,0,6,3.0,3.0,4.0,0,0,0,0,2250000.0,2880000.0,2880000.0,5760000.0,2720000.0,3750000.0,3950000.0,6216000.0,106000.0,106000.0,132000.0,144000.0,0.0,0.0,0.0,0.0,0.0,0.0,0.0,360000.0,255000.0,340000.0,325000.0,600000.0,500000.0,500000.0,500000.0,500000.0,625000.0,925000.0,850000.0,1240000.0,6456000.0,8501000.0,8637000.0,14820000.0,7965000.0,10995000.0,12330000.0,17520000.0,0.0,0.0,0.0,0.0,0.0,0.0,0.0,0.0,7965000.0,10995000.0,12330000.0,17520000.0,0.1,0,0,1,0,1500000.0,2500000.0,0.0,0.0,0.0,0.0,8700000.0,0.0,1,0,0,1,0,0,1,0,200000.0,0.0,0.0,0.0,0.0,0.0,0.0,0.0,0,1,0,0,0,0,0
335,Micro-343,49,1,3,0,1,0,0,0,1,2000.0,2024.0,0,0,0,1,3,2,2,2,0,0,0,0,3,2.0,2.0,2.0,0,0,0,0,0.0,0.0,0.0,0.0,0.0,0.0,2000000.0,3500000.0,0.0,0.0,170000.0,38000.0,0.0,0.0,500000.0,0.0,0.0,0.0,0.0,0.0,0.0,0.0,30000.0,40000.0,0.0,0.0,75000.0,75000.0,0.0,0.0,100000.0,120000.0,0.0,0.0,3025000.0,3773000.0,3550000.0,5075000.0,0.0,0.0,0.0,0.0,0.0,0.0,0.0,0.0,0.0,0.0,3550000.0,5075000.0,0.0,0.0,0.8,1,0,0,0,0.0,0.0,0.0,0.0,0.0,0.0,19750000.0,0.0,0,1,0,0,1,0,1,1,1800000.0,0.0,0.0,0.0,0.0,0.0,0.0,0.0,0,1,0,0,0,0,0
336,Micro-344,51,1,3,0,1,0,0,0,1,,2024.0,0,0,0,1,3,0,1,2,0,0,0,0,3,0.0,1.0,2.0,0,0,0,0,0.0,0.0,0.0,0.0,3500000.0,0.0,0.0,0.0,35000.0,0.0,0.0,0.0,0.0,0.0,0.0,0.0,0.0,0.0,0.0,0.0,50000.0,0.0,0.0,0.0,75000.0,0.0,0.0,0.0,100000.0,0.0,0.0,0.0,5960000.0,0.0,0.0,0.0,6050000.0,0.0,0.0,0.0,0.0,0.0,0.0,0.0,0.0,0.0,0.0,0.0,6050000.0,0.0,0.0,0.0,0.8,1,0,0,0,0.0,0.0,0.0,0.0,0.0,0.0,9180000.0,0.0,0,1,0,0,1,0,1,1,0.0,1000000.0,0.0,0.0,0.0,0.0,0.0,0.0,0,1,0,0,0,0,0
337,Micro-345,43,1,5,0,1,0,0,0,1,2018.0,2024.0,0,0,0,1,1,1,1,1,0,0,0,0,1,1.0,1.0,1.0,0,0,0,0,0.0,0.0,0.0,0.0,1275000.0,0.0,0.0,0.0,42000.0,0.0,0.0,0.0,0.0,0.0,0.0,0.0,0.0,0.0,0.0,0.0,10000.0,0.0,0.0,0.0,100000.0,0.0,0.0,0.0,50000.0,0.0,0.0,0.0,1977000.0,0.0,0.0,0.0,3050000.0,0.0,0.0,0.0,0.0,0.0,0.0,0.0,0.0,0.0,0.0,0.0,3050000.0,0.0,0.0,0.0,0.0,1,0,0,0,75000.0,575000.0,0.0,0.0,0.0,0.0,8020000.0,0.0,0,1,0,0,1,0,1,0,700000.0,0.0,0.0,500000.0,0.0,0.0,0.0,0.0,0,1,0,0,0,0,0
338,Micro-346,39,1,5,0,1,0,0,0,1,2007.0,2024.0,0,0,0,1,2,2,2,2,0,0,0,0,2,2.0,2.0,2.0,0,0,0,0,0.0,0.0,0.0,0.0,975000.0,850000.0,0.0,0.0,325000.0,280000.0,0.0,0.0,0.0,0.0,0.0,0.0,0.0,0.0,0.0,0.0,250000.0,250000.0,0.0,0.0,125000.0,125000.0,0.0,0.0,75000.0,75000.0,0.0,0.0,2150000.0,2080000.0,0.0,0.0,3530000.0,40000000.0,0.0,0.0,0.0,0.0,0.0,0.0,0.0,0.0,0.0,0.0,3530000.0,40000000.0,0.0,0.0,0.0,1,0,0,0,0.0,0.0,0.0,0.0,0.0,0.0,7625000.0,0.0,1,0,0,0,1,0,1,0,0.0,0.0,0.0,0.0,0.0,0.0,0.0,0.0,1,0,0,0,0,0,0
339,Micro-347,53,1,4,0,1,0,0,0,1,,2024.0,0,0,0,1,2,2,2,2,0,0,0,0,2,2.0,2.0,2.0,0,0,0,0,216000.0,156000.0,204000.0,480000.0,252000.0,204000.0,240000.0,780000.0,31200.0,20160.0,27600.0,63000.0,0.0,0.0,0.0,0.0,0.0,0.0,0.0,0.0,0.0,0.0,0.0,0.0,0.0,0.0,0.0,0.0,0.0,0.0,0.0,0.0,499200.0,380160.0,471600.0,1323000.0,1500000.0,1020000.0,1944000.0,2838000.0,0.0,0.0,0.0,0.0,0.0,0.0,0.0,0.0,1500000.0,1020000.0,1944000.0,2838000.0,0.25,1,0,0,0,80000.0,240000.0,0.0,0.0,0.0,0.0,0.0,0.0,1,0,0,0,1,0,1,1,0.0,0.0,0.0,0.0,0.0,0.0,0.0,0.0,0,0,0,0,0,0,0
340,Micro-348,38,1,4,0,1,0,1,0,1,2017.0,2024.0,0,0,0,1,1,1,1,1,0,0,0,0,1,1.0,1.0,1.0,0,0,0,0,0.0,0.0,0.0,0.0,0.0,0.0,0.0,0.0,0.0,0.0,0.0,0.0,0.0,0.0,0.0,0.0,0.0,0.0,0.0,0.0,0.0,0.0,0.0,0.0,0.0,0.0,0.0,0.0,0.0,0.0,0.0,0.0,0.0,0.0,0.0,0.0,0.0,0.0,0.0,0.0,0.0,0.0,0.0,0.0,0.0,0.0,0.0,0.0,0.0,0.0,0.0,0.0,0.0,0,0,0,0,0.0,0.0,0.0,0.0,0.0,0.0,0.0,0.0,1,0,0,1,0,0,1,0,0.0,0.0,0.0,700000.0,0.0,0.0,0.0,0.0,0,0,0,0,0,0,0
341,Micro-349,30,1,4,0,1,0,0,0,1,2020.0,2024.0,0,0,0,1,1,1,1,1,0,0,0,0,2,2.0,2.0,2.0,1,1,1,1,2400000.0,7200000.0,8100000.0,7980000.0,1200000.0,6000000.0,6000000.0,9600000.0,72000.0,156000.0,156000.0,198000.0,0.0,0.0,0.0,0.0,3600.0,3600.0,3600.0,14400.0,540000.0,108000.0,108000.0,180000.0,0.0,0.0,0.0,0.0,0.0,0.0,0.0,0.0,4215600.0,13467600.0,14367600.0,17972400.0,750000.0,1300000.0,1400000.0,1745000.0,0.0,0.0,0.0,0.0,0.0,0.0,0.0,0.0,750000.0,1300000.0,1400000.0,1745000.0,0.03,0,0,1,0,0.0,0.0,0.0,0.0,0.0,0.0,0.0,0.0,0,1,0,0,1,0,0,0,0.0,0.0,0.0,0.0,0.0,0.0,0.0,0.0,0,0,0,0,0,0,0
342,Micro-350,51,1,4,0,1,0,0,0,1,2014.0,2024.0,0,0,0,1,2,2,2,2,0,0,0,0,2,2.0,2.0,2.0,0,0,0,0,0.0,0.0,0.0,0.0,100000.0,100000.0,50000.0,250000.0,30000.0,36000.0,24000.0,24000.0,0.0,0.0,0.0,0.0,0.0,0.0,0.0,0.0,0.0,0.0,0.0,0.0,0.0,0.0,0.0,0.0,10000.0,12000.0,10000.0,13000.0,140000.0,148000.0,84000.0,287000.0,10000.0,15000.0,16000.0,20000.0,0.0,0.0,0.0,0.0,0.0,0.0,0.0,0.0,10000.0,15000.0,16000.0,20000.0,0.0,1,0,0,0,0.0,0.0,0.0,0.0,0.0,0.0,200000.0,0.0,0,1,0,0,1,0,0,0,0.0,0.0,0.0,0.0,0.0,0.0,0.0,0.0,0,0,0,0,0,0,0
343,Micro-351,47,1,3,0,1,0,0,0,1,2019.0,2024.0,0,0,0,1,2,2,2,2,0,0,0,0,3,3.0,3.0,3.0,1,1,1,1,120000.0,120000.0,150000.0,150000.0,0.0,0.0,0.0,0.0,60000.0,60000.0,48000.0,24000.0,0.0,0.0,0.0,0.0,0.0,0.0,0.0,0.0,12000.0,12000.0,24000.0,12000.0,0.0,0.0,0.0,0.0,0.0,0.0,0.0,0.0,192000.0,192000.0,222000.0,186000.0,0.0,0.0,96000.0,1000000.0,0.0,0.0,0.0,0.0,0.0,0.0,0.0,0.0,0.0,0.0,96000.0,1000000.0,0.0,1,0,0,0,0.0,0.0,0.0,0.0,0.0,0.0,710000.0,0.0,0,1,0,0,1,0,1,1,0.0,0.0,0.0,0.0,0.0,0.0,0.0,0.0,0,0,0,0,0,0,0
344,Micro-352,32,1,5,0,1,0,0,0,1,1987.0,2024.0,0,0,0,1,2,2,2,2,0,0,0,0,2,2.0,2.0,2.0,0,0,0,0,48000.0,50000.0,30000.0,15000.0,0.0,0.0,0.0,0.0,15000.0,12000.0,11000.0,10000.0,0.0,0.0,0.0,0.0,0.0,0.0,0.0,0.0,0.0,0.0,0.0,0.0,0.0,0.0,0.0,0.0,20000.0,15000.0,0.0,10000.0,83000.0,77000.0,126000.0,120000.0,0.0,0.0,0.0,0.0,0.0,0.0,0.0,0.0,0.0,0.0,0.0,0.0,0.0,0.0,0.0,0.0,0.0,1,0,0,0,160000.0,275000.0,48000.0,50000.0,30000.0,15000.0,8000000.0,9000000.0,0,0,1,0,0,1,1,1,0.0,0.0,0.0,0.0,0.0,0.0,0.0,0.0,0,0,0,0,0,0,0
345,Micro-353,37,1,3,0,1,0,0,0,1,2011.0,2024.0,0,0,0,1,2,2,2,2,4,4,4,4,6,6.0,6.0,6.0,0,0,0,0,144000.0,180000.0,180000.0,0.0,500000.0,500000.0,400000.0,800000.0,30000.0,35000.0,36000.0,25000.0,0.0,0.0,0.0,0.0,0.0,0.0,0.0,0.0,0.0,0.0,0.0,0.0,0.0,0.0,0.0,0.0,10000.0,12000.0,16000.0,15000.0,684000.0,727000.0,632000.0,840000.0,0.0,0.0,0.0,0.0,0.0,0.0,0.0,0.0,0.0,0.0,0.0,0.0,0.0,0.0,0.0,0.0,0.0,1,0,0,0,2000000.0,7000000.0,144000.0,180000.0,180000.0,0.0,8200000.0,0.0,0,1,0,0,1,0,1,1,50000.0,75000.0,100000.0,200000.0,0.0,0.0,0.0,0.0,0,0,0,0,0,0,0
346,Micro-354,39,1,13,0,1,0,0,0,1,,2024.0,0,1,0,0,1,1,1,1,0,0,0,0,1,1.0,1.0,1.0,0,0,0,0,8180000.0,9250000.0,8830000.0,9670000.0,23780000.0,28420000.0,26170000.0,30964000.0,554500.0,560000.0,557000.0,576000.0,0.0,0.0,0.0,0.0,0.0,0.0,0.0,0.0,2875000.0,2680000.0,2460000.0,2880000.0,3750000.0,3750000.0,3750000.0,3750000.0,1586000.0,1650000.0,1550000.0,1850000.0,40725500.0,46310000.0,43317000.0,49690000.0,48180000.0,55950000.0,51280000.0,58570000.0,0.0,0.0,0.0,0.0,0.0,0.0,0.0,0.0,48180000.0,55950000.0,51280000.0,58570000.0,0.06,0,0,1,0,3000000.0,6500000.0,0.0,0.0,0.0,0.0,56000000.0,0.0,0,1,0,0,1,0,0,0,10000000.0,50000.0,850000.0,60000.0,0.0,0.0,0.0,0.0,1,0,0,0,0,0,0
347,Micro-355,53,1,2,0,1,0,0,0,1,1996.0,2024.0,0,1,0,0,1,1,1,1,5,6,7,10,6,7.0,8.0,11.0,0,0,0,0,2250000.0,2880000.0,2880000.0,5760000.0,2720000.0,3750000.0,3950000.0,6216000.0,106000.0,106000.0,132000.0,144000.0,0.0,0.0,0.0,0.0,0.0,0.0,0.0,360000.0,255000.0,340000.0,325000.0,600000.0,500000.0,500000.0,500000.0,500000.0,625000.0,925000.0,850000.0,1240000.0,6456000.0,8501000.0,8637000.0,14820000.0,7965000.0,10995000.0,12330000.0,17520000.0,0.0,0.0,0.0,0.0,0.0,0.0,0.0,0.0,7965000.0,10995000.0,12330000.0,17520000.0,0.1,0,0,1,0,1500000.0,2500000.0,0.0,0.0,0.0,0.0,8700000.0,0.0,0,1,0,0,0,1,1,1,500000.0,100000.0,250000.0,350000.0,0.0,0.0,0.0,0.0,0,0,0,0,0,0,0
348,Micro-356,52,1,3,0,1,0,0,0,1,,2024.0,0,1,0,0,1,1,1,1,0,0,0,0,1,1.0,1.0,1.0,0,0,0,0,0.0,0.0,0.0,0.0,0.0,0.0,2000000.0,3500000.0,0.0,0.0,170000.0,38000.0,0.0,0.0,500000.0,0.0,0.0,0.0,0.0,0.0,0.0,0.0,30000.0,40000.0,0.0,0.0,75000.0,75000.0,0.0,0.0,100000.0,120000.0,0.0,0.0,3025000.0,3773000.0,3550000.0,5075000.0,0.0,0.0,0.0,0.0,0.0,0.0,0.0,0.0,0.0,0.0,3550000.0,5075000.0,0.0,0.0,0.8,1,0,0,0,0.0,0.0,0.0,0.0,0.0,0.0,19750000.0,0.0,0,1,0,0,1,0,1,0,100000.0,128000.0,200000.0,240000.0,0.0,0.0,0.0,0.0,0,0,0,0,0,0,0
349,Micro-357,49,1,3,0,1,0,0,0,1,,2024.0,0,1,0,0,1,1,1,1,3,3,1,1,4,4.0,2.0,2.0,0,0,0,0,0.0,0.0,0.0,0.0,3500000.0,0.0,0.0,0.0,35000.0,0.0,0.0,0.0,0.0,0.0,0.0,0.0,0.0,0.0,0.0,0.0,50000.0,0.0,0.0,0.0,75000.0,0.0,0.0,0.0,100000.0,0.0,0.0,0.0,5960000.0,0.0,0.0,0.0,6050000.0,0.0,0.0,0.0,0.0,0.0,0.0,0.0,0.0,0.0,0.0,0.0,6050000.0,0.0,0.0,0.0,0.8,1,0,0,0,0.0,0.0,0.0,0.0,0.0,0.0,9180000.0,0.0,0,1,0,0,1,0,1,0,150000.0,175000.0,190000.0,220000.0,0.0,0.0,0.0,0.0,0,0,0,0,0,0,0
350,Micro-358,44,1,3,0,1,0,0,0,1,2015.0,2024.0,0,1,0,0,1,1,1,1,10,8,3,3,11,9.0,4.0,4.0,0,0,0,0,0.0,0.0,0.0,0.0,1500000.0,1800000.0,0.0,0.0,23000.0,30000.0,0.0,0.0,0.0,0.0,0.0,0.0,0.0,0.0,0.0,0.0,8000.0,7000.0,0.0,0.0,75000.0,75000.0,0.0,0.0,100000.0,10000.0,0.0,0.0,2106000.0,2322000.0,0.0,0.0,3000000.0,2850000.0,0.0,0.0,0.0,0.0,0.0,0.0,0.0,0.0,0.0,0.0,3000000.0,2850000.0,0.0,0.0,0.8,1,0,0,0,150000.0,500000.0,0.0,0.0,0.0,0.0,130000.0,0.0,0,0,0,0,1,0,1,1,0.0,500000.0,0.0,0.0,0.0,0.0,0.0,0.0,1,0,0,0,0,0,0
351,Micro-359,32,1,4,0,1,0,0,0,1,2020.0,2024.0,0,1,0,0,1,1,1,1,0,0,0,0,1,1.0,1.0,1.0,0,0,0,0,0.0,0.0,0.0,0.0,1275000.0,0.0,0.0,0.0,42000.0,0.0,0.0,0.0,0.0,0.0,0.0,0.0,0.0,0.0,0.0,0.0,10000.0,0.0,0.0,0.0,100000.0,0.0,0.0,0.0,50000.0,0.0,0.0,0.0,1977000.0,0.0,0.0,0.0,3050000.0,0.0,0.0,0.0,0.0,0.0,0.0,0.0,0.0,0.0,0.0,0.0,3050000.0,0.0,0.0,0.0,0.0,1,0,0,0,75000.0,575000.0,0.0,0.0,0.0,0.0,8020000.0,0.0,0,0,1,0,0,1,1,1,1000000.0,1000000.0,1000000.0,1000000.0,0.0,0.0,0.0,0.0,0,1,1,0,0,0,0
352,Micro-360,49,1,4,0,1,0,0,0,1,,2024.0,0,1,0,0,2,2,1,2,1,1,1,1,3,3.0,2.0,3.0,0,0,0,0,0.0,0.0,0.0,0.0,0.0,0.0,0.0,0.0,0.0,0.0,0.0,0.0,0.0,0.0,0.0,0.0,0.0,0.0,0.0,0.0,0.0,0.0,0.0,0.0,0.0,0.0,0.0,0.0,0.0,0.0,0.0,0.0,0.0,0.0,0.0,0.0,0.0,0.0,0.0,0.0,0.0,0.0,0.0,0.0,0.0,0.0,0.0,0.0,0.0,0.0,0.0,0.0,0.0,0,0,0,0,0.0,0.0,0.0,0.0,0.0,0.0,0.0,0.0,1,0,0,1,0,0,1,1,6300000.0,0.0,0.0,0.0,0.0,0.0,0.0,0.0,0,1,0,0,0,0,0
353,Micro-361,57,1,0,0,1,0,0,0,1,,2024.0,0,1,0,0,2,2,2,2,0,0,0,0,2,2.0,2.0,2.0,0,0,0,0,120000.0,120000.0,150000.0,150000.0,0.0,0.0,0.0,0.0,60000.0,60000.0,48000.0,24000.0,0.0,0.0,0.0,0.0,0.0,0.0,0.0,0.0,12000.0,12000.0,24000.0,12000.0,0.0,0.0,0.0,0.0,0.0,0.0,0.0,0.0,192000.0,192000.0,222000.0,186000.0,0.0,0.0,96000.0,1000000.0,0.0,0.0,0.0,0.0,0.0,0.0,0.0,0.0,0.0,0.0,96000.0,1000000.0,0.0,1,0,0,0,0.0,0.0,0.0,0.0,0.0,0.0,710000.0,0.0,0,0,1,0,0,1,1,1,500000.0,0.0,0.0,0.0,0.0,0.0,0.0,0.0,0,0,0,0,0,0,0
354,Micro-362,40,1,7,0,1,0,0,0,1,2020.0,2024.0,0,1,0,0,3,3,1,1,0,0,0,0,3,3.0,1.0,1.0,0,0,0,0,48000.0,50000.0,30000.0,15000.0,0.0,0.0,0.0,0.0,15000.0,12000.0,11000.0,10000.0,0.0,0.0,0.0,0.0,0.0,0.0,0.0,0.0,0.0,0.0,0.0,0.0,0.0,0.0,0.0,0.0,20000.0,15000.0,0.0,10000.0,83000.0,77000.0,126000.0,120000.0,0.0,0.0,0.0,0.0,0.0,0.0,0.0,0.0,0.0,0.0,0.0,0.0,0.0,0.0,0.0,0.0,0.0,1,0,0,0,160000.0,275000.0,48000.0,50000.0,30000.0,15000.0,8000000.0,9000000.0,0,0,1,0,0,1,1,1,100000.0,100000.0,100000.0,100000.0,0.0,0.0,0.0,0.0,0,1,0,0,0,0,0
355,Micro-363,34,1,4,0,1,0,0,0,1,,2024.0,0,1,0,0,1,1,1,1,0,0,0,0,1,1.0,1.0,1.0,0,0,0,0,144000.0,180000.0,180000.0,0.0,500000.0,500000.0,400000.0,800000.0,30000.0,35000.0,36000.0,25000.0,0.0,0.0,0.0,0.0,0.0,0.0,0.0,0.0,0.0,0.0,0.0,0.0,0.0,0.0,0.0,0.0,10000.0,12000.0,16000.0,15000.0,684000.0,727000.0,632000.0,840000.0,0.0,0.0,0.0,0.0,0.0,0.0,0.0,0.0,0.0,0.0,0.0,0.0,0.0,0.0,0.0,0.0,0.0,1,0,0,0,2000000.0,7000000.0,144000.0,180000.0,180000.0,0.0,8200000.0,0.0,0,0,0,0,0,0,0,0,50000.0,50000.0,50000.0,50000.0,0.0,0.0,0.0,0.0,0,0,1,0,0,0,0
356,Micro-364,40,1,4,0,1,0,0,0,1,2019.0,2024.0,0,1,0,0,1,1,1,1,0,0,0,0,1,1.0,1.0,1.0,0,0,0,0,120000.0,126000.0,144000.0,150000.0,132000.0,138000.0,140000.0,135000.0,12000.0,13500.0,12500.0,11000.0,0.0,0.0,0.0,0.0,0.0,0.0,0.0,0.0,10000.0,14000.0,15000.0,25000.0,0.0,0.0,0.0,0.0,0.0,0.0,0.0,0.0,274000.0,291500.0,311500.0,321000.0,450000.0,560000.0,750000.0,1000000.0,0.0,0.0,0.0,0.0,0.0,0.0,0.0,0.0,450000.0,560000.0,750000.0,1000000.0,0.0,1,0,0,0,60000.0,200000.0,0.0,0.0,0.0,35000.0,0.0,3000000.0,0,0,1,0,0,1,1,0,100000.0,100000.0,100000.0,100000.0,0.0,0.0,0.0,0.0,0,1,0,1,1,0,0
357,Micro-365,38,1,4,0,1,0,0,0,1,2009.0,2024.0,0,1,0,0,2,2,2,2,0,0,0,0,2,2.0,2.0,2.0,0,0,0,0,100000.0,120000.0,130000.0,140000.0,100000.0,125000.0,200000.0,200000.0,64000.0,72000.0,76000.0,96000.0,0.0,0.0,0.0,0.0,0.0,0.0,0.0,0.0,11000.0,28000.0,30000.0,40000.0,18000.0,22000.0,25000.0,30000.0,20000.0,22000.0,30000.0,45000.0,313000.0,389000.0,491000.0,551000.0,0.0,0.0,0.0,0.0,0.0,0.0,0.0,0.0,0.0,0.0,0.0,0.0,0.0,0.0,0.0,0.0,0.0,1,0,0,0,150000.0,300000.0,0.0,0.0,0.0,0.0,1150000.0,0.0,0,0,1,0,0,1,1,0,100000.0,100000.0,100000.0,100000.0,0.0,0.0,0.0,0.0,0,0,0,0,0,0,0
358,Micro-366,53,1,4,0,1,0,0,0,1,,2024.0,0,1,0,0,1,1,1,1,0,0,0,0,1,1.0,1.0,1.0,0,0,0,0,0.0,0.0,0.0,0.0,75000.0,150000.0,200000.0,350000.0,12000.0,12000.0,10000.0,10000.0,0.0,0.0,0.0,0.0,0.0,0.0,0.0,0.0,0.0,0.0,0.0,0.0,0.0,0.0,0.0,0.0,0.0,0.0,0.0,0.0,95500.0,170000.0,217500.0,367000.0,100000.0,150000.0,175000.0,175000.0,0.0,0.0,0.0,0.0,0.0,0.0,0.0,0.0,100000.0,150000.0,175000.0,175000.0,0.0,1,0,0,0,100000.0,250000.0,450000.0,50000.0,55000.0,55000.0,16750000.0,0.0,0,1,0,0,1,0,0,1,0.0,0.0,0.0,0.0,0.0,0.0,0.0,0.0,0,0,0,0,0,0,0
359,Micro-367,44,1,5,0,1,0,0,0,1,2019.0,2024.0,0,1,0,0,1,1,1,1,0,0,0,0,1,1.0,1.0,1.0,0,0,0,0,0.0,0.0,0.0,0.0,150000.0,210000.0,275000.0,350000.0,12000.0,11500.0,13000.0,10000.0,0.0,0.0,0.0,0.0,0.0,0.0,0.0,0.0,0.0,0.0,0.0,0.0,12000.0,14000.0,18000.0,20000.0,0.0,0.0,0.0,0.0,174000.0,235500.0,306000.0,380000.0,0.0,0.0,0.0,0.0,0.0,0.0,0.0,0.0,0.0,0.0,0.0,0.0,0.0,0.0,0.0,0.0,0.0,1,0,0,0,0.0,0.0,0.0,0.0,0.0,0.0,0.0,0.0,0,0,0,0,0,0,,,0.0,0.0,0.0,0.0,0.0,0.0,0.0,0.0,0,0,0,0,0,0,0
360,Micro-368,45,1,3,0,1,0,0,0,1,2020.0,2024.0,0,1,0,0,1,1,1,1,0,0,0,0,1,1.0,1.0,1.0,0,0,0,0,0.0,0.0,0.0,0.0,150000.0,175000.0,200000.0,300000.0,12000.0,10000.0,10000.0,8000.0,0.0,0.0,0.0,0.0,0.0,0.0,0.0,0.0,0.0,0.0,0.0,0.0,0.0,0.0,0.0,0.0,8000.0,11000.0,10000.0,12000.0,170000.0,196000.0,220000.0,320000.0,0.0,0.0,0.0,0.0,0.0,0.0,0.0,0.0,0.0,0.0,0.0,0.0,0.0,0.0,0.0,0.0,0.0,1,0,0,0,0.0,0.0,0.0,0.0,0.0,0.0,0.0,0.0,1,0,0,0,1,0,1,0,0.0,0.0,0.0,0.0,0.0,0.0,0.0,0.0,1,0,0,0,0,0,0
361,Micro-369,30,1,4,0,1,0,0,0,1,2022.0,2024.0,0,1,0,0,0,0,2,2,0,0,0,0,0,0.0,2.0,2.0,0,0,0,0,0.0,0.0,0.0,0.0,0.0,0.0,0.0,0.0,0.0,0.0,29000.0,48000.0,0.0,0.0,0.0,0.0,0.0,0.0,264000.0,288000.0,0.0,0.0,0.0,0.0,0.0,0.0,0.0,0.0,0.0,0.0,50000.0,70000.0,0.0,0.0,343000.0,406000.0,0.0,0.0,730000.0,800000.0,0.0,0.0,0.0,0.0,0.0,0.0,0.0,0.0,0.0,0.0,730000.0,800000.0,0.0,1,0,0,0,15000.0,50000.0,0.0,0.0,0.0,0.0,50000.0,0.0,1,0,0,0,1,0,1,1,0.0,0.0,0.0,0.0,0.0,0.0,0.0,0.0,0,0,0,0,0,0,0
362,Micro-370,39,1,2,0,1,0,0,0,1,2026.0,2024.0,0,1,0,0,1,1,1,1,0,0,0,0,1,1.0,1.0,1.0,0,0,0,0,0.0,0.0,0.0,0.0,0.0,0.0,0.0,0.0,10200.0,10200.0,66000.0,42000.0,0.0,0.0,0.0,0.0,0.0,0.0,0.0,0.0,36000.0,36000.0,32000.0,21000.0,0.0,0.0,0.0,0.0,0.0,0.0,0.0,0.0,46200.0,46200.0,98000.0,63000.0,210000.0,265000.0,240000.0,280000.0,0.0,0.0,0.0,0.0,0.0,0.0,0.0,0.0,210000.0,265000.0,240000.0,280000.0,0.0,1,0,0,0,60000.0,350000.0,0.0,0.0,0.0,0.0,12300000.0,0.0,0,1,0,0,1,0,0,0,0.0,0.0,0.0,0.0,0.0,0.0,0.0,0.0,0,0,0,0,0,0,0
363,Micro-371,60,1,4,1,0,0,0,0,1,2015.0,2024.0,0,1,0,0,24,32,32,36,0,0,0,0,24,32.0,32.0,36.0,0,0,0,0,2750000.0,3000000.0,3150000.0,3500000.0,7500000.0,8200000.0,8500000.0,1000000.0,91100.0,112500.0,177100.0,139000.0,0.0,0.0,0.0,0.0,0.0,0.0,0.0,0.0,720000.0,750000.0,750000.0,1800000.0,1920000.0,1950000.0,200000.0,2200000.0,350000.0,320000.0,400000.0,400000.0,14051100.0,15232500.0,14137100.0,10839000.0,15000000.0,10000000.0,16500000.0,17000000.0,0.0,0.0,0.0,0.0,0.0,0.0,0.0,0.0,15000000.0,10000000.0,16500000.0,17000000.0,0.0,1,0,0,0,500000.0,500000.0,0.0,0.0,0.0,0.0,62000000.0,0.0,0,1,0,0,1,0,0,0,0.0,0.0,0.0,0.0,0.0,0.0,0.0,0.0,0,0,0,0,0,0,0
364,Micro-372,66,1,2,0,1,0,0,0,1,2010.0,2024.0,0,1,0,0,1,1,1,1,0,0,0,0,8,9.0,9.0,11.0,7,8,8,10,1000000.0,1000000.0,1860000.0,1860000.0,1124000.0,1122000.0,1154000.0,1860000.0,55500.0,56000.0,58000.0,58000.0,0.0,0.0,0.0,0.0,0.0,0.0,0.0,0.0,6500.0,7000.0,7000.0,8000.0,270000.0,270000.0,353500.0,353000.0,870000.0,900000.0,927000.0,1074700.0,3326000.0,3355000.0,4359500.0,5213700.0,3622000.0,4054000.0,4720000.0,7627000.0,0.0,0.0,0.0,0.0,0.0,0.0,0.0,0.0,3622000.0,4054000.0,4720000.0,7627000.0,0.0,0,0,0,0,0.0,0.0,0.0,0.0,0.0,0.0,7570000.0,0.0,0,1,0,1,0,0,1,0,800000.0,800000.0,750000.0,800000.0,0.0,0.0,0.0,0.0,0,1,0,0,0,0,0
365,Micro-378,30,1,4,0,1,0,0,0,1,2008.0,2024.0,0,1,0,0,1,1,1,1,1,1,1,1,14,16.0,16.0,19.0,12,14,14,17,3084000.0,2019600.0,2059200.0,2098800.0,17742000.0,19580940.0,21478080.0,23433420.0,64600.0,72000.0,74000.0,77000.0,0.0,0.0,0.0,0.0,300000.0,350000.0,400000.0,400000.0,400000.0,18000.0,18000.0,19500.0,20000.0,500000.0,500000.0,554500.0,654500.0,0.0,0.0,0.0,22265100.0,22540540.0,24529280.0,26583220.0,26236538.0,24450512.0,26220580.0,32397900.0,0.0,0.0,0.0,0.0,0.0,0.0,0.0,0.0,26236538.0,24450512.0,26220580.0,32397900.0,0.0,1,1,0,0,0.0,0.0,0.0,0.0,0.0,0.0,71520000.0,0.0,0,0,0,0,0,0,0,0,6000000.0,6000000.0,6000000.0,6000000.0,0.0,0.0,0.0,0.0,0,0,0,0,0,0,0
366,Micro-379,30,1,3,0,1,0,0,0,1,2019.0,2024.0,0,1,0,0,1,1,1,1,0,0,0,0,14,15.0,15.0,16.0,13,14,14,15,12000000.0,12000000.0,12180000.0,12180000.0,8200000.0,8200000.0,8654000.0,9937000.0,70000.0,75000.0,75500.0,77000.0,0.0,0.0,0.0,0.0,0.0,0.0,0.0,0.0,19000.0,20000.0,20000.0,21600.0,600000.0,600000.0,650000.0,654000.0,700000.0,774000.0,800000.0,874180.0,21589000.0,21669000.0,22379500.0,23743780.0,24334000.0,20540000.0,23400000.0,2712000.0,0.0,0.0,0.0,0.0,0.0,0.0,0.0,0.0,24334000.0,20540000.0,23400000.0,2712000.0,0.0,0,1,0,0,0.0,0.0,0.0,0.0,0.0,0.0,21695000.0,0.0,0,0,0,0,0,0,0,0,1000000.0,0.0,0.0,0.0,0.0,0.0,0.0,0.0,0,0,1,0,0,0,0
367,Micro-380,47,1,3,0,1,0,0,0,1,2013.0,2024.0,0,1,0,0,0,0,0,1,0,0,0,0,0,0.0,0.0,1.0,0,0,0,0,0.0,0.0,0.0,0.0,0.0,0.0,0.0,0.0,0.0,0.0,0.0,0.0,0.0,0.0,0.0,0.0,0.0,0.0,0.0,0.0,0.0,0.0,0.0,0.0,0.0,0.0,0.0,0.0,0.0,0.0,0.0,0.0,0.0,0.0,0.0,0.0,0.0,0.0,0.0,0.0,0.0,0.0,0.0,0.0,0.0,0.0,0.0,0.0,0.0,0.0,0.0,0.0,0.0,1,0,0,0,0.0,0.0,80000.0,60000.0,100000.0,400000.0,3515000.0,0.0,0,0,0,0,0,0,0,0,500000.0,0.0,0.0,0.0,0.0,0.0,0.0,0.0,0,0,0,0,0,0,0
368,Micro-381,38,1,3,0,1,0,0,0,1,2019.0,2024.0,0,0,0,1,1,1,1,1,0,0,0,0,1,1.0,1.0,1.0,0,0,0,0,0.0,0.0,0.0,0.0,0.0,0.0,0.0,180000.0,0.0,0.0,0.0,26400.0,0.0,0.0,0.0,0.0,0.0,0.0,0.0,0.0,0.0,0.0,0.0,1200.0,0.0,0.0,0.0,1000.0,0.0,0.0,0.0,1000.0,0.0,0.0,0.0,209600.0,0.0,0.0,0.0,326600.0,0.0,0.0,0.0,0.0,0.0,0.0,0.0,0.0,0.0,0.0,0.0,326600.0,0.0,1,0,0,0,8000.0,7000.0,0.0,480000.0,600000.0,960000.0,4060000.0,0.0,0,1,0,0,1,0,0,0,550000.0,550000.0,550000.0,550000.0,0.0,0.0,0.0,0.0,0,0,0,0,0,0,0
369,Micro-382,69,1,3,0,1,0,0,0,1,2019.0,2024.0,0,0,0,1,1,1,1,0,0,0,0,0,1,1.0,1.0,0.0,0,0,0,0,120000.0,120000.0,150000.0,150000.0,0.0,0.0,0.0,0.0,60000.0,60000.0,48000.0,24000.0,0.0,0.0,0.0,0.0,0.0,0.0,0.0,0.0,12000.0,12000.0,24000.0,12000.0,0.0,0.0,0.0,0.0,0.0,0.0,0.0,0.0,192000.0,192000.0,222000.0,186000.0,0.0,0.0,96000.0,1000000.0,0.0,0.0,0.0,0.0,0.0,0.0,0.0,0.0,0.0,0.0,96000.0,1000000.0,0.0,1,0,0,0,0.0,0.0,0.0,0.0,0.0,0.0,710000.0,0.0,0,0,1,0,0,1,1,0,100000.0,100000.0,100000.0,100000.0,0.0,0.0,0.0,0.0,0,0,0,0,0,0,0
370,Micro-383,34,1,3,0,1,0,0,0,1,2020.0,2024.0,0,0,0,1,2,2,2,2,0,0,0,0,2,2.0,2.0,2.0,0,0,0,0,48000.0,50000.0,30000.0,15000.0,0.0,0.0,0.0,0.0,15000.0,12000.0,11000.0,10000.0,0.0,0.0,0.0,0.0,0.0,0.0,0.0,0.0,0.0,0.0,0.0,0.0,0.0,0.0,0.0,0.0,20000.0,15000.0,0.0,10000.0,83000.0,77000.0,126000.0,120000.0,0.0,0.0,0.0,0.0,0.0,0.0,0.0,0.0,0.0,0.0,0.0,0.0,0.0,0.0,0.0,0.0,0.0,1,0,0,0,160000.0,275000.0,48000.0,50000.0,30000.0,15000.0,8000000.0,9000000.0,0,0,1,0,0,1,1,1,50000.0,50000.0,50000.0,50000.0,0.0,0.0,0.0,0.0,0,1,0,0,0,0,0
371,Micro-384,40,1,4,0,1,0,0,0,1,2019.0,2024.0,0,1,0,0,1,1,1,1,0,0,0,0,2,2.0,2.0,3.0,1,1,1,2,144000.0,180000.0,180000.0,0.0,500000.0,500000.0,400000.0,800000.0,30000.0,35000.0,36000.0,25000.0,0.0,0.0,0.0,0.0,0.0,0.0,0.0,0.0,0.0,0.0,0.0,0.0,0.0,0.0,0.0,0.0,10000.0,12000.0,16000.0,15000.0,684000.0,727000.0,632000.0,840000.0,0.0,0.0,0.0,0.0,0.0,0.0,0.0,0.0,0.0,0.0,0.0,0.0,0.0,0.0,0.0,0.0,0.0,1,0,0,0,2000000.0,7000000.0,144000.0,180000.0,180000.0,0.0,8200000.0,0.0,0,0,1,0,0,1,1,1,1000000.0,1000000.0,1000000.0,1000000.0,0.0,0.0,0.0,0.0,0,1,0,0,0,0,0
372,Micro-385,38,1,1,0,1,0,0,0,1,2019.0,2024.0,0,1,0,0,2,2,2,2,0,0,0,0,3,3.0,3.0,3.0,1,1,1,1,8180000.0,9250000.0,8830000.0,9670000.0,23780000.0,28420000.0,26170000.0,30964000.0,554500.0,560000.0,557000.0,576000.0,0.0,0.0,0.0,0.0,0.0,0.0,0.0,0.0,2875000.0,2680000.0,2460000.0,2880000.0,3750000.0,3750000.0,3750000.0,3750000.0,1586000.0,1650000.0,1550000.0,1850000.0,40725500.0,46310000.0,43317000.0,49690000.0,48180000.0,55950000.0,51280000.0,58570000.0,0.0,0.0,0.0,0.0,0.0,0.0,0.0,0.0,48180000.0,55950000.0,51280000.0,58570000.0,0.06,0,0,1,0,3000000.0,6500000.0,0.0,0.0,0.0,0.0,56000000.0,0.0,0,0,1,0,0,1,1,1,500000.0,500000.0,100000.0,200000.0,0.0,0.0,0.0,0.0,0,0,1,0,0,0,0
373,Micro-386,46,1,17,0,1,0,0,0,1,2014.0,2024.0,0,1,0,0,3,3,3,3,0,0,0,0,4,4.0,4.0,4.0,1,1,1,1,2475000.0,2680000.0,2850000.0,3480000.0,14200000.0,19200000.0,18720000.0,20450000.0,127000.0,141000.0,317000.0,150000.0,0.0,0.0,0.0,0.0,38400.0,38400.0,38400.0,38400.0,220000.0,450000.0,480000.0,480000.0,650000.0,650000.0,650000.0,650000.0,380000.0,280000.0,300000.0,300000.0,18090400.0,23439400.0,23355400.0,25735600.0,21080000.0,27200000.0,26800000.0,29600000.0,0.0,0.0,0.0,0.0,0.0,0.0,0.0,0.0,21080000.0,27200000.0,26800000.0,29600000.0,0.08,0,0,1,0,1650000.0,3300000.0,0.0,0.0,0.0,0.0,12200000.0,0.0,0,0,1,0,0,1,1,0,50000.0,50000.0,50000.0,50000.0,0.0,0.0,0.0,0.0,0,1,0,0,1,0,0
374,Micro-387,39,1,3,0,1,0,0,0,1,2018.0,2024.0,0,1,0,0,2,2,2,2,0,0,0,0,3,3.0,3.0,3.0,1,1,1,1,2250000.0,2880000.0,2880000.0,5760000.0,2720000.0,3750000.0,3950000.0,6216000.0,106000.0,106000.0,132000.0,144000.0,0.0,0.0,0.0,0.0,0.0,0.0,0.0,360000.0,255000.0,340000.0,325000.0,600000.0,500000.0,500000.0,500000.0,500000.0,625000.0,925000.0,850000.0,1240000.0,6456000.0,8501000.0,8637000.0,14820000.0,7965000.0,10995000.0,12330000.0,17520000.0,0.0,0.0,0.0,0.0,0.0,0.0,0.0,0.0,7965000.0,10995000.0,12330000.0,17520000.0,0.1,0,0,1,0,1500000.0,2500000.0,0.0,0.0,0.0,0.0,8700000.0,0.0,0,0,1,0,0,0,1,1,100000.0,100000.0,100000.0,100000.0,0.0,0.0,0.0,0.0,0,0,0,0,0,0,0
375,Micro-388,33,1,3,0,1,0,0,0,1,2019.0,2024.0,0,1,0,0,1,1,1,1,0,0,0,0,4,4.0,4.0,4.0,3,3,3,3,0.0,0.0,0.0,0.0,0.0,0.0,2000000.0,3500000.0,0.0,0.0,170000.0,38000.0,0.0,0.0,500000.0,0.0,0.0,0.0,0.0,0.0,0.0,0.0,30000.0,40000.0,0.0,0.0,75000.0,75000.0,0.0,0.0,100000.0,120000.0,0.0,0.0,3025000.0,3773000.0,3550000.0,5075000.0,0.0,0.0,0.0,0.0,0.0,0.0,0.0,0.0,0.0,0.0,3550000.0,5075000.0,0.0,0.0,0.8,1,0,0,0,0.0,0.0,0.0,0.0,0.0,0.0,19750000.0,0.0,0,0,1,0,0,1,1,0,100000.0,100000.0,100000.0,100000.0,0.0,0.0,0.0,0.0,0,1,1,0,1,0,0
376,Micro-389,39,1,4,0,1,0,0,0,1,2015.0,2024.0,0,0,1,0,1,1,1,1,0,0,0,0,3,3.0,3.0,3.0,2,2,2,2,0.0,0.0,0.0,0.0,3500000.0,0.0,0.0,0.0,35000.0,0.0,0.0,0.0,0.0,0.0,0.0,0.0,0.0,0.0,0.0,0.0,50000.0,0.0,0.0,0.0,75000.0,0.0,0.0,0.0,100000.0,0.0,0.0,0.0,5960000.0,0.0,0.0,0.0,6050000.0,0.0,0.0,0.0,0.0,0.0,0.0,0.0,0.0,0.0,0.0,0.0,6050000.0,0.0,0.0,0.0,0.8,1,0,0,0,0.0,0.0,0.0,0.0,0.0,0.0,9180000.0,0.0,0,0,0,0,0,0,1,0,100000.0,100000.0,100000.0,100000.0,0.0,0.0,0.0,0.0,0,1,0,0,0,0,0
377,Micro-390,34,1,4,0,1,0,0,0,1,2019.0,2024.0,0,0,1,0,1,1,1,1,1,1,1,1,2,2.0,2.0,2.0,0,0,0,0,0.0,0.0,0.0,0.0,1500000.0,1800000.0,0.0,0.0,23000.0,30000.0,0.0,0.0,0.0,0.0,0.0,0.0,0.0,0.0,0.0,0.0,8000.0,7000.0,0.0,0.0,75000.0,75000.0,0.0,0.0,100000.0,10000.0,0.0,0.0,2106000.0,2322000.0,0.0,0.0,3000000.0,2850000.0,0.0,0.0,0.0,0.0,0.0,0.0,0.0,0.0,0.0,0.0,3000000.0,2850000.0,0.0,0.0,0.8,1,0,0,0,150000.0,500000.0,0.0,0.0,0.0,0.0,130000.0,0.0,0,0,1,0,0,1,1,1,500000.0,500000.0,500000.0,500000.0,0.0,0.0,0.0,0.0,0,1,0,0,0,0,0
378,Micro-391,42,1,5,0,1,0,0,0,1,2018.0,2024.0,0,0,1,0,1,1,1,1,0,0,0,0,1,1.0,1.0,1.0,0,0,0,0,0.0,0.0,0.0,0.0,1275000.0,0.0,0.0,0.0,42000.0,0.0,0.0,0.0,0.0,0.0,0.0,0.0,0.0,0.0,0.0,0.0,10000.0,0.0,0.0,0.0,100000.0,0.0,0.0,0.0,50000.0,0.0,0.0,0.0,1977000.0,0.0,0.0,0.0,3050000.0,0.0,0.0,0.0,0.0,0.0,0.0,0.0,0.0,0.0,0.0,0.0,3050000.0,0.0,0.0,0.0,0.0,1,0,0,0,75000.0,575000.0,0.0,0.0,0.0,0.0,8020000.0,0.0,0,0,1,0,0,1,1,1,100000.0,100000.0,50000.0,50000.0,0.0,0.0,0.0,0.0,0,0,0,0,0,0,0
379,Micro-392,28,1,4,0,1,0,0,0,1,2020.0,2024.0,0,0,1,0,1,1,0,1,0,0,0,0,2,2.0,2.0,2.0,1,1,2,1,0.0,0.0,0.0,0.0,975000.0,850000.0,0.0,0.0,325000.0,280000.0,0.0,0.0,0.0,0.0,0.0,0.0,0.0,0.0,0.0,0.0,250000.0,250000.0,0.0,0.0,125000.0,125000.0,0.0,0.0,75000.0,75000.0,0.0,0.0,2150000.0,2080000.0,0.0,0.0,3530000.0,40000000.0,0.0,0.0,0.0,0.0,0.0,0.0,0.0,0.0,0.0,0.0,3530000.0,40000000.0,0.0,0.0,0.0,1,0,0,0,0.0,0.0,0.0,0.0,0.0,0.0,7625000.0,0.0,1,0,0,1,0,0,1,,400000.0,0.0,0.0,0.0,400000.0,0.0,0.0,0.0,0,1,0,0,0,0,0
380,Micro-393,33,1,4,0,1,0,0,0,1,2015.0,2024.0,0,0,1,0,1,1,1,1,0,0,0,0,1,1.0,1.0,1.0,0,0,0,0,216000.0,156000.0,204000.0,480000.0,252000.0,204000.0,240000.0,780000.0,31200.0,20160.0,27600.0,63000.0,0.0,0.0,0.0,0.0,0.0,0.0,0.0,0.0,0.0,0.0,0.0,0.0,0.0,0.0,0.0,0.0,0.0,0.0,0.0,0.0,499200.0,380160.0,471600.0,1323000.0,1500000.0,1020000.0,1944000.0,2838000.0,0.0,0.0,0.0,0.0,0.0,0.0,0.0,0.0,1500000.0,1020000.0,1944000.0,2838000.0,0.25,1,0,0,0,80000.0,240000.0,0.0,0.0,0.0,0.0,0.0,0.0,0,0,1,0,0,1,1,0,300000.0,0.0,0.0,0.0,0.0,0.0,0.0,0.0,0,0,0,0,0,0,0
381,Micro-394,69,1,5,0,1,0,0,0,1,2014.0,2024.0,0,0,0,1,4,4,4,5,0,0,0,0,4,4.0,4.0,5.0,0,0,0,0,249600.0,216000.0,264000.0,312000.0,72000.0,36000.0,60000.0,90000.0,0.0,0.0,0.0,0.0,0.0,0.0,0.0,0.0,0.0,0.0,0.0,0.0,0.0,0.0,0.0,0.0,48000.0,24000.0,72000.0,96000.0,0.0,0.0,0.0,0.0,369600.0,276000.0,396000.0,498000.0,444000.0,324000.0,432000.0,588000.0,0.0,0.0,0.0,0.0,0.0,0.0,0.0,0.0,444000.0,324000.0,432000.0,588000.0,0.12,1,0,0,0,41000.0,51000.0,20000.0,20000.0,42000.0,47000.0,0.0,0.0,0,0,1,0,0,1,1,0,50000.0,50000.0,50000.0,50000.0,0.0,0.0,0.0,0.0,0,1,0,0,0,0,0
382,Micro-395,56,1,5,0,1,0,0,0,1,,2024.0,0,0,0,1,2,2,2,2,0,0,0,0,2,2.0,2.0,2.0,0,0,0,0,2400000.0,7200000.0,8100000.0,7980000.0,1200000.0,6000000.0,6000000.0,9600000.0,72000.0,156000.0,156000.0,198000.0,0.0,0.0,0.0,0.0,3600.0,3600.0,3600.0,14400.0,540000.0,108000.0,108000.0,180000.0,0.0,0.0,0.0,0.0,0.0,0.0,0.0,0.0,4215600.0,13467600.0,14367600.0,17972400.0,750000.0,1300000.0,1400000.0,1745000.0,0.0,0.0,0.0,0.0,0.0,0.0,0.0,0.0,750000.0,1300000.0,1400000.0,1745000.0,0.03,0,0,1,0,0.0,0.0,0.0,0.0,0.0,0.0,0.0,0.0,0,0,1,0,0,1,1,0,50000.0,50000.0,50000.0,50000.0,0.0,0.0,0.0,0.0,0,0,0,0,0,0,0
383,Micro-396,64,1,5,0,1,0,0,0,1,,2024.0,0,0,0,1,1,1,1,1,0,0,0,0,1,1.0,1.0,1.0,0,0,0,0,0.0,0.0,0.0,0.0,100000.0,100000.0,50000.0,250000.0,30000.0,36000.0,24000.0,24000.0,0.0,0.0,0.0,0.0,0.0,0.0,0.0,0.0,0.0,0.0,0.0,0.0,0.0,0.0,0.0,0.0,10000.0,12000.0,10000.0,13000.0,140000.0,148000.0,84000.0,287000.0,10000.0,15000.0,16000.0,20000.0,0.0,0.0,0.0,0.0,0.0,0.0,0.0,0.0,10000.0,15000.0,16000.0,20000.0,0.0,1,0,0,0,0.0,0.0,0.0,0.0,0.0,0.0,200000.0,0.0,0,0,1,0,0,1,1,1,100000.0,50000.0,50000.0,50000.0,0.0,0.0,0.0,0.0,0,1,0,0,0,0,0
384,Micro-397,28,1,17,0,1,0,0,0,1,2014.0,2024.0,0,0,0,1,3,2,2,3,0,0,0,0,3,2.0,2.0,3.0,0,0,0,0,120000.0,120000.0,150000.0,150000.0,0.0,0.0,0.0,0.0,60000.0,60000.0,48000.0,24000.0,0.0,0.0,0.0,0.0,0.0,0.0,0.0,0.0,12000.0,12000.0,24000.0,12000.0,0.0,0.0,0.0,0.0,0.0,0.0,0.0,0.0,192000.0,192000.0,222000.0,186000.0,0.0,0.0,96000.0,1000000.0,0.0,0.0,0.0,0.0,0.0,0.0,0.0,0.0,0.0,0.0,96000.0,1000000.0,0.0,1,0,0,0,0.0,0.0,0.0,0.0,0.0,0.0,710000.0,0.0,0,0,1,0,0,1,,1,500000.0,0.0,0.0,0.0,0.0,0.0,0.0,0.0,0,1,0,0,0,0,0
385,Micro-398,43,1,4,0,1,0,0,0,1,,2024.0,0,0,0,1,1,1,1,1,0,0,0,0,1,1.0,1.0,1.0,0,0,0,0,48000.0,50000.0,30000.0,15000.0,0.0,0.0,0.0,0.0,15000.0,12000.0,11000.0,10000.0,0.0,0.0,0.0,0.0,0.0,0.0,0.0,0.0,0.0,0.0,0.0,0.0,0.0,0.0,0.0,0.0,20000.0,15000.0,0.0,10000.0,83000.0,77000.0,126000.0,120000.0,0.0,0.0,0.0,0.0,0.0,0.0,0.0,0.0,0.0,0.0,0.0,0.0,0.0,0.0,0.0,0.0,0.0,1,0,0,0,160000.0,275000.0,48000.0,50000.0,30000.0,15000.0,8000000.0,9000000.0,1,0,0,1,0,0,0,0,0.0,0.0,0.0,0.0,0.0,0.0,0.0,0.0,0,0,0,0,0,0,0
386,Micro-399,50,1,4,0,1,0,0,0,1,2020.0,2024.0,0,0,0,1,4,5,4,5,0,0,0,0,4,5.0,4.0,5.0,0,0,0,0,144000.0,180000.0,180000.0,0.0,500000.0,500000.0,400000.0,800000.0,30000.0,35000.0,36000.0,25000.0,0.0,0.0,0.0,0.0,0.0,0.0,0.0,0.0,0.0,0.0,0.0,0.0,0.0,0.0,0.0,0.0,10000.0,12000.0,16000.0,15000.0,684000.0,727000.0,632000.0,840000.0,0.0,0.0,0.0,0.0,0.0,0.0,0.0,0.0,0.0,0.0,0.0,0.0,0.0,0.0,0.0,0.0,0.0,1,0,0,0,2000000.0,7000000.0,144000.0,180000.0,180000.0,0.0,8200000.0,0.0,1,0,0,1,0,0,1,1,0.0,0.0,0.0,6300000.0,0.0,0.0,0.0,0.0,0,1,0,0,0,0,0
387,Micro-400,30,1,0,0,1,0,0,0,1,2018.0,2024.0,0,0,0,1,3,3,3,3,0,0,0,0,3,3.0,3.0,3.0,0,0,0,0,8180000.0,9250000.0,8830000.0,9670000.0,23780000.0,28420000.0,26170000.0,30964000.0,554500.0,560000.0,557000.0,576000.0,0.0,0.0,0.0,0.0,0.0,0.0,0.0,0.0,2875000.0,2680000.0,2460000.0,2880000.0,3750000.0,3750000.0,3750000.0,3750000.0,1586000.0,1650000.0,1550000.0,1850000.0,40725500.0,46310000.0,43317000.0,49690000.0,48180000.0,55950000.0,51280000.0,58570000.0,0.0,0.0,0.0,0.0,0.0,0.0,0.0,0.0,48180000.0,55950000.0,51280000.0,58570000.0,0.06,0,0,1,0,3000000.0,6500000.0,0.0,0.0,0.0,0.0,56000000.0,0.0,0,0,0,0,0,0,0,0,0.0,0.0,0.0,38000.0,0.0,0.0,0.0,25000.0,0,1,0,0,0,0,0
388,Micro-401,47,1,3,0,1,0,0,0,1,2020.0,2024.0,0,0,0,1,4,6,6,6,0,0,0,0,4,6.0,6.0,6.0,0,0,0,0,2475000.0,2680000.0,2850000.0,3480000.0,14200000.0,19200000.0,18720000.0,20450000.0,127000.0,141000.0,317000.0,150000.0,0.0,0.0,0.0,0.0,38400.0,38400.0,38400.0,38400.0,220000.0,450000.0,480000.0,480000.0,650000.0,650000.0,650000.0,650000.0,380000.0,280000.0,300000.0,300000.0,18090400.0,23439400.0,23355400.0,25735600.0,21080000.0,27200000.0,26800000.0,29600000.0,0.0,0.0,0.0,0.0,0.0,0.0,0.0,0.0,21080000.0,27200000.0,26800000.0,29600000.0,0.08,0,0,1,0,1650000.0,3300000.0,0.0,0.0,0.0,0.0,12200000.0,0.0,0,1,0,0,0,0,0,0,0.0,0.0,0.0,1200000.0,0.0,0.0,0.0,0.0,0,0,0,0,0,0,0
389,Micro-402,30,1,5,0,1,0,0,0,1,,2024.0,0,0,0,1,4,3,1,1,0,0,0,0,4,3.0,1.0,1.0,0,0,0,0,2250000.0,2880000.0,2880000.0,5760000.0,2720000.0,3750000.0,3950000.0,6216000.0,106000.0,106000.0,132000.0,144000.0,0.0,0.0,0.0,0.0,0.0,0.0,0.0,360000.0,255000.0,340000.0,325000.0,600000.0,500000.0,500000.0,500000.0,500000.0,625000.0,925000.0,850000.0,1240000.0,6456000.0,8501000.0,8637000.0,14820000.0,7965000.0,10995000.0,12330000.0,17520000.0,0.0,0.0,0.0,0.0,0.0,0.0,0.0,0.0,7965000.0,10995000.0,12330000.0,17520000.0,0.1,0,0,1,0,1500000.0,2500000.0,0.0,0.0,0.0,0.0,8700000.0,0.0,0,0,0,0,0,0,0,0,0.0,0.0,0.0,105000.0,0.0,0.0,0.0,0.0,0,0,0,0,0,0,0
390,Micro-403,55,1,4,0,1,0,0,0,1,2018.0,2024.0,0,0,0,1,2,2,2,2,0,0,0,0,2,2.0,2.0,2.0,0,0,0,0,0.0,0.0,0.0,0.0,0.0,0.0,2000000.0,3500000.0,0.0,0.0,170000.0,38000.0,0.0,0.0,500000.0,0.0,0.0,0.0,0.0,0.0,0.0,0.0,30000.0,40000.0,0.0,0.0,75000.0,75000.0,0.0,0.0,100000.0,120000.0,0.0,0.0,3025000.0,3773000.0,3550000.0,5075000.0,0.0,0.0,0.0,0.0,0.0,0.0,0.0,0.0,0.0,0.0,3550000.0,5075000.0,0.0,0.0,0.8,1,0,0,0,0.0,0.0,0.0,0.0,0.0,0.0,19750000.0,0.0,0,0,1,0,0,0,0,0,500000.0,80000.0,90000.0,1000000.0,0.0,0.0,0.0,0.0,0,0,0,0,0,0,0
391,Micro-404,48,1,4,0,1,0,0,0,1,2017.0,2024.0,0,0,0,1,5,5,6,7,0,0,0,0,5,5.0,6.0,7.0,0,0,0,0,0.0,0.0,0.0,0.0,1500000.0,1800000.0,0.0,0.0,23000.0,30000.0,0.0,0.0,0.0,0.0,0.0,0.0,0.0,0.0,0.0,0.0,8000.0,7000.0,0.0,0.0,75000.0,75000.0,0.0,0.0,100000.0,10000.0,0.0,0.0,2106000.0,2322000.0,0.0,0.0,3000000.0,2850000.0,0.0,0.0,0.0,0.0,0.0,0.0,0.0,0.0,0.0,0.0,3000000.0,2850000.0,0.0,0.0,0.8,1,0,0,0,150000.0,500000.0,0.0,0.0,0.0,0.0,130000.0,0.0,0,1,0,0,1,0,1,0,50000.0,85000.0,90000.0,100000.0,0.0,0.0,0.0,0.0,0,0,0,0,0,0,0
392,Micro-405,71,1,2,0,1,0,0,0,1,,2024.0,0,0,0,1,2,2,2,2,0,0,0,0,2,2.0,2.0,2.0,0,0,0,0,0.0,0.0,0.0,0.0,1275000.0,0.0,0.0,0.0,42000.0,0.0,0.0,0.0,0.0,0.0,0.0,0.0,0.0,0.0,0.0,0.0,10000.0,0.0,0.0,0.0,100000.0,0.0,0.0,0.0,50000.0,0.0,0.0,0.0,1977000.0,0.0,0.0,0.0,3050000.0,0.0,0.0,0.0,0.0,0.0,0.0,0.0,0.0,0.0,0.0,0.0,3050000.0,0.0,0.0,0.0,0.0,1,0,0,0,75000.0,575000.0,0.0,0.0,0.0,0.0,8020000.0,0.0,0,0,0,0,0,0,0,0,0.0,0.0,0.0,5000000.0,0.0,0.0,0.0,0.0,0,0,0,0,0,0,0
393,Micro-406,54,1,5,0,1,0,0,0,1,2004.0,2024.0,0,0,1,0,1,1,1,1,0,0,0,0,1,1.0,1.0,1.0,0,0,0,0,0.0,0.0,0.0,0.0,975000.0,850000.0,0.0,0.0,325000.0,280000.0,0.0,0.0,0.0,0.0,0.0,0.0,0.0,0.0,0.0,0.0,250000.0,250000.0,0.0,0.0,125000.0,125000.0,0.0,0.0,75000.0,75000.0,0.0,0.0,2150000.0,2080000.0,0.0,0.0,3530000.0,40000000.0,0.0,0.0,0.0,0.0,0.0,0.0,0.0,0.0,0.0,0.0,3530000.0,40000000.0,0.0,0.0,0.0,1,0,0,0,0.0,0.0,0.0,0.0,0.0,0.0,7625000.0,0.0,0,0,1,0,0,0,0,0,0.0,0.0,0.0,0.0,0.0,0.0,0.0,0.0,0,0,0,0,0,0,0
394,Micro-407,26,1,3,0,1,0,0,0,1,2014.0,2024.0,0,0,1,0,3,3,3,3,0,0,0,0,3,3.0,3.0,3.0,0,0,0,0,216000.0,156000.0,204000.0,480000.0,252000.0,204000.0,240000.0,780000.0,31200.0,20160.0,27600.0,63000.0,0.0,0.0,0.0,0.0,0.0,0.0,0.0,0.0,0.0,0.0,0.0,0.0,0.0,0.0,0.0,0.0,0.0,0.0,0.0,0.0,499200.0,380160.0,471600.0,1323000.0,1500000.0,1020000.0,1944000.0,2838000.0,0.0,0.0,0.0,0.0,0.0,0.0,0.0,0.0,1500000.0,1020000.0,1944000.0,2838000.0,0.25,1,0,0,0,80000.0,240000.0,0.0,0.0,0.0,0.0,0.0,0.0,0,1,0,0,1,0,0,0,0.0,0.0,0.0,0.0,0.0,0.0,0.0,150000.0,0,1,0,0,0,0,0
395,Micro-408,42,1,5,0,1,0,0,0,1,,2024.0,0,0,1,0,1,1,1,1,2,2,2,2,3,3.0,3.0,3.0,0,0,0,0,0.0,0.0,0.0,0.0,0.0,0.0,0.0,0.0,0.0,0.0,0.0,0.0,0.0,0.0,0.0,0.0,0.0,0.0,0.0,0.0,0.0,0.0,0.0,0.0,0.0,0.0,0.0,0.0,0.0,0.0,0.0,0.0,0.0,0.0,0.0,0.0,0.0,0.0,0.0,0.0,0.0,0.0,0.0,0.0,0.0,0.0,0.0,0.0,0.0,0.0,0.0,0.0,0.0,0,0,0,0,0.0,0.0,0.0,0.0,0.0,0.0,0.0,0.0,0,0,0,0,0,0,0,0,0.0,10000.0,10000.0,10000.0,0.0,0.0,0.0,0.0,0,0,0,0,0,0,0
396,Micro-409,41,1,54,0,1,0,0,0,1,,2024.0,0,0,1,0,1,1,1,1,0,0,0,0,1,1.0,1.0,1.0,0,0,0,0,0.0,0.0,0.0,0.0,100000.0,100000.0,50000.0,250000.0,30000.0,36000.0,24000.0,24000.0,0.0,0.0,0.0,0.0,0.0,0.0,0.0,0.0,0.0,0.0,0.0,0.0,0.0,0.0,0.0,0.0,10000.0,12000.0,10000.0,13000.0,140000.0,148000.0,84000.0,287000.0,10000.0,15000.0,16000.0,20000.0,0.0,0.0,0.0,0.0,0.0,0.0,0.0,0.0,10000.0,15000.0,16000.0,20000.0,0.0,1,0,0,0,0.0,0.0,0.0,0.0,0.0,0.0,200000.0,0.0,0,1,0,0,1,0,1,0,100000.0,128000.0,200000.0,240000.0,0.0,0.0,0.0,0.0,0,0,0,0,0,0,0
397,Micro-410,43,1,5,0,1,0,0,0,1,2020.0,2024.0,0,0,1,0,1,1,1,1,0,0,0,0,1,1.0,1.0,1.0,0,0,0,0,120000.0,120000.0,150000.0,150000.0,0.0,0.0,0.0,0.0,60000.0,60000.0,48000.0,24000.0,0.0,0.0,0.0,0.0,0.0,0.0,0.0,0.0,12000.0,12000.0,24000.0,12000.0,0.0,0.0,0.0,0.0,0.0,0.0,0.0,0.0,192000.0,192000.0,222000.0,186000.0,0.0,0.0,96000.0,1000000.0,0.0,0.0,0.0,0.0,0.0,0.0,0.0,0.0,0.0,0.0,96000.0,1000000.0,0.0,1,0,0,0,0.0,0.0,0.0,0.0,0.0,0.0,710000.0,0.0,0,1,0,0,1,0,1,0,150000.0,175000.0,190000.0,220000.0,0.0,0.0,0.0,0.0,0,0,0,0,0,0,0
398,Micro-411,0,1,4,0,1,0,0,0,1,2021.0,2024.0,0,0,1,0,6,6,6,6,0,0,0,0,6,6.0,6.0,6.0,0,0,0,0,48000.0,50000.0,30000.0,15000.0,0.0,0.0,0.0,0.0,15000.0,12000.0,11000.0,10000.0,0.0,0.0,0.0,0.0,0.0,0.0,0.0,0.0,0.0,0.0,0.0,0.0,0.0,0.0,0.0,0.0,20000.0,15000.0,0.0,10000.0,83000.0,77000.0,126000.0,120000.0,0.0,0.0,0.0,0.0,0.0,0.0,0.0,0.0,0.0,0.0,0.0,0.0,0.0,0.0,0.0,0.0,0.0,1,0,0,0,160000.0,275000.0,48000.0,50000.0,30000.0,15000.0,8000000.0,9000000.0,0,0,0,0,1,0,1,1,0.0,500000.0,0.0,0.0,0.0,0.0,0.0,0.0,1,0,0,0,0,0,0
399,Micro-412,55,1,3,0,1,0,0,0,1,2019.0,2024.0,0,1,0,0,3,3,3,3,0,0,0,0,3,3.0,3.0,3.0,0,0,0,0,144000.0,180000.0,180000.0,0.0,500000.0,500000.0,400000.0,800000.0,30000.0,35000.0,36000.0,25000.0,0.0,0.0,0.0,0.0,0.0,0.0,0.0,0.0,0.0,0.0,0.0,0.0,0.0,0.0,0.0,0.0,10000.0,12000.0,16000.0,15000.0,684000.0,727000.0,632000.0,840000.0,0.0,0.0,0.0,0.0,0.0,0.0,0.0,0.0,0.0,0.0,0.0,0.0,0.0,0.0,0.0,0.0,0.0,1,0,0,0,2000000.0,7000000.0,144000.0,180000.0,180000.0,0.0,8200000.0,0.0,0,1,0,0,1,0,0,0,0.0,50000.0,0.0,0.0,0.0,0.0,0.0,0.0,0,0,0,0,0,0,0
400,Micro-413,33,1,5,0,1,0,0,0,1,2020.0,2024.0,0,1,0,0,1,1,1,1,0,0,0,0,1,1.0,1.0,1.0,0,0,0,0,8180000.0,9250000.0,8830000.0,9670000.0,23780000.0,28420000.0,26170000.0,30964000.0,554500.0,560000.0,557000.0,576000.0,0.0,0.0,0.0,0.0,0.0,0.0,0.0,0.0,2875000.0,2680000.0,2460000.0,2880000.0,3750000.0,3750000.0,3750000.0,3750000.0,1586000.0,1650000.0,1550000.0,1850000.0,40725500.0,46310000.0,43317000.0,49690000.0,48180000.0,55950000.0,51280000.0,58570000.0,0.0,0.0,0.0,0.0,0.0,0.0,0.0,0.0,48180000.0,55950000.0,51280000.0,58570000.0,0.06,0,0,1,0,3000000.0,6500000.0,0.0,0.0,0.0,0.0,56000000.0,0.0,0,1,0,0,1,0,0,0,550000.0,2200000.0,0.0,0.0,0.0,0.0,0.0,0.0,0,1,0,0,0,0,0
401,Micro-414,55,1,3,0,1,0,0,0,1,2020.0,2024.0,0,1,0,0,0,0,0,0,0,0,0,0,0,0.0,0.0,0.0,0,0,0,0,2475000.0,2680000.0,2850000.0,3480000.0,14200000.0,19200000.0,18720000.0,20450000.0,127000.0,141000.0,317000.0,150000.0,0.0,0.0,0.0,0.0,38400.0,38400.0,38400.0,38400.0,220000.0,450000.0,480000.0,480000.0,650000.0,650000.0,650000.0,650000.0,380000.0,280000.0,300000.0,300000.0,18090400.0,23439400.0,23355400.0,25735600.0,21080000.0,27200000.0,26800000.0,29600000.0,0.0,0.0,0.0,0.0,0.0,0.0,0.0,0.0,21080000.0,27200000.0,26800000.0,29600000.0,0.08,0,0,1,0,1650000.0,3300000.0,0.0,0.0,0.0,0.0,12200000.0,0.0,0,1,0,0,1,0,1,1,0.0,0.0,300000.0,0.0,0.0,0.0,0.0,0.0,0,1,0,0,0,0,0
402,Micro-415,53,1,3,0,1,0,0,0,1,2005.0,2024.0,0,1,0,0,4,4,4,4,0,0,0,0,4,4.0,4.0,4.0,0,0,0,0,2250000.0,2880000.0,2880000.0,5760000.0,2720000.0,3750000.0,3950000.0,6216000.0,106000.0,106000.0,132000.0,144000.0,0.0,0.0,0.0,0.0,0.0,0.0,0.0,360000.0,255000.0,340000.0,325000.0,600000.0,500000.0,500000.0,500000.0,500000.0,625000.0,925000.0,850000.0,1240000.0,6456000.0,8501000.0,8637000.0,14820000.0,7965000.0,10995000.0,12330000.0,17520000.0,0.0,0.0,0.0,0.0,0.0,0.0,0.0,0.0,7965000.0,10995000.0,12330000.0,17520000.0,0.1,0,0,1,0,1500000.0,2500000.0,0.0,0.0,0.0,0.0,8700000.0,0.0,0,1,0,0,1,0,0,0,0.0,0.0,0.0,0.0,0.0,0.0,0.0,0.0,0,0,0,0,0,0,0
403,Micro-416,65,1,1,0,1,0,0,0,1,2014.0,2024.0,0,1,0,0,5,5,5,5,0,0,0,0,5,5.0,5.0,5.0,0,0,0,0,0.0,0.0,0.0,0.0,0.0,0.0,2000000.0,3500000.0,0.0,0.0,170000.0,38000.0,0.0,0.0,500000.0,0.0,0.0,0.0,0.0,0.0,0.0,0.0,30000.0,40000.0,0.0,0.0,75000.0,75000.0,0.0,0.0,100000.0,120000.0,0.0,0.0,3025000.0,3773000.0,3550000.0,5075000.0,0.0,0.0,0.0,0.0,0.0,0.0,0.0,0.0,0.0,0.0,3550000.0,5075000.0,0.0,0.0,0.8,1,0,0,0,0.0,0.0,0.0,0.0,0.0,0.0,19750000.0,0.0,0,0,1,0,0,1,1,0,0.0,0.0,0.0,0.0,0.0,0.0,0.0,0.0,0,0,0,0,0,0,0
404,Micro-417,63,1,4,0,1,0,0,0,1,,2024.0,0,1,0,0,1,1,1,1,0,0,0,0,1,1.0,1.0,1.0,0,0,0,0,0.0,0.0,0.0,0.0,3500000.0,0.0,0.0,0.0,35000.0,0.0,0.0,0.0,0.0,0.0,0.0,0.0,0.0,0.0,0.0,0.0,50000.0,0.0,0.0,0.0,75000.0,0.0,0.0,0.0,100000.0,0.0,0.0,0.0,5960000.0,0.0,0.0,0.0,6050000.0,0.0,0.0,0.0,0.0,0.0,0.0,0.0,0.0,0.0,0.0,0.0,6050000.0,0.0,0.0,0.0,0.8,1,0,0,0,0.0,0.0,0.0,0.0,0.0,0.0,9180000.0,0.0,0,1,0,0,0,1,1,1,500000.0,100000.0,250000.0,350000.0,0.0,0.0,0.0,0.0,0,0,0,0,0,0,0
405,Micro-418,51,1,5,0,1,0,0,0,1,2020.0,2024.0,0,1,0,0,1,1,1,1,1,0,1,0,2,1.0,2.0,1.0,0,0,0,0,0.0,0.0,0.0,0.0,1500000.0,1800000.0,0.0,0.0,23000.0,30000.0,0.0,0.0,0.0,0.0,0.0,0.0,0.0,0.0,0.0,0.0,8000.0,7000.0,0.0,0.0,75000.0,75000.0,0.0,0.0,100000.0,10000.0,0.0,0.0,2106000.0,2322000.0,0.0,0.0,3000000.0,2850000.0,0.0,0.0,0.0,0.0,0.0,0.0,0.0,0.0,0.0,0.0,3000000.0,2850000.0,0.0,0.0,0.8,1,0,0,0,150000.0,500000.0,0.0,0.0,0.0,0.0,130000.0,0.0,0,1,0,0,1,0,1,0,100000.0,128000.0,200000.0,240000.0,0.0,0.0,0.0,0.0,0,0,0,0,0,0,0
406,Micro-419,67,1,3,0,1,0,0,0,1,2010.0,2024.0,0,1,0,0,1,1,1,1,0,0,0,0,1,1.0,1.0,1.0,0,0,0,0,0.0,0.0,0.0,0.0,1275000.0,0.0,0.0,0.0,42000.0,0.0,0.0,0.0,0.0,0.0,0.0,0.0,0.0,0.0,0.0,0.0,10000.0,0.0,0.0,0.0,100000.0,0.0,0.0,0.0,50000.0,0.0,0.0,0.0,1977000.0,0.0,0.0,0.0,3050000.0,0.0,0.0,0.0,0.0,0.0,0.0,0.0,0.0,0.0,0.0,0.0,3050000.0,0.0,0.0,0.0,0.0,1,0,0,0,75000.0,575000.0,0.0,0.0,0.0,0.0,8020000.0,0.0,0,1,0,0,1,0,1,0,150000.0,175000.0,190000.0,220000.0,0.0,0.0,0.0,0.0,0,0,0,0,0,0,0
407,Micro-420,60,1,4,0,1,0,0,0,1,2008.0,2024.0,0,1,0,0,1,1,1,1,0,0,0,0,1,1.0,1.0,1.0,0,0,0,0,0.0,0.0,0.0,0.0,975000.0,850000.0,0.0,0.0,325000.0,280000.0,0.0,0.0,0.0,0.0,0.0,0.0,0.0,0.0,0.0,0.0,250000.0,250000.0,0.0,0.0,125000.0,125000.0,0.0,0.0,75000.0,75000.0,0.0,0.0,2150000.0,2080000.0,0.0,0.0,3530000.0,40000000.0,0.0,0.0,0.0,0.0,0.0,0.0,0.0,0.0,0.0,0.0,3530000.0,40000000.0,0.0,0.0,0.0,1,0,0,0,0.0,0.0,0.0,0.0,0.0,0.0,7625000.0,0.0,0,0,0,0,1,0,1,1,0.0,500000.0,0.0,0.0,0.0,0.0,0.0,0.0,1,0,0,0,0,0,0
408,Micro-421,53,1,4,0,1,0,0,0,1,2020.0,2024.0,0,1,0,0,1,0,0,1,0,0,0,0,1,0.0,0.0,1.0,0,0,0,0,216000.0,156000.0,204000.0,480000.0,252000.0,204000.0,240000.0,780000.0,31200.0,20160.0,27600.0,63000.0,0.0,0.0,0.0,0.0,0.0,0.0,0.0,0.0,0.0,0.0,0.0,0.0,0.0,0.0,0.0,0.0,0.0,0.0,0.0,0.0,499200.0,380160.0,471600.0,1323000.0,1500000.0,1020000.0,1944000.0,2838000.0,0.0,0.0,0.0,0.0,0.0,0.0,0.0,0.0,1500000.0,1020000.0,1944000.0,2838000.0,0.25,1,0,0,0,80000.0,240000.0,0.0,0.0,0.0,0.0,0.0,0.0,0,1,0,0,1,0,0,0,0.0,50000.0,0.0,0.0,0.0,0.0,0.0,0.0,0,0,0,0,0,0,0
409,Micro-422,41,1,4,0,1,0,0,0,1,2010.0,2024.0,0,1,0,0,1,1,1,1,0,0,0,0,1,1.0,1.0,1.0,0,0,0,0,0.0,0.0,0.0,0.0,0.0,0.0,0.0,0.0,0.0,0.0,0.0,0.0,0.0,0.0,0.0,0.0,0.0,0.0,0.0,0.0,0.0,0.0,0.0,0.0,0.0,0.0,0.0,0.0,0.0,0.0,0.0,0.0,0.0,0.0,0.0,0.0,0.0,0.0,0.0,0.0,0.0,0.0,0.0,0.0,0.0,0.0,0.0,0.0,0.0,0.0,0.0,0.0,0.0,0,0,0,0,0.0,0.0,0.0,0.0,0.0,0.0,0.0,0.0,0,1,0,0,1,0,0,0,550000.0,2200000.0,0.0,0.0,0.0,0.0,0.0,0.0,0,1,0,0,0,0,0
410,Micro-423,0,1,4,0,1,0,0,0,1,1980.0,2024.0,0,1,0,0,1,1,1,1,2,0,0,1,3,1.0,1.0,2.0,0,0,0,0,249600.0,216000.0,264000.0,312000.0,72000.0,36000.0,60000.0,90000.0,0.0,0.0,0.0,0.0,0.0,0.0,0.0,0.0,0.0,0.0,0.0,0.0,0.0,0.0,0.0,0.0,48000.0,24000.0,72000.0,96000.0,0.0,0.0,0.0,0.0,369600.0,276000.0,396000.0,498000.0,444000.0,324000.0,432000.0,588000.0,0.0,0.0,0.0,0.0,0.0,0.0,0.0,0.0,444000.0,324000.0,432000.0,588000.0,0.12,1,0,0,0,41000.0,51000.0,20000.0,20000.0,42000.0,47000.0,0.0,0.0,0,1,0,0,1,0,1,1,0.0,0.0,300000.0,0.0,0.0,0.0,0.0,0.0,0,1,0,0,0,0,0
411,Micro-424,52,1,4,0,1,0,1,0,1,2020.0,2024.0,0,1,0,0,1,1,1,1,0,0,0,0,1,1.0,1.0,1.0,0,0,0,0,2400000.0,7200000.0,8100000.0,7980000.0,1200000.0,6000000.0,6000000.0,9600000.0,72000.0,156000.0,156000.0,198000.0,0.0,0.0,0.0,0.0,3600.0,3600.0,3600.0,14400.0,540000.0,108000.0,108000.0,180000.0,0.0,0.0,0.0,0.0,0.0,0.0,0.0,0.0,4215600.0,13467600.0,14367600.0,17972400.0,750000.0,1300000.0,1400000.0,1745000.0,0.0,0.0,0.0,0.0,0.0,0.0,0.0,0.0,750000.0,1300000.0,1400000.0,1745000.0,0.03,0,0,1,0,0.0,0.0,0.0,0.0,0.0,0.0,0.0,0.0,0,1,0,0,1,0,0,0,0.0,0.0,0.0,0.0,0.0,0.0,0.0,0.0,0,0,0,0,0,0,0
412,Micro-425,35,1,2,0,1,0,1,0,1,2003.0,2024.0,0,1,0,0,1,1,1,1,1,1,1,1,2,2.0,2.0,2.0,0,0,0,0,120000.0,120000.0,150000.0,150000.0,0.0,0.0,0.0,0.0,60000.0,60000.0,48000.0,24000.0,0.0,0.0,0.0,0.0,0.0,0.0,0.0,0.0,12000.0,12000.0,24000.0,12000.0,0.0,0.0,0.0,0.0,0.0,0.0,0.0,0.0,192000.0,192000.0,222000.0,186000.0,0.0,0.0,96000.0,1000000.0,0.0,0.0,0.0,0.0,0.0,0.0,0.0,0.0,0.0,0.0,96000.0,1000000.0,0.0,1,0,0,0,0.0,0.0,0.0,0.0,0.0,0.0,710000.0,0.0,0,1,0,0,0,1,1,1,500000.0,100000.0,250000.0,350000.0,0.0,0.0,0.0,0.0,0,0,0,0,0,0,0
413,Micro-426,57,1,3,0,1,1,0,0,1,2002.0,2024.0,0,1,0,0,0,0,0,0,0,0,0,0,0,0.0,0.0,0.0,0,0,0,0,48000.0,50000.0,30000.0,15000.0,0.0,0.0,0.0,0.0,15000.0,12000.0,11000.0,10000.0,0.0,0.0,0.0,0.0,0.0,0.0,0.0,0.0,0.0,0.0,0.0,0.0,0.0,0.0,0.0,0.0,20000.0,15000.0,0.0,10000.0,83000.0,77000.0,126000.0,120000.0,0.0,0.0,0.0,0.0,0.0,0.0,0.0,0.0,0.0,0.0,0.0,0.0,0.0,0.0,0.0,0.0,0.0,1,0,0,0,160000.0,275000.0,48000.0,50000.0,30000.0,15000.0,8000000.0,9000000.0,0,1,0,0,1,0,1,0,100000.0,128000.0,200000.0,240000.0,0.0,0.0,0.0,0.0,0,0,0,0,0,0,0
414,Micro-427,50,1,4,0,1,0,1,0,1,2023.0,2024.0,0,1,0,0,0,0,0,1,0,0,0,0,0,0.0,0.0,2.0,0,0,0,1,144000.0,180000.0,180000.0,0.0,500000.0,500000.0,400000.0,800000.0,30000.0,35000.0,36000.0,25000.0,0.0,0.0,0.0,0.0,0.0,0.0,0.0,0.0,0.0,0.0,0.0,0.0,0.0,0.0,0.0,0.0,10000.0,12000.0,16000.0,15000.0,684000.0,727000.0,632000.0,840000.0,0.0,0.0,0.0,0.0,0.0,0.0,0.0,0.0,0.0,0.0,0.0,0.0,0.0,0.0,0.0,0.0,0.0,1,0,0,0,2000000.0,7000000.0,144000.0,180000.0,180000.0,0.0,8200000.0,0.0,0,1,0,0,1,0,1,0,150000.0,175000.0,190000.0,220000.0,0.0,0.0,0.0,0.0,0,0,0,0,0,0,0
415,Micro-428,41,1,4,0,1,1,1,0,1,2018.0,2024.0,0,1,0,0,0,0,0,0,0,0,0,1,0,0.0,0.0,1.0,0,0,0,0,8180000.0,9250000.0,8830000.0,9670000.0,23780000.0,28420000.0,26170000.0,30964000.0,554500.0,560000.0,557000.0,576000.0,0.0,0.0,0.0,0.0,0.0,0.0,0.0,0.0,2875000.0,2680000.0,2460000.0,2880000.0,3750000.0,3750000.0,3750000.0,3750000.0,1586000.0,1650000.0,1550000.0,1850000.0,40725500.0,46310000.0,43317000.0,49690000.0,48180000.0,55950000.0,51280000.0,58570000.0,0.0,0.0,0.0,0.0,0.0,0.0,0.0,0.0,48180000.0,55950000.0,51280000.0,58570000.0,0.06,0,0,1,0,3000000.0,6500000.0,0.0,0.0,0.0,0.0,56000000.0,0.0,0,0,0,0,1,0,1,1,0.0,500000.0,0.0,0.0,0.0,0.0,0.0,0.0,1,0,0,0,0,0,0
416,Micro-429,30,1,5,1,1,0,1,0,1,2020.0,2024.0,0,1,0,0,0,0,0,1,0,0,0,0,0,0.0,0.0,1.0,0,0,0,0,2475000.0,2680000.0,2850000.0,3480000.0,14200000.0,19200000.0,18720000.0,20450000.0,127000.0,141000.0,317000.0,150000.0,0.0,0.0,0.0,0.0,38400.0,38400.0,38400.0,38400.0,220000.0,450000.0,480000.0,480000.0,650000.0,650000.0,650000.0,650000.0,380000.0,280000.0,300000.0,300000.0,18090400.0,23439400.0,23355400.0,25735600.0,21080000.0,27200000.0,26800000.0,29600000.0,0.0,0.0,0.0,0.0,0.0,0.0,0.0,0.0,21080000.0,27200000.0,26800000.0,29600000.0,0.08,0,0,1,0,1650000.0,3300000.0,0.0,0.0,0.0,0.0,12200000.0,0.0,0,1,0,0,1,0,0,0,0.0,50000.0,0.0,0.0,0.0,0.0,0.0,0.0,0,0,0,0,0,0,0
417,Micro-430,40,1,4,0,1,1,0,0,1,2015.0,2024.0,0,1,0,0,1,1,1,1,0,0,0,0,1,1.0,1.0,1.0,0,0,0,0,2250000.0,2880000.0,2880000.0,5760000.0,2720000.0,3750000.0,3950000.0,6216000.0,106000.0,106000.0,132000.0,144000.0,0.0,0.0,0.0,0.0,0.0,0.0,0.0,360000.0,255000.0,340000.0,325000.0,600000.0,500000.0,500000.0,500000.0,500000.0,625000.0,925000.0,850000.0,1240000.0,6456000.0,8501000.0,8637000.0,14820000.0,7965000.0,10995000.0,12330000.0,17520000.0,0.0,0.0,0.0,0.0,0.0,0.0,0.0,0.0,7965000.0,10995000.0,12330000.0,17520000.0,0.1,0,0,1,0,1500000.0,2500000.0,0.0,0.0,0.0,0.0,8700000.0,0.0,0,1,0,0,1,0,0,0,550000.0,2200000.0,0.0,0.0,0.0,0.0,0.0,0.0,0,1,0,0,0,0,0
418,Micro-431,54,1,4,0,1,1,0,0,1,2013.0,2024.0,0,1,0,0,0,0,0,1,0,0,0,0,0,0.0,0.0,1.0,0,0,0,0,0.0,0.0,0.0,0.0,0.0,0.0,2000000.0,3500000.0,0.0,0.0,170000.0,38000.0,0.0,0.0,500000.0,0.0,0.0,0.0,0.0,0.0,0.0,0.0,30000.0,40000.0,0.0,0.0,75000.0,75000.0,0.0,0.0,100000.0,120000.0,0.0,0.0,3025000.0,3773000.0,3550000.0,5075000.0,0.0,0.0,0.0,0.0,0.0,0.0,0.0,0.0,0.0,0.0,3550000.0,5075000.0,0.0,0.0,0.8,1,0,0,0,0.0,0.0,0.0,0.0,0.0,0.0,19750000.0,0.0,0,1,0,0,1,0,1,1,0.0,0.0,300000.0,0.0,0.0,0.0,0.0,0.0,0,1,0,0,0,0,0
419,Micro-432,35,1,6,0,1,0,0,0,1,2019.0,2024.0,0,1,0,0,0,0,0,1,0,0,0,0,0,0.0,0.0,1.0,0,0,0,0,0.0,0.0,0.0,0.0,3500000.0,0.0,0.0,0.0,35000.0,0.0,0.0,0.0,0.0,0.0,0.0,0.0,0.0,0.0,0.0,0.0,50000.0,0.0,0.0,0.0,75000.0,0.0,0.0,0.0,100000.0,0.0,0.0,0.0,5960000.0,0.0,0.0,0.0,6050000.0,0.0,0.0,0.0,0.0,0.0,0.0,0.0,0.0,0.0,0.0,0.0,6050000.0,0.0,0.0,0.0,0.8,1,0,0,0,0.0,0.0,0.0,0.0,0.0,0.0,9180000.0,0.0,0,1,0,0,1,0,0,0,0.0,0.0,0.0,0.0,0.0,0.0,0.0,0.0,0,0,0,0,0,0,0
420,Micro-433,57,1,4,0,1,0,0,0,1,2016.0,2024.0,0,1,0,0,0,0,0,2,0,0,0,0,0,0.0,0.0,2.0,0,0,0,0,0.0,0.0,0.0,0.0,1500000.0,1800000.0,0.0,0.0,23000.0,30000.0,0.0,0.0,0.0,0.0,0.0,0.0,0.0,0.0,0.0,0.0,8000.0,7000.0,0.0,0.0,75000.0,75000.0,0.0,0.0,100000.0,10000.0,0.0,0.0,2106000.0,2322000.0,0.0,0.0,3000000.0,2850000.0,0.0,0.0,0.0,0.0,0.0,0.0,0.0,0.0,0.0,0.0,3000000.0,2850000.0,0.0,0.0,0.8,1,0,0,0,150000.0,500000.0,0.0,0.0,0.0,0.0,130000.0,0.0,0,0,1,0,0,1,1,0,0.0,0.0,0.0,0.0,0.0,0.0,0.0,0.0,0,0,0,0,0,0,0
421,Micro-434,43,1,5,0,1,0,0,0,1,2009.0,2024.0,0,1,0,0,1,1,1,1,0,0,0,0,1,1.0,1.0,1.0,0,0,0,0,0.0,0.0,0.0,0.0,1275000.0,0.0,0.0,0.0,42000.0,0.0,0.0,0.0,0.0,0.0,0.0,0.0,0.0,0.0,0.0,0.0,10000.0,0.0,0.0,0.0,100000.0,0.0,0.0,0.0,50000.0,0.0,0.0,0.0,1977000.0,0.0,0.0,0.0,3050000.0,0.0,0.0,0.0,0.0,0.0,0.0,0.0,0.0,0.0,0.0,0.0,3050000.0,0.0,0.0,0.0,0.0,1,0,0,0,75000.0,575000.0,0.0,0.0,0.0,0.0,8020000.0,0.0,0,1,0,0,0,1,1,1,500000.0,100000.0,250000.0,350000.0,0.0,0.0,0.0,0.0,0,0,0,0,0,0,0
422,Micro-435,35,1,4,0,1,0,0,0,1,2020.0,2024.0,0,1,0,0,1,1,1,1,0,0,0,0,3,3.0,3.0,3.0,2,2,2,2,0.0,0.0,0.0,0.0,975000.0,850000.0,0.0,0.0,325000.0,280000.0,0.0,0.0,0.0,0.0,0.0,0.0,0.0,0.0,0.0,0.0,250000.0,250000.0,0.0,0.0,125000.0,125000.0,0.0,0.0,75000.0,75000.0,0.0,0.0,2150000.0,2080000.0,0.0,0.0,3530000.0,40000000.0,0.0,0.0,0.0,0.0,0.0,0.0,0.0,0.0,0.0,0.0,3530000.0,40000000.0,0.0,0.0,0.0,1,0,0,0,0.0,0.0,0.0,0.0,0.0,0.0,7625000.0,0.0,0,1,0,0,1,0,1,0,100000.0,128000.0,200000.0,240000.0,0.0,0.0,0.0,0.0,0,0,0,0,0,0,0
423,Micro-436,35,1,5,0,1,0,0,0,1,1993.0,2024.0,0,1,0,0,3,3,3,3,0,0,0,0,18,3.0,3.0,3.0,15,0,0,0,216000.0,156000.0,204000.0,480000.0,252000.0,204000.0,240000.0,780000.0,31200.0,20160.0,27600.0,63000.0,0.0,0.0,0.0,0.0,0.0,0.0,0.0,0.0,0.0,0.0,0.0,0.0,0.0,0.0,0.0,0.0,0.0,0.0,0.0,0.0,499200.0,380160.0,471600.0,1323000.0,1500000.0,1020000.0,1944000.0,2838000.0,0.0,0.0,0.0,0.0,0.0,0.0,0.0,0.0,1500000.0,1020000.0,1944000.0,2838000.0,0.25,1,0,0,0,80000.0,240000.0,0.0,0.0,0.0,0.0,0.0,0.0,0,1,0,0,1,0,1,0,150000.0,175000.0,190000.0,220000.0,0.0,0.0,0.0,0.0,0,0,0,0,0,0,0
424,Micro-437,70,1,2,0,1,0,0,0,1,2018.0,2024.0,0,1,0,0,1,1,1,1,0,0,0,0,3,3.0,3.0,3.0,2,2,2,2,0.0,0.0,0.0,0.0,0.0,0.0,0.0,0.0,0.0,0.0,0.0,0.0,0.0,0.0,0.0,0.0,0.0,0.0,0.0,0.0,0.0,0.0,0.0,0.0,0.0,0.0,0.0,0.0,0.0,0.0,0.0,0.0,0.0,0.0,0.0,0.0,0.0,0.0,0.0,0.0,0.0,0.0,0.0,0.0,0.0,0.0,0.0,0.0,0.0,0.0,0.0,0.0,0.0,0,0,0,0,0.0,0.0,0.0,0.0,0.0,0.0,0.0,0.0,0,0,0,0,1,0,1,1,0.0,500000.0,0.0,0.0,0.0,0.0,0.0,0.0,1,0,0,0,0,0,0
425,Micro-438,48,1,3,0,1,0,0,0,1,2016.0,2024.0,0,1,0,0,1,1,1,1,0,0,0,0,2,2.0,2.0,2.0,1,1,1,1,249600.0,216000.0,264000.0,312000.0,72000.0,36000.0,60000.0,90000.0,0.0,0.0,0.0,0.0,0.0,0.0,0.0,0.0,0.0,0.0,0.0,0.0,0.0,0.0,0.0,0.0,48000.0,24000.0,72000.0,96000.0,0.0,0.0,0.0,0.0,369600.0,276000.0,396000.0,498000.0,444000.0,324000.0,432000.0,588000.0,0.0,0.0,0.0,0.0,0.0,0.0,0.0,0.0,444000.0,324000.0,432000.0,588000.0,0.12,1,0,0,0,41000.0,51000.0,20000.0,20000.0,42000.0,47000.0,0.0,0.0,0,1,0,0,1,0,0,0,0.0,50000.0,0.0,0.0,0.0,0.0,0.0,0.0,0,0,0,0,0,0,0
426,Micro-439,0,1,0,1,0,0,0,0,1,2002.0,2024.0,0,1,0,0,2,2,2,2,0,0,0,0,4,4.0,4.0,4.0,2,2,2,2,2400000.0,7200000.0,8100000.0,7980000.0,1200000.0,6000000.0,6000000.0,9600000.0,72000.0,156000.0,156000.0,198000.0,0.0,0.0,0.0,0.0,3600.0,3600.0,3600.0,14400.0,540000.0,108000.0,108000.0,180000.0,0.0,0.0,0.0,0.0,0.0,0.0,0.0,0.0,4215600.0,13467600.0,14367600.0,17972400.0,750000.0,1300000.0,1400000.0,1745000.0,0.0,0.0,0.0,0.0,0.0,0.0,0.0,0.0,750000.0,1300000.0,1400000.0,1745000.0,0.03,0,0,1,0,0.0,0.0,0.0,0.0,0.0,0.0,0.0,0.0,0,1,0,0,1,0,0,0,550000.0,2200000.0,0.0,0.0,0.0,0.0,0.0,0.0,0,1,0,0,0,0,0
427,Micro-440,47,1,4,0,1,0,0,0,1,,2024.0,0,0,1,0,6,6,6,5,0,0,0,0,6,6.0,6.0,5.0,0,0,0,0,0.0,0.0,0.0,0.0,100000.0,100000.0,50000.0,250000.0,30000.0,36000.0,24000.0,24000.0,0.0,0.0,0.0,0.0,0.0,0.0,0.0,0.0,0.0,0.0,0.0,0.0,0.0,0.0,0.0,0.0,10000.0,12000.0,10000.0,13000.0,140000.0,148000.0,84000.0,287000.0,10000.0,15000.0,16000.0,20000.0,0.0,0.0,0.0,0.0,0.0,0.0,0.0,0.0,10000.0,15000.0,16000.0,20000.0,0.0,1,0,0,0,0.0,0.0,0.0,0.0,0.0,0.0,200000.0,0.0,0,1,0,0,1,0,1,1,0.0,0.0,300000.0,0.0,0.0,0.0,0.0,0.0,0,1,0,0,0,0,0
428,Micro-441,42,1,4,0,1,0,0,0,1,2015.0,2024.0,0,0,1,0,1,1,1,4,0,0,0,0,1,1.0,1.0,4.0,0,0,0,0,120000.0,120000.0,150000.0,150000.0,0.0,0.0,0.0,0.0,60000.0,60000.0,48000.0,24000.0,0.0,0.0,0.0,0.0,0.0,0.0,0.0,0.0,12000.0,12000.0,24000.0,12000.0,0.0,0.0,0.0,0.0,0.0,0.0,0.0,0.0,192000.0,192000.0,222000.0,186000.0,0.0,0.0,96000.0,1000000.0,0.0,0.0,0.0,0.0,0.0,0.0,0.0,0.0,0.0,0.0,96000.0,1000000.0,0.0,1,0,0,0,0.0,0.0,0.0,0.0,0.0,0.0,710000.0,0.0,0,1,0,0,1,0,0,0,0.0,0.0,0.0,0.0,0.0,0.0,0.0,0.0,0,0,0,0,0,0,0
429,Micro-442,73,1,4,0,1,0,0,0,1,,2024.0,0,1,0,0,1,1,1,1,0,0,0,0,1,1.0,2.0,3.0,0,0,1,2,48000.0,50000.0,30000.0,15000.0,0.0,0.0,0.0,0.0,15000.0,12000.0,11000.0,10000.0,0.0,0.0,0.0,0.0,0.0,0.0,0.0,0.0,0.0,0.0,0.0,0.0,0.0,0.0,0.0,0.0,20000.0,15000.0,0.0,10000.0,83000.0,77000.0,126000.0,120000.0,0.0,0.0,0.0,0.0,0.0,0.0,0.0,0.0,0.0,0.0,0.0,0.0,0.0,0.0,0.0,0.0,0.0,1,0,0,0,160000.0,275000.0,48000.0,50000.0,30000.0,15000.0,8000000.0,9000000.0,0,0,1,0,0,1,1,0,0.0,0.0,0.0,0.0,0.0,0.0,0.0,0.0,0,0,0,0,0,0,0
430,Micro-443,47,1,1,0,1,0,0,0,1,,2024.0,0,1,0,0,0,0,0,0,0,0,0,0,0,0.0,0.0,0.0,0,0,0,0,144000.0,180000.0,180000.0,0.0,500000.0,500000.0,400000.0,800000.0,30000.0,35000.0,36000.0,25000.0,0.0,0.0,0.0,0.0,0.0,0.0,0.0,0.0,0.0,0.0,0.0,0.0,0.0,0.0,0.0,0.0,10000.0,12000.0,16000.0,15000.0,684000.0,727000.0,632000.0,840000.0,0.0,0.0,0.0,0.0,0.0,0.0,0.0,0.0,0.0,0.0,0.0,0.0,0.0,0.0,0.0,0.0,0.0,1,0,0,0,2000000.0,7000000.0,144000.0,180000.0,180000.0,0.0,8200000.0,0.0,0,1,0,0,0,1,1,1,500000.0,100000.0,250000.0,350000.0,0.0,0.0,0.0,0.0,0,0,0,0,0,0,0
431,Micro-444,53,1,4,0,1,0,0,0,1,,2024.0,0,1,0,0,2,2,2,2,0,0,0,0,2,2.0,3.0,4.0,0,0,1,2,8180000.0,9250000.0,8830000.0,9670000.0,23780000.0,28420000.0,26170000.0,30964000.0,554500.0,560000.0,557000.0,576000.0,0.0,0.0,0.0,0.0,0.0,0.0,0.0,0.0,2875000.0,2680000.0,2460000.0,2880000.0,3750000.0,3750000.0,3750000.0,3750000.0,1586000.0,1650000.0,1550000.0,1850000.0,40725500.0,46310000.0,43317000.0,49690000.0,48180000.0,55950000.0,51280000.0,58570000.0,0.0,0.0,0.0,0.0,0.0,0.0,0.0,0.0,48180000.0,55950000.0,51280000.0,58570000.0,0.06,0,0,1,0,3000000.0,6500000.0,0.0,0.0,0.0,0.0,56000000.0,0.0,0,1,0,0,1,0,1,0,100000.0,128000.0,200000.0,240000.0,0.0,0.0,0.0,0.0,0,0,0,0,0,0,0
432,Micro-445,47,1,4,0,1,0,0,0,1,2003.0,2024.0,0,1,0,0,1,1,1,1,0,0,0,0,5,5.0,5.0,5.0,4,4,4,4,2475000.0,2680000.0,2850000.0,3480000.0,14200000.0,19200000.0,18720000.0,20450000.0,127000.0,141000.0,317000.0,150000.0,0.0,0.0,0.0,0.0,38400.0,38400.0,38400.0,38400.0,220000.0,450000.0,480000.0,480000.0,650000.0,650000.0,650000.0,650000.0,380000.0,280000.0,300000.0,300000.0,18090400.0,23439400.0,23355400.0,25735600.0,21080000.0,27200000.0,26800000.0,29600000.0,0.0,0.0,0.0,0.0,0.0,0.0,0.0,0.0,21080000.0,27200000.0,26800000.0,29600000.0,0.08,0,0,1,0,1650000.0,3300000.0,0.0,0.0,0.0,0.0,12200000.0,0.0,0,1,0,0,1,0,1,0,150000.0,175000.0,190000.0,220000.0,0.0,0.0,0.0,0.0,0,0,0,0,0,0,0
433,Micro-446,56,1,4,0,1,0,0,0,1,2000.0,2024.0,0,1,0,0,1,1,1,1,0,0,0,0,6,6.0,11.0,11.0,5,5,10,10,2250000.0,2880000.0,2880000.0,5760000.0,2720000.0,3750000.0,3950000.0,6216000.0,106000.0,106000.0,132000.0,144000.0,0.0,0.0,0.0,0.0,0.0,0.0,0.0,360000.0,255000.0,340000.0,325000.0,600000.0,500000.0,500000.0,500000.0,500000.0,625000.0,925000.0,850000.0,1240000.0,6456000.0,8501000.0,8637000.0,14820000.0,7965000.0,10995000.0,12330000.0,17520000.0,0.0,0.0,0.0,0.0,0.0,0.0,0.0,0.0,7965000.0,10995000.0,12330000.0,17520000.0,0.1,0,0,1,0,1500000.0,2500000.0,0.0,0.0,0.0,0.0,8700000.0,0.0,0,0,0,0,1,0,1,1,0.0,500000.0,0.0,0.0,0.0,0.0,0.0,0.0,1,0,0,0,0,0,0
434,Micro-447,58,1,3,0,1,0,1,1,1,1996.0,2024.0,0,0,1,0,2,2,1,1,0,0,0,0,2,2.0,1.0,1.0,0,0,0,0,0.0,0.0,0.0,0.0,0.0,0.0,2000000.0,3500000.0,0.0,0.0,170000.0,38000.0,0.0,0.0,500000.0,0.0,0.0,0.0,0.0,0.0,0.0,0.0,30000.0,40000.0,0.0,0.0,75000.0,75000.0,0.0,0.0,100000.0,120000.0,0.0,0.0,3025000.0,3773000.0,3550000.0,5075000.0,0.0,0.0,0.0,0.0,0.0,0.0,0.0,0.0,0.0,0.0,3550000.0,5075000.0,0.0,0.0,0.8,1,0,0,0,0.0,0.0,0.0,0.0,0.0,0.0,19750000.0,0.0,0,1,0,0,1,0,0,0,0.0,50000.0,0.0,0.0,0.0,0.0,0.0,0.0,0,0,0,0,0,0,0
435,Micro-448,65,1,2,0,1,0,0,0,1,2012.0,2024.0,0,0,1,0,4,0,0,1,0,0,0,0,4,0.0,0.0,1.0,0,0,0,0,0.0,0.0,0.0,0.0,3500000.0,0.0,0.0,0.0,35000.0,0.0,0.0,0.0,0.0,0.0,0.0,0.0,0.0,0.0,0.0,0.0,50000.0,0.0,0.0,0.0,75000.0,0.0,0.0,0.0,100000.0,0.0,0.0,0.0,5960000.0,0.0,0.0,0.0,6050000.0,0.0,0.0,0.0,0.0,0.0,0.0,0.0,0.0,0.0,0.0,0.0,6050000.0,0.0,0.0,0.0,0.8,1,0,0,0,0.0,0.0,0.0,0.0,0.0,0.0,9180000.0,0.0,0,1,0,0,1,0,0,0,550000.0,2200000.0,0.0,0.0,0.0,0.0,0.0,0.0,0,1,0,0,0,0,0
436,Micro-449,50,1,6,0,1,1,1,0,1,2012.0,2024.0,0,1,0,0,2,2,2,0,0,0,0,0,2,2.0,2.0,0.0,0,0,0,0,0.0,0.0,0.0,0.0,1500000.0,1800000.0,0.0,0.0,23000.0,30000.0,0.0,0.0,0.0,0.0,0.0,0.0,0.0,0.0,0.0,0.0,8000.0,7000.0,0.0,0.0,75000.0,75000.0,0.0,0.0,100000.0,10000.0,0.0,0.0,2106000.0,2322000.0,0.0,0.0,3000000.0,2850000.0,0.0,0.0,0.0,0.0,0.0,0.0,0.0,0.0,0.0,0.0,3000000.0,2850000.0,0.0,0.0,0.8,1,0,0,0,150000.0,500000.0,0.0,0.0,0.0,0.0,130000.0,0.0,0,1,0,0,1,0,1,1,0.0,0.0,300000.0,0.0,0.0,0.0,0.0,0.0,0,1,0,0,0,0,0
437,Micro-450,51,1,5,0,1,1,1,0,1,2012.0,2024.0,0,1,0,0,1,1,1,1,0,0,0,0,1,1.0,1.0,1.0,0,0,0,0,0.0,0.0,0.0,0.0,1275000.0,0.0,0.0,0.0,42000.0,0.0,0.0,0.0,0.0,0.0,0.0,0.0,0.0,0.0,0.0,0.0,10000.0,0.0,0.0,0.0,100000.0,0.0,0.0,0.0,50000.0,0.0,0.0,0.0,1977000.0,0.0,0.0,0.0,3050000.0,0.0,0.0,0.0,0.0,0.0,0.0,0.0,0.0,0.0,0.0,0.0,3050000.0,0.0,0.0,0.0,0.0,1,0,0,0,75000.0,575000.0,0.0,0.0,0.0,0.0,8020000.0,0.0,0,1,0,0,1,0,0,0,0.0,0.0,0.0,0.0,0.0,0.0,0.0,0.0,0,0,0,0,0,0,0
438,Micro-451,35,1,4,0,1,0,1,0,1,,2024.0,0,1,0,0,1,1,1,1,0,0,0,0,1,1.0,1.0,1.0,0,0,0,0,0.0,0.0,0.0,0.0,975000.0,850000.0,0.0,0.0,325000.0,280000.0,0.0,0.0,0.0,0.0,0.0,0.0,0.0,0.0,0.0,0.0,250000.0,250000.0,0.0,0.0,125000.0,125000.0,0.0,0.0,75000.0,75000.0,0.0,0.0,2150000.0,2080000.0,0.0,0.0,3530000.0,40000000.0,0.0,0.0,0.0,0.0,0.0,0.0,0.0,0.0,0.0,0.0,3530000.0,40000000.0,0.0,0.0,0.0,1,0,0,0,0.0,0.0,0.0,0.0,0.0,0.0,7625000.0,0.0,0,0,1,0,0,1,1,0,0.0,0.0,0.0,0.0,0.0,0.0,0.0,0.0,0,0,0,0,0,0,0
439,Micro-452,39,1,4,0,1,0,0,1,1,2017.0,2024.0,0,1,0,0,1,1,1,1,0,0,0,0,2,2.0,2.0,2.0,1,1,1,1,216000.0,156000.0,204000.0,480000.0,252000.0,204000.0,240000.0,780000.0,31200.0,20160.0,27600.0,63000.0,0.0,0.0,0.0,0.0,0.0,0.0,0.0,0.0,0.0,0.0,0.0,0.0,0.0,0.0,0.0,0.0,0.0,0.0,0.0,0.0,499200.0,380160.0,471600.0,1323000.0,1500000.0,1020000.0,1944000.0,2838000.0,0.0,0.0,0.0,0.0,0.0,0.0,0.0,0.0,1500000.0,1020000.0,1944000.0,2838000.0,0.25,1,0,0,0,80000.0,240000.0,0.0,0.0,0.0,0.0,0.0,0.0,0,1,0,0,0,1,1,1,500000.0,100000.0,250000.0,350000.0,0.0,0.0,0.0,0.0,0,0,0,0,0,0,0
440,Micro-453,0,1,0,1,0,0,0,0,1,2008.0,2024.0,0,1,0,0,1,1,1,1,0,0,0,0,1,1.0,1.0,1.0,0,0,0,0,0.0,0.0,0.0,0.0,0.0,0.0,0.0,0.0,0.0,0.0,0.0,0.0,0.0,0.0,0.0,0.0,0.0,0.0,0.0,0.0,0.0,0.0,0.0,0.0,0.0,0.0,0.0,0.0,0.0,0.0,0.0,0.0,0.0,0.0,0.0,0.0,0.0,0.0,0.0,0.0,0.0,0.0,0.0,0.0,0.0,0.0,0.0,0.0,0.0,0.0,0.0,0.0,0.0,0,0,0,0,0.0,0.0,0.0,0.0,0.0,0.0,0.0,0.0,0,1,0,0,1,0,1,0,100000.0,128000.0,200000.0,240000.0,0.0,0.0,0.0,0.0,0,0,0,0,0,0,0
441,Micro-454,50,1,4,0,1,1,0,0,1,2018.0,2024.0,0,1,0,0,1,1,1,1,0,0,0,0,1,1.0,1.0,1.0,0,0,0,0,249600.0,216000.0,264000.0,312000.0,72000.0,36000.0,60000.0,90000.0,0.0,0.0,0.0,0.0,0.0,0.0,0.0,0.0,0.0,0.0,0.0,0.0,0.0,0.0,0.0,0.0,48000.0,24000.0,72000.0,96000.0,0.0,0.0,0.0,0.0,369600.0,276000.0,396000.0,498000.0,444000.0,324000.0,432000.0,588000.0,0.0,0.0,0.0,0.0,0.0,0.0,0.0,0.0,444000.0,324000.0,432000.0,588000.0,0.12,1,0,0,0,41000.0,51000.0,20000.0,20000.0,42000.0,47000.0,0.0,0.0,0,1,0,0,1,0,1,0,150000.0,175000.0,190000.0,220000.0,0.0,0.0,0.0,0.0,0,0,0,0,0,0,0
442,Micro-455,38,1,3,1,0,0,0,0,1,2014.0,2024.0,0,1,0,0,1,1,1,1,0,0,0,0,1,1.0,1.0,1.0,0,0,0,0,2400000.0,7200000.0,8100000.0,7980000.0,1200000.0,6000000.0,6000000.0,9600000.0,72000.0,156000.0,156000.0,198000.0,0.0,0.0,0.0,0.0,3600.0,3600.0,3600.0,14400.0,540000.0,108000.0,108000.0,180000.0,0.0,0.0,0.0,0.0,0.0,0.0,0.0,0.0,4215600.0,13467600.0,14367600.0,17972400.0,750000.0,1300000.0,1400000.0,1745000.0,0.0,0.0,0.0,0.0,0.0,0.0,0.0,0.0,750000.0,1300000.0,1400000.0,1745000.0,0.03,0,0,1,0,0.0,0.0,0.0,0.0,0.0,0.0,0.0,0.0,0,0,0,0,1,0,1,1,0.0,500000.0,0.0,0.0,0.0,0.0,0.0,0.0,1,0,0,0,0,0,0
443,Micro-456,49,1,4,0,1,0,0,0,1,2019.0,2024.0,0,1,0,0,1,1,1,1,0,0,0,0,6,6.0,6.0,6.0,5,5,5,5,120000.0,120000.0,150000.0,150000.0,0.0,0.0,0.0,0.0,60000.0,60000.0,48000.0,24000.0,0.0,0.0,0.0,0.0,0.0,0.0,0.0,0.0,12000.0,12000.0,24000.0,12000.0,0.0,0.0,0.0,0.0,0.0,0.0,0.0,0.0,192000.0,192000.0,222000.0,186000.0,0.0,0.0,96000.0,1000000.0,0.0,0.0,0.0,0.0,0.0,0.0,0.0,0.0,0.0,0.0,96000.0,1000000.0,0.0,1,0,0,0,0.0,0.0,0.0,0.0,0.0,0.0,710000.0,0.0,0,1,0,0,1,0,0,0,550000.0,2200000.0,0.0,0.0,0.0,0.0,0.0,0.0,0,1,0,0,0,0,0
444,Micro-457,47,1,4,0,1,0,0,0,1,2016.0,2024.0,0,1,0,0,1,1,1,1,0,0,0,0,1,1.0,1.0,1.0,0,0,0,0,48000.0,50000.0,30000.0,15000.0,0.0,0.0,0.0,0.0,15000.0,12000.0,11000.0,10000.0,0.0,0.0,0.0,0.0,0.0,0.0,0.0,0.0,0.0,0.0,0.0,0.0,0.0,0.0,0.0,0.0,20000.0,15000.0,0.0,10000.0,83000.0,77000.0,126000.0,120000.0,0.0,0.0,0.0,0.0,0.0,0.0,0.0,0.0,0.0,0.0,0.0,0.0,0.0,0.0,0.0,0.0,0.0,1,0,0,0,160000.0,275000.0,48000.0,50000.0,30000.0,15000.0,8000000.0,9000000.0,0,1,0,0,1,0,1,1,0.0,0.0,300000.0,0.0,0.0,0.0,0.0,0.0,0,1,0,0,0,0,0
445,Micro-458,41,1,4,1,0,0,0,0,1,2017.0,2024.0,0,1,0,0,1,1,1,1,0,0,0,0,1,1.0,1.0,1.0,0,0,0,0,144000.0,180000.0,180000.0,0.0,500000.0,500000.0,400000.0,800000.0,30000.0,35000.0,36000.0,25000.0,0.0,0.0,0.0,0.0,0.0,0.0,0.0,0.0,0.0,0.0,0.0,0.0,0.0,0.0,0.0,0.0,10000.0,12000.0,16000.0,15000.0,684000.0,727000.0,632000.0,840000.0,0.0,0.0,0.0,0.0,0.0,0.0,0.0,0.0,0.0,0.0,0.0,0.0,0.0,0.0,0.0,0.0,0.0,1,0,0,0,2000000.0,7000000.0,144000.0,180000.0,180000.0,0.0,8200000.0,0.0,0,1,0,0,1,0,0,0,0.0,0.0,0.0,0.0,0.0,0.0,0.0,0.0,0,0,0,0,0,0,0
446,Micro-459,0,1,0,1,0,0,0,0,1,2020.0,2024.0,0,1,0,0,1,1,1,1,0,0,0,0,1,1.0,1.0,1.0,0,0,0,0,8180000.0,9250000.0,8830000.0,9670000.0,23780000.0,28420000.0,26170000.0,30964000.0,554500.0,560000.0,557000.0,576000.0,0.0,0.0,0.0,0.0,0.0,0.0,0.0,0.0,2875000.0,2680000.0,2460000.0,2880000.0,3750000.0,3750000.0,3750000.0,3750000.0,1586000.0,1650000.0,1550000.0,1850000.0,40725500.0,46310000.0,43317000.0,49690000.0,48180000.0,55950000.0,51280000.0,58570000.0,0.0,0.0,0.0,0.0,0.0,0.0,0.0,0.0,48180000.0,55950000.0,51280000.0,58570000.0,0.06,0,0,1,0,3000000.0,6500000.0,0.0,0.0,0.0,0.0,56000000.0,0.0,0,0,1,0,0,1,1,0,0.0,0.0,0.0,0.0,0.0,0.0,0.0,0.0,0,0,0,0,0,0,0
447,Micro-460,40,1,5,0,1,0,0,0,1,2018.0,2024.0,0,1,0,0,1,1,1,1,0,0,0,0,1,1.0,1.0,1.0,0,0,0,0,2475000.0,2680000.0,2850000.0,3480000.0,14200000.0,19200000.0,18720000.0,20450000.0,127000.0,141000.0,317000.0,150000.0,0.0,0.0,0.0,0.0,38400.0,38400.0,38400.0,38400.0,220000.0,450000.0,480000.0,480000.0,650000.0,650000.0,650000.0,650000.0,380000.0,280000.0,300000.0,300000.0,18090400.0,23439400.0,23355400.0,25735600.0,21080000.0,27200000.0,26800000.0,29600000.0,0.0,0.0,0.0,0.0,0.0,0.0,0.0,0.0,21080000.0,27200000.0,26800000.0,29600000.0,0.08,0,0,1,0,1650000.0,3300000.0,0.0,0.0,0.0,0.0,12200000.0,0.0,0,0,1,0,0,1,1,0,0.0,0.0,0.0,0.0,0.0,0.0,0.0,0.0,0,0,0,0,0,0,0
448,Micro-461,23,1,5,1,0,0,0,0,1,2016.0,2024.0,0,1,0,0,1,1,1,1,0,0,0,0,2,2.0,2.0,2.0,1,1,1,1,2250000.0,2880000.0,2880000.0,5760000.0,2720000.0,3750000.0,3950000.0,6216000.0,106000.0,106000.0,132000.0,144000.0,0.0,0.0,0.0,0.0,0.0,0.0,0.0,360000.0,255000.0,340000.0,325000.0,600000.0,500000.0,500000.0,500000.0,500000.0,625000.0,925000.0,850000.0,1240000.0,6456000.0,8501000.0,8637000.0,14820000.0,7965000.0,10995000.0,12330000.0,17520000.0,0.0,0.0,0.0,0.0,0.0,0.0,0.0,0.0,7965000.0,10995000.0,12330000.0,17520000.0,0.1,0,0,1,0,1500000.0,2500000.0,0.0,0.0,0.0,0.0,8700000.0,0.0,0,1,0,0,0,1,1,1,500000.0,100000.0,250000.0,350000.0,0.0,0.0,0.0,0.0,0,0,0,0,0,0,0
449,Micro-462,45,1,3,0,1,0,0,0,1,2020.0,2024.0,0,1,0,0,1,1,1,1,0,0,0,0,2,2.0,2.0,2.0,1,1,1,1,0.0,0.0,0.0,0.0,0.0,0.0,2000000.0,3500000.0,0.0,0.0,170000.0,38000.0,0.0,0.0,500000.0,0.0,0.0,0.0,0.0,0.0,0.0,0.0,30000.0,40000.0,0.0,0.0,75000.0,75000.0,0.0,0.0,100000.0,120000.0,0.0,0.0,3025000.0,3773000.0,3550000.0,5075000.0,0.0,0.0,0.0,0.0,0.0,0.0,0.0,0.0,0.0,0.0,3550000.0,5075000.0,0.0,0.0,0.8,1,0,0,0,0.0,0.0,0.0,0.0,0.0,0.0,19750000.0,0.0,0,1,0,0,1,0,1,0,100000.0,128000.0,200000.0,240000.0,0.0,0.0,0.0,0.0,0,0,0,0,0,0,0
450,Micro-463,52,1,3,0,1,0,0,0,1,2007.0,2024.0,0,1,0,0,1,1,1,1,0,0,0,0,1,1.0,1.0,1.0,0,0,0,0,0.0,0.0,0.0,0.0,3500000.0,0.0,0.0,0.0,35000.0,0.0,0.0,0.0,0.0,0.0,0.0,0.0,0.0,0.0,0.0,0.0,50000.0,0.0,0.0,0.0,75000.0,0.0,0.0,0.0,100000.0,0.0,0.0,0.0,5960000.0,0.0,0.0,0.0,6050000.0,0.0,0.0,0.0,0.0,0.0,0.0,0.0,0.0,0.0,0.0,0.0,6050000.0,0.0,0.0,0.0,0.8,1,0,0,0,0.0,0.0,0.0,0.0,0.0,0.0,9180000.0,0.0,0,1,0,0,1,0,1,0,150000.0,175000.0,190000.0,220000.0,0.0,0.0,0.0,0.0,0,0,0,0,0,0,0
451,Micro-464,67,1,4,0,1,0,0,0,1,2020.0,2024.0,0,1,0,0,1,1,1,1,0,0,0,0,1,1.0,1.0,1.0,0,0,0,0,0.0,0.0,0.0,0.0,1500000.0,1800000.0,0.0,0.0,23000.0,30000.0,0.0,0.0,0.0,0.0,0.0,0.0,0.0,0.0,0.0,0.0,8000.0,7000.0,0.0,0.0,75000.0,75000.0,0.0,0.0,100000.0,10000.0,0.0,0.0,2106000.0,2322000.0,0.0,0.0,3000000.0,2850000.0,0.0,0.0,0.0,0.0,0.0,0.0,0.0,0.0,0.0,0.0,3000000.0,2850000.0,0.0,0.0,0.8,1,0,0,0,150000.0,500000.0,0.0,0.0,0.0,0.0,130000.0,0.0,0,0,0,0,1,0,1,1,0.0,500000.0,0.0,0.0,0.0,0.0,0.0,0.0,1,0,0,0,0,0,0
452,Micro-465,0,1,0,1,0,0,0,0,1,2020.0,2024.0,0,1,0,0,2,2,2,2,0,0,0,0,2,2.0,2.0,2.0,0,0,0,0,0.0,0.0,0.0,0.0,1275000.0,0.0,0.0,0.0,42000.0,0.0,0.0,0.0,0.0,0.0,0.0,0.0,0.0,0.0,0.0,0.0,10000.0,0.0,0.0,0.0,100000.0,0.0,0.0,0.0,50000.0,0.0,0.0,0.0,1977000.0,0.0,0.0,0.0,3050000.0,0.0,0.0,0.0,0.0,0.0,0.0,0.0,0.0,0.0,0.0,0.0,3050000.0,0.0,0.0,0.0,0.0,1,0,0,0,75000.0,575000.0,0.0,0.0,0.0,0.0,8020000.0,0.0,0,1,0,0,1,0,0,0,0.0,50000.0,0.0,0.0,0.0,0.0,0.0,0.0,0,0,0,0,0,0,0
453,Micro-466,31,1,4,0,1,0,0,0,1,2006.0,2024.0,0,1,0,0,2,2,2,2,0,0,0,0,2,2.0,2.0,2.0,0,0,0,0,0.0,0.0,0.0,0.0,975000.0,850000.0,0.0,0.0,325000.0,280000.0,0.0,0.0,0.0,0.0,0.0,0.0,0.0,0.0,0.0,0.0,250000.0,250000.0,0.0,0.0,125000.0,125000.0,0.0,0.0,75000.0,75000.0,0.0,0.0,2150000.0,2080000.0,0.0,0.0,3530000.0,40000000.0,0.0,0.0,0.0,0.0,0.0,0.0,0.0,0.0,0.0,0.0,3530000.0,40000000.0,0.0,0.0,0.0,1,0,0,0,0.0,0.0,0.0,0.0,0.0,0.0,7625000.0,0.0,0,1,0,0,1,0,0,0,550000.0,2200000.0,0.0,0.0,0.0,0.0,0.0,0.0,0,1,0,0,0,0,0
454,Micro-467,55,1,5,0,1,0,0,0,1,2010.0,2024.0,0,1,0,0,2,2,2,2,0,0,0,0,2,2.0,2.0,2.0,0,0,0,0,216000.0,156000.0,204000.0,480000.0,252000.0,204000.0,240000.0,780000.0,31200.0,20160.0,27600.0,63000.0,0.0,0.0,0.0,0.0,0.0,0.0,0.0,0.0,0.0,0.0,0.0,0.0,0.0,0.0,0.0,0.0,0.0,0.0,0.0,0.0,499200.0,380160.0,471600.0,1323000.0,1500000.0,1020000.0,1944000.0,2838000.0,0.0,0.0,0.0,0.0,0.0,0.0,0.0,0.0,1500000.0,1020000.0,1944000.0,2838000.0,0.25,1,0,0,0,80000.0,240000.0,0.0,0.0,0.0,0.0,0.0,0.0,0,1,0,0,1,0,1,1,0.0,0.0,300000.0,0.0,0.0,0.0,0.0,0.0,0,1,0,0,0,0,0
455,Micro-468,32,1,3,0,1,0,0,0,1,2019.0,2024.0,0,1,0,0,1,1,1,1,0,0,0,0,3,3.0,3.0,3.0,2,2,2,2,0.0,0.0,0.0,0.0,0.0,0.0,0.0,0.0,0.0,0.0,0.0,0.0,0.0,0.0,0.0,0.0,0.0,0.0,0.0,0.0,0.0,0.0,0.0,0.0,0.0,0.0,0.0,0.0,0.0,0.0,0.0,0.0,0.0,0.0,0.0,0.0,0.0,0.0,0.0,0.0,0.0,0.0,0.0,0.0,0.0,0.0,0.0,0.0,0.0,0.0,0.0,0.0,0.0,0,0,0,0,0.0,0.0,0.0,0.0,0.0,0.0,0.0,0.0,0,1,0,0,1,0,0,0,0.0,0.0,0.0,0.0,0.0,0.0,0.0,0.0,0,0,0,0,0,0,0
456,Micro-469,42,1,5,0,1,0,0,0,1,2017.0,2024.0,0,0,0,1,3,3,2,1,0,0,0,0,3,3.0,2.0,1.0,0,0,0,0,48000.0,50000.0,30000.0,15000.0,0.0,0.0,0.0,0.0,15000.0,12000.0,11000.0,10000.0,0.0,0.0,0.0,0.0,0.0,0.0,0.0,0.0,0.0,0.0,0.0,0.0,0.0,0.0,0.0,0.0,20000.0,15000.0,0.0,10000.0,83000.0,77000.0,126000.0,120000.0,0.0,0.0,0.0,0.0,0.0,0.0,0.0,0.0,0.0,0.0,0.0,0.0,0.0,0.0,0.0,0.0,0.0,1,0,0,0,160000.0,275000.0,48000.0,50000.0,30000.0,15000.0,8000000.0,9000000.0,0,1,0,0,0,1,1,1,500000.0,100000.0,250000.0,350000.0,0.0,0.0,0.0,0.0,0,0,0,0,0,0,0
457,Micro-470,54,1,2,0,1,0,0,0,1,2016.0,2024.0,0,0,0,1,1,1,1,1,3,2,2,2,4,3.0,3.0,3.0,0,0,0,0,144000.0,180000.0,180000.0,0.0,500000.0,500000.0,400000.0,800000.0,30000.0,35000.0,36000.0,25000.0,0.0,0.0,0.0,0.0,0.0,0.0,0.0,0.0,0.0,0.0,0.0,0.0,0.0,0.0,0.0,0.0,10000.0,12000.0,16000.0,15000.0,684000.0,727000.0,632000.0,840000.0,0.0,0.0,0.0,0.0,0.0,0.0,0.0,0.0,0.0,0.0,0.0,0.0,0.0,0.0,0.0,0.0,0.0,1,0,0,0,2000000.0,7000000.0,144000.0,180000.0,180000.0,0.0,8200000.0,0.0,0,1,0,0,1,0,1,0,100000.0,128000.0,200000.0,240000.0,0.0,0.0,0.0,0.0,0,0,0,0,0,0,0
458,Micro-471,45,1,2,0,1,0,0,0,1,,2024.0,0,0,0,1,3,3,3,3,0,0,0,0,3,3.0,3.0,3.0,0,0,0,0,8180000.0,9250000.0,8830000.0,9670000.0,23780000.0,28420000.0,26170000.0,30964000.0,554500.0,560000.0,557000.0,576000.0,0.0,0.0,0.0,0.0,0.0,0.0,0.0,0.0,2875000.0,2680000.0,2460000.0,2880000.0,3750000.0,3750000.0,3750000.0,3750000.0,1586000.0,1650000.0,1550000.0,1850000.0,40725500.0,46310000.0,43317000.0,49690000.0,48180000.0,55950000.0,51280000.0,58570000.0,0.0,0.0,0.0,0.0,0.0,0.0,0.0,0.0,48180000.0,55950000.0,51280000.0,58570000.0,0.06,0,0,1,0,3000000.0,6500000.0,0.0,0.0,0.0,0.0,56000000.0,0.0,0,1,0,0,1,0,1,0,150000.0,175000.0,190000.0,220000.0,0.0,0.0,0.0,0.0,0,0,0,0,0,0,0
459,Micro-472,55,1,4,0,1,0,0,0,1,,2024.0,0,0,0,1,2,2,2,3,0,0,0,0,2,2.0,2.0,3.0,0,0,0,0,2475000.0,2680000.0,2850000.0,3480000.0,14200000.0,19200000.0,18720000.0,20450000.0,127000.0,141000.0,317000.0,150000.0,0.0,0.0,0.0,0.0,38400.0,38400.0,38400.0,38400.0,220000.0,450000.0,480000.0,480000.0,650000.0,650000.0,650000.0,650000.0,380000.0,280000.0,300000.0,300000.0,18090400.0,23439400.0,23355400.0,25735600.0,21080000.0,27200000.0,26800000.0,29600000.0,0.0,0.0,0.0,0.0,0.0,0.0,0.0,0.0,21080000.0,27200000.0,26800000.0,29600000.0,0.08,0,0,1,0,1650000.0,3300000.0,0.0,0.0,0.0,0.0,12200000.0,0.0,0,0,0,0,1,0,1,1,0.0,500000.0,0.0,0.0,0.0,0.0,0.0,0.0,1,0,0,0,0,0,0
460,Micro-473,31,1,7,0,1,0,0,0,1,2021.0,2024.0,0,0,0,1,2,2,2,2,0,0,0,0,4,5.0,5.0,5.0,2,3,3,3,2250000.0,2880000.0,2880000.0,5760000.0,2720000.0,3750000.0,3950000.0,6216000.0,106000.0,106000.0,132000.0,144000.0,0.0,0.0,0.0,0.0,0.0,0.0,0.0,360000.0,255000.0,340000.0,325000.0,600000.0,500000.0,500000.0,500000.0,500000.0,625000.0,925000.0,850000.0,1240000.0,6456000.0,8501000.0,8637000.0,14820000.0,7965000.0,10995000.0,12330000.0,17520000.0,0.0,0.0,0.0,0.0,0.0,0.0,0.0,0.0,7965000.0,10995000.0,12330000.0,17520000.0,0.1,0,0,1,0,1500000.0,2500000.0,0.0,0.0,0.0,0.0,8700000.0,0.0,0,1,0,0,1,0,0,0,0.0,50000.0,0.0,0.0,0.0,0.0,0.0,0.0,0,0,0,0,0,0,0
461,Micro-474,31,1,2,0,1,0,0,0,1,2014.0,2024.0,0,0,0,1,4,4,4,4,0,0,0,0,4,4.0,4.0,4.0,0,0,0,0,0.0,0.0,0.0,0.0,0.0,0.0,2000000.0,3500000.0,0.0,0.0,170000.0,38000.0,0.0,0.0,500000.0,0.0,0.0,0.0,0.0,0.0,0.0,0.0,30000.0,40000.0,0.0,0.0,75000.0,75000.0,0.0,0.0,100000.0,120000.0,0.0,0.0,3025000.0,3773000.0,3550000.0,5075000.0,0.0,0.0,0.0,0.0,0.0,0.0,0.0,0.0,0.0,0.0,3550000.0,5075000.0,0.0,0.0,0.8,1,0,0,0,0.0,0.0,0.0,0.0,0.0,0.0,19750000.0,0.0,0,1,0,0,1,0,0,0,550000.0,2200000.0,0.0,0.0,0.0,0.0,0.0,0.0,0,1,0,0,0,0,0
462,Micro-475,31,1,4,0,1,0,0,0,1,,2024.0,0,0,0,1,0,0,1,1,0,0,0,0,0,0.0,1.0,1.0,0,0,0,0,0.0,0.0,0.0,0.0,3500000.0,0.0,0.0,0.0,35000.0,0.0,0.0,0.0,0.0,0.0,0.0,0.0,0.0,0.0,0.0,0.0,50000.0,0.0,0.0,0.0,75000.0,0.0,0.0,0.0,100000.0,0.0,0.0,0.0,5960000.0,0.0,0.0,0.0,6050000.0,0.0,0.0,0.0,0.0,0.0,0.0,0.0,0.0,0.0,0.0,0.0,6050000.0,0.0,0.0,0.0,0.8,1,0,0,0,0.0,0.0,0.0,0.0,0.0,0.0,9180000.0,0.0,0,1,0,0,1,0,1,1,0.0,0.0,300000.0,0.0,0.0,0.0,0.0,0.0,0,1,0,0,0,0,0
463,Micro-476,44,1,4,0,0,1,0,0,1,2021.0,2024.0,0,0,0,1,1,0,1,1,0,0,0,0,1,0.0,1.0,1.0,0,0,0,0,0.0,0.0,0.0,0.0,1500000.0,1800000.0,0.0,0.0,23000.0,30000.0,0.0,0.0,0.0,0.0,0.0,0.0,0.0,0.0,0.0,0.0,8000.0,7000.0,0.0,0.0,75000.0,75000.0,0.0,0.0,100000.0,10000.0,0.0,0.0,2106000.0,2322000.0,0.0,0.0,3000000.0,2850000.0,0.0,0.0,0.0,0.0,0.0,0.0,0.0,0.0,0.0,0.0,3000000.0,2850000.0,0.0,0.0,0.8,1,0,0,0,150000.0,500000.0,0.0,0.0,0.0,0.0,130000.0,0.0,0,1,0,0,1,0,0,0,0.0,0.0,0.0,0.0,0.0,0.0,0.0,0.0,0,0,0,0,0,0,0
464,Micro-477,39,1,4,0,1,0,0,0,1,2019.0,2024.0,0,0,0,1,1,1,1,1,0,0,0,0,1,1.0,1.0,1.0,0,0,0,0,0.0,0.0,0.0,0.0,1275000.0,0.0,0.0,0.0,42000.0,0.0,0.0,0.0,0.0,0.0,0.0,0.0,0.0,0.0,0.0,0.0,10000.0,0.0,0.0,0.0,100000.0,0.0,0.0,0.0,50000.0,0.0,0.0,0.0,1977000.0,0.0,0.0,0.0,3050000.0,0.0,0.0,0.0,0.0,0.0,0.0,0.0,0.0,0.0,0.0,0.0,3050000.0,0.0,0.0,0.0,0.0,1,0,0,0,75000.0,575000.0,0.0,0.0,0.0,0.0,8020000.0,0.0,0,0,1,0,0,1,1,0,0.0,0.0,0.0,0.0,0.0,0.0,0.0,0.0,0,0,0,0,0,0,0
465,Micro-478,32,1,4,0,1,0,0,0,1,2018.0,2024.0,0,0,0,1,1,1,1,1,0,0,0,0,1,1.0,1.0,1.0,0,0,0,0,0.0,0.0,0.0,0.0,975000.0,850000.0,0.0,0.0,325000.0,280000.0,0.0,0.0,0.0,0.0,0.0,0.0,0.0,0.0,0.0,0.0,250000.0,250000.0,0.0,0.0,125000.0,125000.0,0.0,0.0,75000.0,75000.0,0.0,0.0,2150000.0,2080000.0,0.0,0.0,3530000.0,40000000.0,0.0,0.0,0.0,0.0,0.0,0.0,0.0,0.0,0.0,0.0,3530000.0,40000000.0,0.0,0.0,0.0,1,0,0,0,0.0,0.0,0.0,0.0,0.0,0.0,7625000.0,0.0,0,1,0,0,0,1,1,1,500000.0,100000.0,250000.0,350000.0,0.0,0.0,0.0,0.0,0,0,0,0,0,0,0
466,Micro-479,48,1,5,0,1,0,0,0,1,2020.0,2024.0,0,0,0,1,2,2,2,1,0,0,0,0,2,2.0,2.0,1.0,0,0,0,0,216000.0,156000.0,204000.0,480000.0,252000.0,204000.0,240000.0,780000.0,31200.0,20160.0,27600.0,63000.0,0.0,0.0,0.0,0.0,0.0,0.0,0.0,0.0,0.0,0.0,0.0,0.0,0.0,0.0,0.0,0.0,0.0,0.0,0.0,0.0,499200.0,380160.0,471600.0,1323000.0,1500000.0,1020000.0,1944000.0,2838000.0,0.0,0.0,0.0,0.0,0.0,0.0,0.0,0.0,1500000.0,1020000.0,1944000.0,2838000.0,0.25,1,0,0,0,80000.0,240000.0,0.0,0.0,0.0,0.0,0.0,0.0,0,1,0,0,1,0,1,0,100000.0,128000.0,200000.0,240000.0,0.0,0.0,0.0,0.0,0,0,0,0,0,0,0
467,Micro-480,34,1,5,0,1,0,0,0,1,2000.0,2024.0,0,0,0,1,3,3,3,3,0,0,0,0,3,3.0,3.0,3.0,0,0,0,0,0.0,0.0,0.0,0.0,0.0,0.0,0.0,0.0,0.0,0.0,0.0,0.0,0.0,0.0,0.0,0.0,0.0,0.0,0.0,0.0,0.0,0.0,0.0,0.0,0.0,0.0,0.0,0.0,0.0,0.0,0.0,0.0,0.0,0.0,0.0,0.0,0.0,0.0,0.0,0.0,0.0,0.0,0.0,0.0,0.0,0.0,0.0,0.0,0.0,0.0,0.0,0.0,0.0,0,0,0,0,0.0,0.0,0.0,0.0,0.0,0.0,0.0,0.0,0,0,1,0,0,1,1,0,0.0,0.0,0.0,0.0,0.0,0.0,0.0,0.0,0,0,0,0,0,0,0
468,Micro-481,46,1,4,0,1,0,0,0,1,1990.0,2024.0,0,0,0,1,2,2,2,2,0,0,0,0,2,2.0,2.0,2.0,0,0,0,0,249600.0,216000.0,264000.0,312000.0,72000.0,36000.0,60000.0,90000.0,0.0,0.0,0.0,0.0,0.0,0.0,0.0,0.0,0.0,0.0,0.0,0.0,0.0,0.0,0.0,0.0,48000.0,24000.0,72000.0,96000.0,0.0,0.0,0.0,0.0,369600.0,276000.0,396000.0,498000.0,444000.0,324000.0,432000.0,588000.0,0.0,0.0,0.0,0.0,0.0,0.0,0.0,0.0,444000.0,324000.0,432000.0,588000.0,0.12,1,0,0,0,41000.0,51000.0,20000.0,20000.0,42000.0,47000.0,0.0,0.0,0,1,0,0,0,1,1,1,500000.0,100000.0,250000.0,350000.0,0.0,0.0,0.0,0.0,0,0,0,0,0,0,0
469,Micro-482,39,1,4,0,1,0,0,0,1,2010.0,2024.0,0,0,0,1,0,0,0,2,0,0,0,0,0,0.0,0.0,2.0,0,0,0,0,2400000.0,7200000.0,8100000.0,7980000.0,1200000.0,6000000.0,6000000.0,9600000.0,72000.0,156000.0,156000.0,198000.0,0.0,0.0,0.0,0.0,3600.0,3600.0,3600.0,14400.0,540000.0,108000.0,108000.0,180000.0,0.0,0.0,0.0,0.0,0.0,0.0,0.0,0.0,4215600.0,13467600.0,14367600.0,17972400.0,750000.0,1300000.0,1400000.0,1745000.0,0.0,0.0,0.0,0.0,0.0,0.0,0.0,0.0,750000.0,1300000.0,1400000.0,1745000.0,0.03,0,0,1,0,0.0,0.0,0.0,0.0,0.0,0.0,0.0,0.0,0,1,0,0,1,0,1,0,100000.0,128000.0,200000.0,240000.0,0.0,0.0,0.0,0.0,0,0,0,0,0,0,0
470,Micro-483,52,1,4,0,1,0,0,0,1,,2024.0,0,0,0,1,2,2,2,2,0,0,0,0,2,2.0,2.0,2.0,0,0,0,0,0.0,0.0,0.0,0.0,100000.0,100000.0,50000.0,250000.0,30000.0,36000.0,24000.0,24000.0,0.0,0.0,0.0,0.0,0.0,0.0,0.0,0.0,0.0,0.0,0.0,0.0,0.0,0.0,0.0,0.0,10000.0,12000.0,10000.0,13000.0,140000.0,148000.0,84000.0,287000.0,10000.0,15000.0,16000.0,20000.0,0.0,0.0,0.0,0.0,0.0,0.0,0.0,0.0,10000.0,15000.0,16000.0,20000.0,0.0,1,0,0,0,0.0,0.0,0.0,0.0,0.0,0.0,200000.0,0.0,0,1,0,0,1,0,1,0,150000.0,175000.0,190000.0,220000.0,0.0,0.0,0.0,0.0,0,0,0,0,0,0,0
471,Micro-484,51,1,4,0,1,0,0,0,1,2017.0,2024.0,0,0,0,1,2,2,2,2,0,0,0,0,2,2.0,2.0,2.0,0,0,0,0,120000.0,120000.0,150000.0,150000.0,0.0,0.0,0.0,0.0,60000.0,60000.0,48000.0,24000.0,0.0,0.0,0.0,0.0,0.0,0.0,0.0,0.0,12000.0,12000.0,24000.0,12000.0,0.0,0.0,0.0,0.0,0.0,0.0,0.0,0.0,192000.0,192000.0,222000.0,186000.0,0.0,0.0,96000.0,1000000.0,0.0,0.0,0.0,0.0,0.0,0.0,0.0,0.0,0.0,0.0,96000.0,1000000.0,0.0,1,0,0,0,0.0,0.0,0.0,0.0,0.0,0.0,710000.0,0.0,0,0,0,0,1,0,1,1,0.0,500000.0,0.0,0.0,0.0,0.0,0.0,0.0,1,0,0,0,0,0,0
472,Micro-485,47,1,0,0,1,0,0,0,1,2017.0,2024.0,0,0,0,1,6,4,2,2,0,0,0,0,6,4.0,2.0,2.0,0,0,0,0,48000.0,50000.0,30000.0,15000.0,0.0,0.0,0.0,0.0,15000.0,12000.0,11000.0,10000.0,0.0,0.0,0.0,0.0,0.0,0.0,0.0,0.0,0.0,0.0,0.0,0.0,0.0,0.0,0.0,0.0,20000.0,15000.0,0.0,10000.0,83000.0,77000.0,126000.0,120000.0,0.0,0.0,0.0,0.0,0.0,0.0,0.0,0.0,0.0,0.0,0.0,0.0,0.0,0.0,0.0,0.0,0.0,1,0,0,0,160000.0,275000.0,48000.0,50000.0,30000.0,15000.0,8000000.0,9000000.0,0,1,0,0,1,0,0,0,0.0,50000.0,0.0,0.0,0.0,0.0,0.0,0.0,0,0,0,0,0,0,0
473,Micro-486,39,1,6,0,1,0,0,0,1,,2024.0,0,0,0,1,1,1,1,1,0,0,0,0,1,1.0,1.0,1.0,0,0,0,0,144000.0,180000.0,180000.0,0.0,500000.0,500000.0,400000.0,800000.0,30000.0,35000.0,36000.0,25000.0,0.0,0.0,0.0,0.0,0.0,0.0,0.0,0.0,0.0,0.0,0.0,0.0,0.0,0.0,0.0,0.0,10000.0,12000.0,16000.0,15000.0,684000.0,727000.0,632000.0,840000.0,0.0,0.0,0.0,0.0,0.0,0.0,0.0,0.0,0.0,0.0,0.0,0.0,0.0,0.0,0.0,0.0,0.0,1,0,0,0,2000000.0,7000000.0,144000.0,180000.0,180000.0,0.0,8200000.0,0.0,0,1,0,0,1,0,0,0,550000.0,2200000.0,0.0,0.0,0.0,0.0,0.0,0.0,0,1,0,0,0,0,0
474,Micro-487,56,1,4,0,1,0,0,0,1,,2024.0,0,0,0,1,1,1,1,1,0,0,0,0,2,2.0,3.0,3.0,1,1,2,2,8180000.0,9250000.0,8830000.0,9670000.0,23780000.0,28420000.0,26170000.0,30964000.0,554500.0,560000.0,557000.0,576000.0,0.0,0.0,0.0,0.0,0.0,0.0,0.0,0.0,2875000.0,2680000.0,2460000.0,2880000.0,3750000.0,3750000.0,3750000.0,3750000.0,1586000.0,1650000.0,1550000.0,1850000.0,40725500.0,46310000.0,43317000.0,49690000.0,48180000.0,55950000.0,51280000.0,58570000.0,0.0,0.0,0.0,0.0,0.0,0.0,0.0,0.0,48180000.0,55950000.0,51280000.0,58570000.0,0.06,0,0,1,0,3000000.0,6500000.0,0.0,0.0,0.0,0.0,56000000.0,0.0,0,1,0,0,1,0,1,1,0.0,0.0,300000.0,0.0,0.0,0.0,0.0,0.0,0,1,0,0,0,0,0
475,Micro-488,44,1,4,0,1,0,0,1,1,2002.0,2024.0,0,0,0,1,5,4,5,5,0,0,0,0,5,4.0,5.0,5.0,0,0,0,0,2475000.0,2680000.0,2850000.0,3480000.0,14200000.0,19200000.0,18720000.0,20450000.0,127000.0,141000.0,317000.0,150000.0,0.0,0.0,0.0,0.0,38400.0,38400.0,38400.0,38400.0,220000.0,450000.0,480000.0,480000.0,650000.0,650000.0,650000.0,650000.0,380000.0,280000.0,300000.0,300000.0,18090400.0,23439400.0,23355400.0,25735600.0,21080000.0,27200000.0,26800000.0,29600000.0,0.0,0.0,0.0,0.0,0.0,0.0,0.0,0.0,21080000.0,27200000.0,26800000.0,29600000.0,0.08,0,0,1,0,1650000.0,3300000.0,0.0,0.0,0.0,0.0,12200000.0,0.0,0,1,0,0,1,0,0,0,0.0,0.0,0.0,0.0,0.0,0.0,0.0,0.0,0,0,0,0,0,0,0
476,Micro-489,52,1,3,0,1,0,0,0,1,2018.0,2024.0,0,0,1,0,1,1,1,1,0,0,0,0,1,2.0,3.0,3.0,0,1,2,2,2250000.0,2880000.0,2880000.0,5760000.0,2720000.0,3750000.0,3950000.0,6216000.0,106000.0,106000.0,132000.0,144000.0,0.0,0.0,0.0,0.0,0.0,0.0,0.0,360000.0,255000.0,340000.0,325000.0,600000.0,500000.0,500000.0,500000.0,500000.0,625000.0,925000.0,850000.0,1240000.0,6456000.0,8501000.0,8637000.0,14820000.0,7965000.0,10995000.0,12330000.0,17520000.0,0.0,0.0,0.0,0.0,0.0,0.0,0.0,0.0,7965000.0,10995000.0,12330000.0,17520000.0,0.1,0,0,1,0,1500000.0,2500000.0,0.0,0.0,0.0,0.0,8700000.0,0.0,0,0,1,0,0,1,1,0,0.0,0.0,0.0,0.0,0.0,0.0,0.0,0.0,0,0,0,0,0,0,0
477,Micro-490,50,1,5,0,1,0,1,0,1,,2024.0,0,0,1,0,1,1,1,1,0,0,0,0,3,3.0,3.0,4.0,2,2,2,3,0.0,0.0,0.0,0.0,0.0,0.0,2000000.0,3500000.0,0.0,0.0,170000.0,38000.0,0.0,0.0,500000.0,0.0,0.0,0.0,0.0,0.0,0.0,0.0,30000.0,40000.0,0.0,0.0,75000.0,75000.0,0.0,0.0,100000.0,120000.0,0.0,0.0,3025000.0,3773000.0,3550000.0,5075000.0,0.0,0.0,0.0,0.0,0.0,0.0,0.0,0.0,0.0,0.0,3550000.0,5075000.0,0.0,0.0,0.8,1,0,0,0,0.0,0.0,0.0,0.0,0.0,0.0,19750000.0,0.0,0,1,0,0,0,1,1,1,500000.0,100000.0,250000.0,350000.0,0.0,0.0,0.0,0.0,0,0,0,0,0,0,0
478,Micro-491,71,1,2,0,1,0,0,0,1,2012.0,2024.0,0,0,1,0,1,1,1,1,0,0,0,0,1,1.0,1.0,1.0,0,0,0,0,0.0,0.0,0.0,0.0,3500000.0,0.0,0.0,0.0,35000.0,0.0,0.0,0.0,0.0,0.0,0.0,0.0,0.0,0.0,0.0,0.0,50000.0,0.0,0.0,0.0,75000.0,0.0,0.0,0.0,100000.0,0.0,0.0,0.0,5960000.0,0.0,0.0,0.0,6050000.0,0.0,0.0,0.0,0.0,0.0,0.0,0.0,0.0,0.0,0.0,0.0,6050000.0,0.0,0.0,0.0,0.8,1,0,0,0,0.0,0.0,0.0,0.0,0.0,0.0,9180000.0,0.0,0,1,0,0,1,0,1,0,100000.0,128000.0,200000.0,240000.0,0.0,0.0,0.0,0.0,0,0,0,0,0,0,0
479,Micro-492,65,1,3,0,1,0,0,0,1,2018.0,2024.0,0,0,1,0,2,2,2,2,0,0,0,0,2,2.0,2.0,2.0,0,0,0,0,0.0,0.0,0.0,0.0,1500000.0,1800000.0,0.0,0.0,23000.0,30000.0,0.0,0.0,0.0,0.0,0.0,0.0,0.0,0.0,0.0,0.0,8000.0,7000.0,0.0,0.0,75000.0,75000.0,0.0,0.0,100000.0,10000.0,0.0,0.0,2106000.0,2322000.0,0.0,0.0,3000000.0,2850000.0,0.0,0.0,0.0,0.0,0.0,0.0,0.0,0.0,0.0,0.0,3000000.0,2850000.0,0.0,0.0,0.8,1,0,0,0,150000.0,500000.0,0.0,0.0,0.0,0.0,130000.0,0.0,0,1,0,0,1,0,0,0,0.0,50000.0,0.0,0.0,0.0,0.0,0.0,0.0,0,0,0,0,0,0,0
480,Micro-493,57,1,4,0,1,1,0,0,1,1971.0,2024.0,0,0,1,0,2,2,1,1,0,0,0,0,2,2.0,1.0,1.0,0,0,0,0,0.0,0.0,0.0,0.0,1275000.0,0.0,0.0,0.0,42000.0,0.0,0.0,0.0,0.0,0.0,0.0,0.0,0.0,0.0,0.0,0.0,10000.0,0.0,0.0,0.0,100000.0,0.0,0.0,0.0,50000.0,0.0,0.0,0.0,1977000.0,0.0,0.0,0.0,3050000.0,0.0,0.0,0.0,0.0,0.0,0.0,0.0,0.0,0.0,0.0,0.0,3050000.0,0.0,0.0,0.0,0.0,1,0,0,0,75000.0,575000.0,0.0,0.0,0.0,0.0,8020000.0,0.0,0,1,0,0,1,0,0,0,550000.0,2200000.0,0.0,0.0,0.0,0.0,0.0,0.0,0,1,0,0,0,0,0
481,Micro-494,52,1,4,0,1,1,0,0,1,1990.0,2024.0,0,0,1,0,2,2,2,2,0,0,0,0,8,8.0,8.0,8.0,6,6,6,6,0.0,0.0,0.0,0.0,975000.0,850000.0,0.0,0.0,325000.0,280000.0,0.0,0.0,0.0,0.0,0.0,0.0,0.0,0.0,0.0,0.0,250000.0,250000.0,0.0,0.0,125000.0,125000.0,0.0,0.0,75000.0,75000.0,0.0,0.0,2150000.0,2080000.0,0.0,0.0,3530000.0,40000000.0,0.0,0.0,0.0,0.0,0.0,0.0,0.0,0.0,0.0,0.0,3530000.0,40000000.0,0.0,0.0,0.0,1,0,0,0,0.0,0.0,0.0,0.0,0.0,0.0,7625000.0,0.0,0,1,0,0,1,0,1,1,0.0,0.0,300000.0,0.0,0.0,0.0,0.0,0.0,0,1,0,0,0,0,0
482,Micro-496,55,1,3,0,1,0,1,0,1,1985.0,2024.0,0,0,1,0,2,2,2,2,0,0,0,0,2,2.0,2.0,2.0,0,0,0,0,216000.0,156000.0,204000.0,480000.0,252000.0,204000.0,240000.0,780000.0,31200.0,20160.0,27600.0,63000.0,0.0,0.0,0.0,0.0,0.0,0.0,0.0,0.0,0.0,0.0,0.0,0.0,0.0,0.0,0.0,0.0,0.0,0.0,0.0,0.0,499200.0,380160.0,471600.0,1323000.0,1500000.0,1020000.0,1944000.0,2838000.0,0.0,0.0,0.0,0.0,0.0,0.0,0.0,0.0,1500000.0,1020000.0,1944000.0,2838000.0,0.25,1,0,0,0,80000.0,240000.0,0.0,0.0,0.0,0.0,0.0,0.0,0,1,0,0,1,0,0,0,0.0,0.0,0.0,0.0,0.0,0.0,0.0,0.0,0,0,0,0,0,0,0
483,Micro-497,30,1,3,0,1,0,0,0,1,1988.0,2024.0,0,0,1,0,2,2,2,2,0,0,0,0,2,2.0,2.0,2.0,0,0,0,0,0.0,0.0,0.0,0.0,0.0,0.0,0.0,0.0,0.0,0.0,0.0,0.0,0.0,0.0,0.0,0.0,0.0,0.0,0.0,0.0,0.0,0.0,0.0,0.0,0.0,0.0,0.0,0.0,0.0,0.0,0.0,0.0,0.0,0.0,0.0,0.0,0.0,0.0,0.0,0.0,0.0,0.0,0.0,0.0,0.0,0.0,0.0,0.0,0.0,0.0,0.0,0.0,0.0,0,0,0,0,0.0,0.0,0.0,0.0,0.0,0.0,0.0,0.0,0,0,1,0,0,1,1,0,0.0,0.0,0.0,0.0,0.0,0.0,0.0,0.0,0,0,0,0,0,0,0
484,Micro-498,45,1,4,0,1,0,1,0,1,2015.0,2024.0,0,0,1,0,1,1,1,1,0,0,0,0,1,1.0,1.0,1.0,0,0,0,0,249600.0,216000.0,264000.0,312000.0,72000.0,36000.0,60000.0,90000.0,0.0,0.0,0.0,0.0,0.0,0.0,0.0,0.0,0.0,0.0,0.0,0.0,0.0,0.0,0.0,0.0,48000.0,24000.0,72000.0,96000.0,0.0,0.0,0.0,0.0,369600.0,276000.0,396000.0,498000.0,444000.0,324000.0,432000.0,588000.0,0.0,0.0,0.0,0.0,0.0,0.0,0.0,0.0,444000.0,324000.0,432000.0,588000.0,0.12,1,0,0,0,41000.0,51000.0,20000.0,20000.0,42000.0,47000.0,0.0,0.0,0,1,0,0,0,1,1,1,500000.0,100000.0,250000.0,350000.0,0.0,0.0,0.0,0.0,0,0,0,0,0,0,0
485,Micro-499,37,1,4,0,1,0,0,1,1,2016.0,2024.0,0,0,1,0,1,1,1,1,0,0,0,0,1,1.0,1.0,1.0,0,0,0,0,2400000.0,7200000.0,8100000.0,7980000.0,1200000.0,6000000.0,6000000.0,9600000.0,72000.0,156000.0,156000.0,198000.0,0.0,0.0,0.0,0.0,3600.0,3600.0,3600.0,14400.0,540000.0,108000.0,108000.0,180000.0,0.0,0.0,0.0,0.0,0.0,0.0,0.0,0.0,4215600.0,13467600.0,14367600.0,17972400.0,750000.0,1300000.0,1400000.0,1745000.0,0.0,0.0,0.0,0.0,0.0,0.0,0.0,0.0,750000.0,1300000.0,1400000.0,1745000.0,0.03,0,0,1,0,0.0,0.0,0.0,0.0,0.0,0.0,0.0,0.0,0,1,0,0,1,0,1,0,100000.0,128000.0,200000.0,240000.0,0.0,0.0,0.0,0.0,0,0,0,0,0,0,0
486,Micro-500,37,1,5,0,1,0,0,0,1,2018.0,2024.0,0,0,1,0,2,2,2,2,0,0,0,0,2,2.0,2.0,2.0,0,0,0,0,0.0,0.0,0.0,0.0,100000.0,100000.0,50000.0,250000.0,30000.0,36000.0,24000.0,24000.0,0.0,0.0,0.0,0.0,0.0,0.0,0.0,0.0,0.0,0.0,0.0,0.0,0.0,0.0,0.0,0.0,10000.0,12000.0,10000.0,13000.0,140000.0,148000.0,84000.0,287000.0,10000.0,15000.0,16000.0,20000.0,0.0,0.0,0.0,0.0,0.0,0.0,0.0,0.0,10000.0,15000.0,16000.0,20000.0,0.0,1,0,0,0,0.0,0.0,0.0,0.0,0.0,0.0,200000.0,0.0,0,0,1,0,0,1,1,0,0.0,0.0,0.0,0.0,0.0,0.0,0.0,0.0,0,0,0,0,0,0,0
487,Micro-501,29,1,4,0,1,0,0,0,1,2018.0,2024.0,0,0,1,0,1,1,2,2,0,0,0,0,1,1.0,2.0,2.0,0,0,0,0,120000.0,120000.0,150000.0,150000.0,0.0,0.0,0.0,0.0,60000.0,60000.0,48000.0,24000.0,0.0,0.0,0.0,0.0,0.0,0.0,0.0,0.0,12000.0,12000.0,24000.0,12000.0,0.0,0.0,0.0,0.0,0.0,0.0,0.0,0.0,192000.0,192000.0,222000.0,186000.0,0.0,0.0,96000.0,1000000.0,0.0,0.0,0.0,0.0,0.0,0.0,0.0,0.0,0.0,0.0,96000.0,1000000.0,0.0,1,0,0,0,0.0,0.0,0.0,0.0,0.0,0.0,710000.0,0.0,0,1,0,0,0,1,1,1,500000.0,100000.0,250000.0,350000.0,0.0,0.0,0.0,0.0,0,0,0,0,0,0,0
488,Micro-502,37,1,4,0,1,0,0,0,1,2016.0,2024.0,0,0,1,0,1,1,1,1,0,0,0,0,2,2.0,2.0,2.0,1,1,1,1,48000.0,50000.0,30000.0,15000.0,0.0,0.0,0.0,0.0,15000.0,12000.0,11000.0,10000.0,0.0,0.0,0.0,0.0,0.0,0.0,0.0,0.0,0.0,0.0,0.0,0.0,0.0,0.0,0.0,0.0,20000.0,15000.0,0.0,10000.0,83000.0,77000.0,126000.0,120000.0,0.0,0.0,0.0,0.0,0.0,0.0,0.0,0.0,0.0,0.0,0.0,0.0,0.0,0.0,0.0,0.0,0.0,1,0,0,0,160000.0,275000.0,48000.0,50000.0,30000.0,15000.0,8000000.0,9000000.0,0,1,0,0,1,0,1,0,100000.0,128000.0,200000.0,240000.0,0.0,0.0,0.0,0.0,0,0,0,0,0,0,0
489,Micro-503,27,1,5,0,1,0,0,0,1,2019.0,2024.0,0,0,1,0,1,1,1,1,0,0,0,0,3,3.0,3.0,7.0,2,2,2,6,144000.0,180000.0,180000.0,0.0,500000.0,500000.0,400000.0,800000.0,30000.0,35000.0,36000.0,25000.0,0.0,0.0,0.0,0.0,0.0,0.0,0.0,0.0,0.0,0.0,0.0,0.0,0.0,0.0,0.0,0.0,10000.0,12000.0,16000.0,15000.0,684000.0,727000.0,632000.0,840000.0,0.0,0.0,0.0,0.0,0.0,0.0,0.0,0.0,0.0,0.0,0.0,0.0,0.0,0.0,0.0,0.0,0.0,1,0,0,0,2000000.0,7000000.0,144000.0,180000.0,180000.0,0.0,8200000.0,0.0,0,1,0,0,1,0,1,0,150000.0,175000.0,190000.0,220000.0,0.0,0.0,0.0,0.0,0,0,0,0,0,0,0
490,Micro-504,37,1,7,0,1,0,0,0,1,2019.0,2024.0,0,0,1,0,1,1,1,1,0,0,0,0,3,3.0,4.0,4.0,2,2,3,3,2250000.0,2880000.0,2880000.0,5760000.0,2720000.0,3750000.0,3950000.0,6216000.0,106000.0,106000.0,132000.0,144000.0,0.0,0.0,0.0,0.0,0.0,0.0,0.0,0.0,484000.0,492000.0,485000.0,504000.0,70500.0,68000.0,72000.0,72000.0,0.0,0.0,0.0,0.0,0.0,0.0,0.0,0.0,0.0,0.0,0.0,2875000.0,2680000.0,2460000.0,2880000.0,3750000.0,3750000.0,3750000.0,3750000.0,1586000.0,1650000.0,1550000.0,1850000.0,40725500.0,,,,1,,0.0,0.0,58570000.0,48180000.0,55950000.0,51280000.0,0.0,0.0,0,0,0,0,1,0,1,1,0.0,500000.0,0.0,0.0,0.0,0.0,0.0,0.0,1,0,0,0,0,0,0
491,Micro-505,42,1,4,0,1,0,0,1,1,2017.0,2024.0,0,0,1,0,0,0,1,1,0,0,1,1,0,0.0,5.0,5.0,0,0,3,3,0.0,0.0,0.0,0.0,0.0,0.0,2000000.0,3500000.0,0.0,0.0,170000.0,38000.0,0.0,0.0,500000.0,0.0,52000.0,54000.0,55000.0,60000.0,60000.0,72000.0,82000.0,72000.0,15000.0,15000.0,180000.0,18000.0,0.0,0.0,0.0,0.0,0.0,0.0,0.0,0.0,38400.0,38400.0,225600.0,258400.0,450000.0,480000.0,480000.0,650000.0,650000.0,650000.0,650000.0,380000.0,280000.0,300000.0,300000.0,18090400.0,,,,1,,0.0,0.0,29600000.0,21080000.0,27200000.0,26800000.0,0.0,0.0,0,1,0,0,1,0,0,0,0.0,50000.0,0.0,0.0,0.0,0.0,0.0,0.0,0,0,0,0,0,0,0
492,Micro-506,50,1,5,0,1,0,0,0,1,2014.0,2024.0,0,0,1,0,1,1,1,1,0,0,0,0,2,2.0,3.0,3.0,1,1,2,2,0.0,0.0,0.0,0.0,3500000.0,0.0,0.0,0.0,35000.0,0.0,0.0,0.0,0.0,0.0,0.0,0.0,24000.0,24000.0,36000.0,36000.0,52000.0,52000.0,60000.0,72000.0,30000.0,30000.0,36000.0,36000.0,0.0,0.0,0.0,0.0,0.0,0.0,0.0,0.0,0.0,0.0,360000.0,255000.0,340000.0,325000.0,600000.0,500000.0,500000.0,500000.0,500000.0,625000.0,925000.0,850000.0,1240000.0,6456000.0,,,,1,,180000.0,0.0,17520000.0,7965000.0,10995000.0,12330000.0,0.0,0.0,0,1,0,0,1,0,0,0,550000.0,2200000.0,0.0,0.0,0.0,0.0,0.0,0.0,0,1,0,0,0,0,0
493,Micro-507,42,1,6,0,1,0,0,1,1,2019.0,2024.0,0,0,1,0,0,0,1,1,0,0,1,1,0,0.0,5.0,5.0,0,0,3,3,0.0,0.0,0.0,0.0,1500000.0,1800000.0,0.0,0.0,23000.0,30000.0,0.0,0.0,0.0,0.0,0.0,0.0,0.0,0.0,20000.0,30000.0,0.0,0.0,150000.0,8000.0,0.0,0.0,0.0,0.0,0.0,0.0,500000.0,0.0,0.0,0.0,150000.0,0.0,0.0,0.0,0.0,0.0,0.0,30000.0,40000.0,0.0,0.0,75000.0,75000.0,0.0,0.0,100000.0,120000.0,0.0,0.0,,,0,,0.0,0.0,0.0,3550000.0,5075000.0,0.0,0.0,0.0,0,1,0,0,1,0,1,1,0.0,0.0,300000.0,0.0,0.0,0.0,0.0,0.0,0,1,0,0,0,0,0
494,Micro-508,48,1,4,0,1,0,0,1,1,2013.0,2024.0,0,0,1,0,3,3,4,4,0,0,0,0,3,3.0,4.0,4.0,0,0,0,0,216000.0,156000.0,204000.0,480000.0,252000.0,204000.0,240000.0,780000.0,31200.0,20160.0,27600.0,63000.0,0.0,0.0,0.0,0.0,12000.0,0.0,0.0,0.0,30000.0,0.0,0.0,0.0,0.0,0.0,0.0,0.0,0.0,0.0,0.0,0.0,500000.0,0.0,0.0,0.0,0.0,0.0,0.0,10000.0,0.0,0.0,0.0,100000.0,0.0,0.0,0.0,50000.0,0.0,0.0,0.0,1977000.0,0.0,0,0,0,,0.0,0.0,0.0,3050000.0,0.0,0.0,0.0,0.0,0,0,1,0,0,1,1,0,0.0,0.0,0.0,0.0,0.0,0.0,0.0,0.0,0,0,0,0,0,0,0
495,Micro-509,37,1,6,0,1,0,0,1,1,2003.0,2024.0,0,0,1,0,1,1,1,1,0,0,0,0,4,4.0,4.0,4.0,3,3,3,3,0.0,0.0,0.0,0.0,0.0,0.0,0.0,0.0,0.0,0.0,0.0,0.0,0.0,0.0,0.0,0.0,300000.0,250000.0,0.0,0.0,25000.0,30000.0,0.0,0.0,0.0,0.0,0.0,0.0,0.0,0.0,0.0,0.0,400000.0,500000.0,0.0,0.0,0.0,0.0,0.0,250000.0,250000.0,0.0,0.0,125000.0,125000.0,0.0,0.0,75000.0,75000.0,0.0,0.0,2150000.0,,0,0,0,,0.0,0.0,0.0,3530000.0,40000000.0,0.0,0.0,0.0,0,1,0,0,0,1,1,1,500000.0,100000.0,250000.0,350000.0,0.0,0.0,0.0,0.0,0,0,0,0,0,0,0
496,Micro-510,32,1,7,0,1,0,0,1,1,2014.0,2024.0,0,0,1,0,0,1,1,1,0,0,0,0,0,1.0,1.0,1.0,0,0,0,0,120000.0,120000.0,150000.0,150000.0,0.0,0.0,0.0,0.0,60000.0,60000.0,48000.0,24000.0,0.0,0.0,0.0,0.0,0.0,0.0,0.0,0.0,60000.0,144000.0,144000.0,180000.0,12000.0,12000.0,12000.0,18000.0,0.0,0.0,0.0,0.0,0.0,0.0,0.0,0.0,3600.0,3600.0,14400.0,543600.0,108000.0,108000.0,180000.0,0.0,0.0,0.0,0.0,0.0,0.0,0.0,0.0,4215600.0,,,,1,,0.0,0.0,1745000.0,750000.0,1300000.0,1400000.0,0.0,0.0,0,0,0,0,1,0,1,1,0.0,500000.0,0.0,0.0,0.0,0.0,0.0,0.0,1,0,0,0,0,0,0
497,Micro-511,52,1,4,0,1,0,1,0,1,2009.0,2024.0,0,0,1,0,0,0,1,1,0,0,2,2,0,0.0,3.0,3.0,0,0,0,0,120000.0,120000.0,150000.0,150000.0,0.0,0.0,0.0,0.0,60000.0,60000.0,48000.0,24000.0,0.0,0.0,0.0,0.0,0.0,0.0,0.0,0.0,12000.0,12000.0,24000.0,12000.0,0.0,0.0,0.0,0.0,0.0,0.0,0.0,0.0,192000.0,192000.0,222000.0,186000.0,0.0,0.0,96000.0,1000000.0,0.0,0.0,0.0,0.0,0.0,0.0,0.0,0.0,0.0,0.0,96000.0,1000000.0,0.0,1,0,0,0,0.0,0.0,0.0,0.0,0.0,0.0,710000.0,0.0,0,1,0,0,1,0,0,0,0.0,50000.0,0.0,0.0,0.0,0.0,0.0,0.0,0,0,0,0,0,0,0
498,Micro-512,52,1,6,0,1,0,1,0,1,2012.0,2024.0,0,0,1,0,1,1,1,1,0,0,0,0,1,1.0,1.0,1.0,0,0,0,0,2475000.0,2680000.0,2850000.0,3480000.0,14200000.0,19200000.0,18720000.0,20450000.0,127000.0,141000.0,317000.0,150000.0,0.0,0.0,0.0,0.0,38400.0,38400.0,38400.0,38400.0,220000.0,450000.0,480000.0,480000.0,650000.0,650000.0,650000.0,650000.0,380000.0,280000.0,300000.0,300000.0,18090400.0,23439400.0,23355400.0,25735600.0,21080000.0,27200000.0,26800000.0,29600000.0,0.0,0.0,0.0,0.0,0.0,0.0,0.0,0.0,21080000.0,27200000.0,26800000.0,29600000.0,0.08,0,0,1,0,1650000.0,3300000.0,0.0,0.0,0.0,0.0,12200000.0,0.0,0,0,1,0,0,1,1,0,0.0,0.0,0.0,0.0,0.0,0.0,0.0,0.0,0,0,0,0,0,0,0
499,Micro-513,39,1,4,0,1,0,0,0,1,2015.0,2024.0,0,0,1,0,2,2,2,2,1,1,0,0,18,18.0,10.0,8.0,15,15,8,6,0.0,0.0,0.0,0.0,1275000.0,0.0,0.0,0.0,42000.0,0.0,0.0,0.0,0.0,0.0,0.0,0.0,0.0,0.0,0.0,0.0,10000.0,0.0,0.0,0.0,100000.0,0.0,0.0,0.0,50000.0,0.0,0.0,0.0,1977000.0,0.0,0.0,0.0,3050000.0,0.0,0.0,0.0,0.0,0.0,0.0,0.0,0.0,0.0,0.0,0.0,3050000.0,0.0,0.0,0.0,0.0,1,0,0,0,75000.0,575000.0,0.0,0.0,0.0,0.0,8020000.0,0.0,0,0,0,0,1,0,1,1,0.0,500000.0,0.0,0.0,0.0,0.0,0.0,0.0,1,0,0,0,0,0,0
500,Micro-514,55,1,5,0,1,0,0,0,1,2019.0,2024.0,0,0,1,0,1,1,1,1,3,3,3,5,4,4.0,4.0,6.0,0,0,0,0,120000.0,120000.0,150000.0,150000.0,0.0,0.0,0.0,0.0,60000.0,60000.0,48000.0,24000.0,0.0,0.0,0.0,0.0,0.0,0.0,0.0,0.0,12000.0,12000.0,24000.0,12000.0,0.0,0.0,0.0,0.0,0.0,0.0,0.0,0.0,192000.0,192000.0,222000.0,186000.0,0.0,0.0,96000.0,1000000.0,0.0,0.0,0.0,0.0,0.0,0.0,0.0,0.0,0.0,0.0,96000.0,1000000.0,0.0,1,0,0,0,0.0,0.0,0.0,0.0,0.0,0.0,710000.0,0.0,0,1,0,0,1,0,1,0,100000.0,128000.0,200000.0,240000.0,0.0,0.0,0.0,0.0,0,0,0,0,0,0,0
501,Micro-515,37,1,4,0,1,0,0,0,1,1994.0,2024.0,0,0,1,0,0,1,1,1,0,1,1,1,0,2.0,2.0,2.0,0,0,0,0,48000.0,50000.0,30000.0,15000.0,0.0,0.0,0.0,0.0,15000.0,12000.0,11000.0,10000.0,0.0,0.0,0.0,0.0,0.0,0.0,0.0,0.0,0.0,0.0,0.0,0.0,0.0,0.0,0.0,0.0,20000.0,15000.0,0.0,10000.0,83000.0,77000.0,126000.0,120000.0,0.0,0.0,0.0,0.0,0.0,0.0,0.0,0.0,0.0,0.0,0.0,0.0,0.0,0.0,0.0,0.0,0.0,1,0,0,0,160000.0,275000.0,48000.0,50000.0,30000.0,15000.0,8000000.0,9000000.0,0,1,0,0,1,0,1,0,150000.0,175000.0,190000.0,220000.0,0.0,0.0,0.0,0.0,0,0,0,0,0,0,0
502,Micro-516,48,1,5,0,1,0,0,0,1,2021.0,2024.0,0,0,1,0,0,0,1,1,0,0,0,0,0,0.0,1.0,1.0,0,0,0,0,144000.0,180000.0,180000.0,0.0,500000.0,500000.0,400000.0,800000.0,30000.0,35000.0,36000.0,25000.0,0.0,0.0,0.0,0.0,0.0,0.0,0.0,0.0,0.0,0.0,0.0,0.0,0.0,0.0,0.0,0.0,10000.0,12000.0,16000.0,15000.0,684000.0,727000.0,632000.0,840000.0,0.0,0.0,0.0,0.0,0.0,0.0,0.0,0.0,0.0,0.0,0.0,0.0,0.0,0.0,0.0,0.0,0.0,1,0,0,0,2000000.0,7000000.0,144000.0,180000.0,180000.0,0.0,8200000.0,0.0,0,0,0,0,1,0,1,1,0.0,500000.0,0.0,0.0,0.0,0.0,0.0,0.0,1,0,0,0,0,0,0
503,Micro-517,33,1,3,0,1,0,0,0,1,2019.0,2024.0,0,0,1,0,0,1,1,1,0,1,1,1,0,2.0,2.0,2.0,0,0,0,0,8180000.0,9250000.0,8830000.0,9670000.0,23780000.0,28420000.0,26170000.0,30964000.0,554500.0,560000.0,557000.0,576000.0,0.0,0.0,0.0,0.0,0.0,0.0,0.0,0.0,2875000.0,2680000.0,2460000.0,2880000.0,3750000.0,3750000.0,3750000.0,3750000.0,1586000.0,1650000.0,1550000.0,1850000.0,40725500.0,46310000.0,43317000.0,49690000.0,48180000.0,55950000.0,51280000.0,58570000.0,0.0,0.0,0.0,0.0,0.0,0.0,0.0,0.0,48180000.0,55950000.0,51280000.0,58570000.0,0.06,0,0,1,0,3000000.0,6500000.0,0.0,0.0,0.0,0.0,56000000.0,0.0,0,1,0,0,1,0,0,0,0.0,50000.0,0.0,0.0,0.0,0.0,0.0,0.0,0,0,0,0,0,0,0
504,Micro-518,56,1,5,0,1,0,0,0,1,2018.0,2024.0,0,0,1,0,0,0,1,1,0,0,0,0,0,0.0,1.0,1.0,0,0,0,0,2475000.0,2680000.0,2850000.0,3480000.0,14200000.0,19200000.0,18720000.0,20450000.0,127000.0,141000.0,317000.0,150000.0,0.0,0.0,0.0,0.0,38400.0,38400.0,38400.0,38400.0,220000.0,450000.0,480000.0,480000.0,650000.0,650000.0,650000.0,650000.0,380000.0,280000.0,300000.0,300000.0,18090400.0,23439400.0,23355400.0,25735600.0,21080000.0,27200000.0,26800000.0,29600000.0,0.0,0.0,0.0,0.0,0.0,0.0,0.0,0.0,21080000.0,27200000.0,26800000.0,29600000.0,0.08,0,0,1,0,1650000.0,3300000.0,0.0,0.0,0.0,0.0,12200000.0,0.0,0,1,0,0,1,0,0,0,550000.0,2200000.0,0.0,0.0,0.0,0.0,0.0,0.0,0,1,0,0,0,0,0
505,Micro-519,34,1,3,0,1,0,0,0,1,2014.0,2024.0,0,0,1,0,0,0,1,1,0,0,0,0,0,0.0,1.0,1.0,0,0,0,0,2250000.0,2880000.0,2880000.0,5760000.0,2720000.0,3750000.0,3950000.0,6216000.0,106000.0,106000.0,132000.0,144000.0,0.0,0.0,0.0,0.0,0.0,0.0,0.0,360000.0,255000.0,340000.0,325000.0,600000.0,500000.0,500000.0,500000.0,500000.0,625000.0,925000.0,850000.0,1240000.0,6456000.0,8501000.0,8637000.0,14820000.0,7965000.0,10995000.0,12330000.0,17520000.0,0.0,0.0,0.0,0.0,0.0,0.0,0.0,0.0,7965000.0,10995000.0,12330000.0,17520000.0,0.1,0,0,1,0,1500000.0,2500000.0,0.0,0.0,0.0,0.0,8700000.0,0.0,0,1,0,0,1,0,1,1,0.0,0.0,300000.0,0.0,0.0,0.0,0.0,0.0,0,1,0,0,0,0,0
506,Micro-520,45,1,5,0,1,0,0,0,1,1990.0,2024.0,0,0,1,0,0,0,3,3,0,0,0,0,0,0.0,3.0,3.0,0,0,0,0,0.0,0.0,0.0,0.0,0.0,0.0,2000000.0,3500000.0,0.0,0.0,170000.0,38000.0,0.0,0.0,500000.0,0.0,0.0,0.0,0.0,0.0,0.0,0.0,30000.0,40000.0,0.0,0.0,75000.0,75000.0,0.0,0.0,100000.0,120000.0,0.0,0.0,3025000.0,3773000.0,3550000.0,5075000.0,0.0,0.0,0.0,0.0,0.0,0.0,0.0,0.0,0.0,0.0,3550000.0,5075000.0,0.0,0.0,0.8,1,0,0,0,0.0,0.0,0.0,0.0,0.0,0.0,19750000.0,0.0,0,1,0,0,1,0,0,0,0.0,0.0,0.0,0.0,0.0,0.0,0.0,0.0,0,0,0,0,0,0,0
507,Micro-521,65,1,6,0,1,0,0,0,1,1990.0,2024.0,0,0,1,0,2,2,2,2,0,0,0,0,8,8.0,8.0,10.0,6,6,6,8,0.0,0.0,0.0,0.0,3500000.0,0.0,0.0,0.0,35000.0,0.0,0.0,0.0,0.0,0.0,0.0,0.0,0.0,0.0,0.0,0.0,50000.0,0.0,0.0,0.0,75000.0,0.0,0.0,0.0,100000.0,0.0,0.0,0.0,5960000.0,0.0,0.0,0.0,6050000.0,0.0,0.0,0.0,0.0,0.0,0.0,0.0,0.0,0.0,0.0,0.0,6050000.0,0.0,0.0,0.0,0.8,1,0,0,0,0.0,0.0,0.0,0.0,0.0,0.0,9180000.0,0.0,0,0,1,0,0,1,1,0,0.0,0.0,0.0,0.0,0.0,0.0,0.0,0.0,0,0,0,0,0,0,0
508,Micro-522,56,1,4,0,1,0,0,0,1,2019.0,2024.0,0,0,1,0,1,1,1,1,0,0,0,0,2,2.0,2.0,2.0,1,1,1,1,0.0,0.0,0.0,0.0,1500000.0,1800000.0,0.0,0.0,23000.0,30000.0,0.0,0.0,0.0,0.0,0.0,0.0,0.0,0.0,0.0,0.0,8000.0,7000.0,0.0,0.0,75000.0,75000.0,0.0,0.0,100000.0,10000.0,0.0,0.0,2106000.0,2322000.0,0.0,0.0,3000000.0,2850000.0,0.0,0.0,0.0,0.0,0.0,0.0,0.0,0.0,0.0,0.0,3000000.0,2850000.0,0.0,0.0,0.8,1,0,0,0,150000.0,500000.0,0.0,0.0,0.0,0.0,130000.0,0.0,0,0,1,0,0,1,1,0,0.0,0.0,0.0,0.0,0.0,0.0,0.0,0.0,0,0,0,0,0,0,0
509,Micro-523,52,1,4,0,1,0,0,0,1,2010.0,2024.0,0,0,1,0,2,2,2,2,0,0,0,0,9,9.0,4.0,4.0,7,7,2,2,0.0,0.0,0.0,0.0,1275000.0,0.0,0.0,0.0,42000.0,0.0,0.0,0.0,0.0,0.0,0.0,0.0,0.0,0.0,0.0,0.0,10000.0,0.0,0.0,0.0,100000.0,0.0,0.0,0.0,50000.0,0.0,0.0,0.0,1977000.0,0.0,0.0,0.0,3050000.0,0.0,0.0,0.0,0.0,0.0,0.0,0.0,0.0,0.0,0.0,0.0,3050000.0,0.0,0.0,0.0,0.0,1,0,0,0,75000.0,575000.0,0.0,0.0,0.0,0.0,8020000.0,0.0,0,1,0,0,1,0,1,0,150000.0,175000.0,190000.0,220000.0,0.0,0.0,0.0,0.0,0,0,0,0,0,0,0
510,Micro-524,54,1,4,0,1,0,0,0,1,2015.0,2024.0,0,0,1,0,0,0,0,0,0,0,1,1,0,0.0,5.0,5.0,0,0,4,4,0.0,0.0,0.0,0.0,975000.0,850000.0,0.0,0.0,325000.0,280000.0,0.0,0.0,0.0,0.0,0.0,0.0,0.0,0.0,0.0,0.0,250000.0,250000.0,0.0,0.0,125000.0,125000.0,0.0,0.0,75000.0,75000.0,0.0,0.0,2150000.0,2080000.0,0.0,0.0,3530000.0,40000000.0,0.0,0.0,0.0,0.0,0.0,0.0,0.0,0.0,0.0,0.0,3530000.0,40000000.0,0.0,0.0,0.0,1,0,0,0,0.0,0.0,0.0,0.0,0.0,0.0,7625000.0,0.0,0,0,0,0,1,0,1,1,0.0,500000.0,0.0,0.0,0.0,0.0,0.0,0.0,1,0,0,0,0,0,0
511,Micro-525,42,1,5,0,1,0,0,0,1,,2024.0,0,0,1,0,0,0,1,1,0,0,0,0,0,0.0,1.0,1.0,0,0,0,0,216000.0,156000.0,204000.0,480000.0,252000.0,204000.0,240000.0,780000.0,31200.0,20160.0,27600.0,63000.0,0.0,0.0,0.0,0.0,0.0,0.0,0.0,0.0,0.0,0.0,0.0,0.0,0.0,0.0,0.0,0.0,0.0,0.0,0.0,0.0,499200.0,380160.0,471600.0,1323000.0,1500000.0,1020000.0,1944000.0,2838000.0,0.0,0.0,0.0,0.0,0.0,0.0,0.0,0.0,1500000.0,1020000.0,1944000.0,2838000.0,0.25,1,0,0,0,80000.0,240000.0,0.0,0.0,0.0,0.0,0.0,0.0,0,1,0,0,1,0,0,0,0.0,50000.0,0.0,0.0,0.0,0.0,0.0,0.0,0,0,0,0,0,0,0
512,Micro-526,45,1,4,0,1,0,0,0,1,2019.0,2024.0,0,0,1,0,1,1,1,0,0,0,0,0,1,1.0,1.0,0.0,0,0,0,0,0.0,0.0,0.0,0.0,0.0,0.0,0.0,0.0,0.0,0.0,0.0,0.0,0.0,0.0,0.0,0.0,0.0,0.0,0.0,0.0,0.0,0.0,0.0,0.0,0.0,0.0,0.0,0.0,0.0,0.0,0.0,0.0,0.0,0.0,0.0,0.0,0.0,0.0,0.0,0.0,0.0,0.0,0.0,0.0,0.0,0.0,0.0,0.0,0.0,0.0,0.0,0.0,0.0,0,0,0,0,0.0,0.0,0.0,0.0,0.0,0.0,0.0,0.0,0,1,0,0,1,0,0,0,550000.0,2200000.0,0.0,0.0,0.0,0.0,0.0,0.0,0,1,0,0,0,0,0
513,Micro-527,36,1,3,0,1,0,0,0,1,2018.0,2024.0,0,0,1,0,2,2,2,2,0,0,0,0,2,2.0,2.0,2.0,0,0,0,0,249600.0,216000.0,264000.0,312000.0,72000.0,36000.0,60000.0,90000.0,0.0,0.0,0.0,0.0,0.0,0.0,0.0,0.0,0.0,0.0,0.0,0.0,0.0,0.0,0.0,0.0,48000.0,24000.0,72000.0,96000.0,0.0,0.0,0.0,0.0,369600.0,276000.0,396000.0,498000.0,444000.0,324000.0,432000.0,588000.0,0.0,0.0,0.0,0.0,0.0,0.0,0.0,0.0,444000.0,324000.0,432000.0,588000.0,0.12,1,0,0,0,41000.0,51000.0,20000.0,20000.0,42000.0,47000.0,0.0,0.0,0,1,0,0,1,0,1,1,0.0,0.0,300000.0,0.0,0.0,0.0,0.0,0.0,0,1,0,0,0,0,0
514,Micro-528,74,1,2,0,1,0,0,0,1,2000.0,2024.0,0,0,1,0,2,2,2,2,0,0,0,0,2,2.0,2.0,2.0,0,0,0,0,2400000.0,7200000.0,8100000.0,7980000.0,1200000.0,6000000.0,6000000.0,9600000.0,72000.0,156000.0,156000.0,198000.0,0.0,0.0,0.0,0.0,3600.0,3600.0,3600.0,14400.0,540000.0,108000.0,108000.0,180000.0,0.0,0.0,0.0,0.0,0.0,0.0,0.0,0.0,4215600.0,13467600.0,14367600.0,17972400.0,750000.0,1300000.0,1400000.0,1745000.0,0.0,0.0,0.0,0.0,0.0,0.0,0.0,0.0,750000.0,1300000.0,1400000.0,1745000.0,0.03,0,0,1,0,0.0,0.0,0.0,0.0,0.0,0.0,0.0,0.0,0,1,0,0,1,0,0,0,0.0,0.0,0.0,0.0,0.0,0.0,0.0,0.0,0,0,0,0,0,0,0
515,Micro-529,56,1,5,0,1,0,0,0,1,2015.0,2024.0,0,0,1,0,0,1,1,1,0,0,0,0,0,1.0,1.0,1.0,0,0,0,0,0.0,0.0,0.0,0.0,100000.0,100000.0,50000.0,250000.0,30000.0,36000.0,24000.0,24000.0,0.0,0.0,0.0,0.0,0.0,0.0,0.0,0.0,0.0,0.0,0.0,0.0,0.0,0.0,0.0,0.0,10000.0,12000.0,10000.0,13000.0,140000.0,148000.0,84000.0,287000.0,10000.0,15000.0,16000.0,20000.0,0.0,0.0,0.0,0.0,0.0,0.0,0.0,0.0,10000.0,15000.0,16000.0,20000.0,0.0,1,0,0,0,0.0,0.0,0.0,0.0,0.0,0.0,200000.0,0.0,0,0,1,0,0,1,1,0,0.0,0.0,0.0,0.0,0.0,0.0,0.0,0.0,0,0,0,0,0,0,0
516,Micro-530,41,1,3,0,1,0,0,0,1,2019.0,2024.0,0,0,1,0,0,1,1,1,0,0,0,0,0,1.0,1.0,1.0,0,0,0,0,48000.0,50000.0,30000.0,15000.0,0.0,0.0,0.0,0.0,15000.0,12000.0,11000.0,10000.0,0.0,0.0,0.0,0.0,0.0,0.0,0.0,0.0,0.0,0.0,0.0,0.0,0.0,0.0,0.0,0.0,20000.0,15000.0,0.0,10000.0,83000.0,77000.0,126000.0,120000.0,0.0,0.0,0.0,0.0,0.0,0.0,0.0,0.0,0.0,0.0,0.0,0.0,0.0,0.0,0.0,0.0,0.0,1,0,0,0,160000.0,275000.0,48000.0,50000.0,30000.0,15000.0,8000000.0,9000000.0,0,1,0,0,0,1,1,1,500000.0,100000.0,250000.0,350000.0,0.0,0.0,0.0,0.0,0,0,0,0,0,0,0
517,Micro-531,55,1,2,0,1,0,0,0,1,,2024.0,0,0,1,0,1,1,1,1,0,0,0,0,1,1.0,1.0,1.0,0,0,0,0,120000.0,120000.0,150000.0,150000.0,0.0,0.0,0.0,0.0,60000.0,60000.0,48000.0,24000.0,0.0,0.0,0.0,0.0,0.0,0.0,0.0,0.0,12000.0,12000.0,24000.0,12000.0,0.0,0.0,0.0,0.0,0.0,0.0,0.0,0.0,192000.0,192000.0,222000.0,186000.0,0.0,0.0,96000.0,1000000.0,0.0,0.0,0.0,0.0,0.0,0.0,0.0,0.0,0.0,0.0,96000.0,1000000.0,0.0,1,0,0,0,0.0,0.0,0.0,0.0,0.0,0.0,710000.0,0.0,0,1,0,0,1,0,1,0,100000.0,128000.0,200000.0,240000.0,0.0,0.0,0.0,0.0,0,0,0,0,0,0,0
518,Micro-532,41,1,4,0,0,0,1,0,1,2010.0,2024.0,0,0,1,0,0,0,1,1,0,0,1,1,0,0.0,2.0,2.0,0,0,0,0,48000.0,50000.0,30000.0,15000.0,0.0,0.0,0.0,0.0,15000.0,12000.0,11000.0,10000.0,0.0,0.0,0.0,0.0,0.0,0.0,0.0,0.0,0.0,0.0,0.0,0.0,0.0,0.0,0.0,0.0,20000.0,15000.0,0.0,10000.0,83000.0,77000.0,126000.0,120000.0,0.0,0.0,0.0,0.0,0.0,0.0,0.0,0.0,0.0,0.0,0.0,0.0,0.0,0.0,0.0,0.0,0.0,1,0,0,0,160000.0,275000.0,48000.0,50000.0,30000.0,15000.0,8000000.0,9000000.0,0,1,0,0,1,0,1,0,100000.0,128000.0,200000.0,240000.0,0.0,0.0,0.0,0.0,0,0,0,0,0,0,0
519,Micro-533,56,1,4,0,1,0,0,0,1,2016.0,2024.0,0,0,1,0,0,1,1,1,0,0,0,0,0,1.0,1.0,1.0,0,0,0,0,144000.0,180000.0,180000.0,0.0,500000.0,500000.0,400000.0,800000.0,30000.0,35000.0,36000.0,25000.0,0.0,0.0,0.0,0.0,0.0,0.0,0.0,0.0,0.0,0.0,0.0,0.0,0.0,0.0,0.0,0.0,10000.0,12000.0,16000.0,15000.0,684000.0,727000.0,632000.0,840000.0,0.0,0.0,0.0,0.0,0.0,0.0,0.0,0.0,0.0,0.0,0.0,0.0,0.0,0.0,0.0,0.0,0.0,1,0,0,0,2000000.0,7000000.0,144000.0,180000.0,180000.0,0.0,8200000.0,0.0,0,1,0,0,1,0,1,0,150000.0,175000.0,190000.0,220000.0,0.0,0.0,0.0,0.0,0,0,0,0,0,0,0
520,Micro-544,49,1,3,0,1,0,0,0,1,2015.0,2024.0,0,0,1,0,0,0,1,1,0,0,0,0,0,0.0,1.0,1.0,0,0,0,0,8180000.0,9250000.0,8830000.0,9670000.0,23780000.0,28420000.0,26170000.0,30964000.0,554500.0,560000.0,557000.0,576000.0,0.0,0.0,0.0,0.0,0.0,0.0,0.0,0.0,2875000.0,2680000.0,2460000.0,2880000.0,3750000.0,3750000.0,3750000.0,3750000.0,1586000.0,1650000.0,1550000.0,1850000.0,40725500.0,46310000.0,43317000.0,49690000.0,48180000.0,55950000.0,51280000.0,58570000.0,0.0,0.0,0.0,0.0,0.0,0.0,0.0,0.0,48180000.0,55950000.0,51280000.0,58570000.0,0.06,0,0,1,0,3000000.0,6500000.0,0.0,0.0,0.0,0.0,56000000.0,0.0,0,0,0,0,1,0,1,1,0.0,500000.0,0.0,0.0,0.0,0.0,0.0,0.0,1,0,0,0,0,0,0
521,Micro-545,51,1,4,0,1,0,0,0,1,2008.0,2024.0,0,0,1,0,0,1,1,1,0,0,0,0,0,1.0,1.0,1.0,0,0,0,0,2475000.0,2680000.0,2850000.0,3480000.0,14200000.0,19200000.0,18720000.0,20450000.0,127000.0,141000.0,317000.0,150000.0,0.0,0.0,0.0,0.0,38400.0,38400.0,38400.0,38400.0,220000.0,450000.0,480000.0,480000.0,650000.0,650000.0,650000.0,650000.0,380000.0,280000.0,300000.0,300000.0,18090400.0,23439400.0,23355400.0,25735600.0,21080000.0,27200000.0,26800000.0,29600000.0,0.0,0.0,0.0,0.0,0.0,0.0,0.0,0.0,21080000.0,27200000.0,26800000.0,29600000.0,0.08,0,0,1,0,1650000.0,3300000.0,0.0,0.0,0.0,0.0,12200000.0,0.0,0,1,0,0,1,0,0,0,0.0,50000.0,0.0,0.0,0.0,0.0,0.0,0.0,0,0,0,0,0,0,0
522,Micro-546,48,1,4,0,1,0,0,0,1,2018.0,2024.0,0,0,1,0,0,0,1,2,0,0,0,0,0,0.0,1.0,5.0,0,0,0,3,2250000.0,2880000.0,2880000.0,5760000.0,2720000.0,3750000.0,3950000.0,6216000.0,106000.0,106000.0,132000.0,144000.0,0.0,0.0,0.0,0.0,0.0,0.0,0.0,360000.0,255000.0,340000.0,325000.0,600000.0,500000.0,500000.0,500000.0,500000.0,625000.0,925000.0,850000.0,1240000.0,6456000.0,8501000.0,8637000.0,14820000.0,7965000.0,10995000.0,12330000.0,17520000.0,0.0,0.0,0.0,0.0,0.0,0.0,0.0,0.0,7965000.0,10995000.0,12330000.0,17520000.0,0.1,0,0,1,0,1500000.0,2500000.0,0.0,0.0,0.0,0.0,8700000.0,0.0,0,1,0,0,1,0,0,0,550000.0,2200000.0,0.0,0.0,0.0,0.0,0.0,0.0,0,1,0,0,0,0,0
523,Micro-547,62,1,3,0,1,0,0,0,1,2010.0,2024.0,0,0,1,0,2,1,1,1,5,5,3,5,7,6.0,4.0,6.0,0,0,0,0,0.0,0.0,0.0,0.0,0.0,0.0,2000000.0,3500000.0,0.0,0.0,170000.0,38000.0,0.0,0.0,500000.0,0.0,0.0,0.0,0.0,0.0,0.0,0.0,30000.0,40000.0,0.0,0.0,75000.0,75000.0,0.0,0.0,100000.0,120000.0,0.0,0.0,3025000.0,3773000.0,3550000.0,5075000.0,0.0,0.0,0.0,0.0,0.0,0.0,0.0,0.0,0.0,0.0,3550000.0,5075000.0,0.0,0.0,0.8,1,0,0,0,0.0,0.0,0.0,0.0,0.0,0.0,19750000.0,0.0,0,1,0,0,1,0,1,1,0.0,0.0,300000.0,0.0,0.0,0.0,0.0,0.0,0,1,0,0,0,0,0
524,Micro-548,60,1,4,0,1,0,0,0,1,2002.0,2024.0,0,0,1,0,1,1,1,1,0,0,0,0,1,1.0,1.0,1.0,0,0,0,0,0.0,0.0,0.0,0.0,3500000.0,0.0,0.0,0.0,35000.0,0.0,0.0,0.0,0.0,0.0,0.0,0.0,0.0,0.0,0.0,0.0,50000.0,0.0,0.0,0.0,75000.0,0.0,0.0,0.0,100000.0,0.0,0.0,0.0,5960000.0,0.0,0.0,0.0,6050000.0,0.0,0.0,0.0,0.0,0.0,0.0,0.0,0.0,0.0,0.0,0.0,6050000.0,0.0,0.0,0.0,0.8,1,0,0,0,0.0,0.0,0.0,0.0,0.0,0.0,9180000.0,0.0,0,1,0,0,1,0,0,0,0.0,0.0,0.0,0.0,0.0,0.0,0.0,0.0,0,0,0,0,0,0,0
525,Micro-549,62,1,4,0,1,0,0,0,1,2019.0,2024.0,0,0,1,0,0,0,1,1,0,0,14,5,0,0.0,15.0,6.0,0,0,0,0,0.0,0.0,0.0,0.0,1500000.0,1800000.0,0.0,0.0,23000.0,30000.0,0.0,0.0,0.0,0.0,0.0,0.0,0.0,0.0,0.0,0.0,8000.0,7000.0,0.0,0.0,75000.0,75000.0,0.0,0.0,100000.0,10000.0,0.0,0.0,2106000.0,2322000.0,0.0,0.0,3000000.0,2850000.0,0.0,0.0,0.0,0.0,0.0,0.0,0.0,0.0,0.0,0.0,3000000.0,2850000.0,0.0,0.0,0.8,1,0,0,0,150000.0,500000.0,0.0,0.0,0.0,0.0,130000.0,0.0,0,0,1,0,0,1,1,0,0.0,0.0,0.0,0.0,0.0,0.0,0.0,0.0,0,0,0,0,0,0,0
526,Micro-550,49,1,5,0,1,0,0,0,1,2009.0,2024.0,0,0,1,0,0,0,0,0,10,2,1,4,10,2.0,1.0,4.0,0,0,0,0,0.0,0.0,0.0,0.0,1275000.0,0.0,0.0,0.0,42000.0,0.0,0.0,0.0,0.0,0.0,0.0,0.0,0.0,0.0,0.0,0.0,10000.0,0.0,0.0,0.0,100000.0,0.0,0.0,0.0,50000.0,0.0,0.0,0.0,1977000.0,0.0,0.0,0.0,3050000.0,0.0,0.0,0.0,0.0,0.0,0.0,0.0,0.0,0.0,0.0,0.0,3050000.0,0.0,0.0,0.0,0.0,1,0,0,0,75000.0,575000.0,0.0,0.0,0.0,0.0,8020000.0,0.0,0,0,1,0,0,1,1,0,0.0,0.0,0.0,0.0,0.0,0.0,0.0,0.0,0,0,0,0,0,0,0
527,Micro-551,56,1,4,0,1,0,0,0,1,2000.0,2024.0,0,0,1,0,0,0,1,1,0,0,3,3,0,0.0,4.0,4.0,0,0,0,0,0.0,0.0,0.0,0.0,100000.0,100000.0,50000.0,250000.0,30000.0,36000.0,24000.0,24000.0,0.0,0.0,0.0,0.0,0.0,0.0,0.0,0.0,0.0,0.0,0.0,0.0,0.0,0.0,0.0,0.0,10000.0,12000.0,10000.0,13000.0,140000.0,148000.0,84000.0,287000.0,10000.0,15000.0,16000.0,20000.0,0.0,0.0,0.0,0.0,0.0,0.0,0.0,0.0,10000.0,15000.0,16000.0,20000.0,0.0,1,0,0,0,0.0,0.0,0.0,0.0,0.0,0.0,200000.0,0.0,0,1,0,0,1,0,0,1,0.0,0.0,0.0,0.0,0.0,0.0,0.0,0.0,0,0,0,0,0,0,0
528,Micro-552,40,1,3,0,1,0,0,0,1,1994.0,2024.0,0,0,1,0,2,2,2,2,0,0,0,0,5,5.0,5.0,5.0,3,3,3,3,1000000.0,1000000.0,1860000.0,1860000.0,1124000.0,1122000.0,1154000.0,1860000.0,55500.0,56000.0,58000.0,58000.0,0.0,0.0,0.0,0.0,0.0,0.0,0.0,0.0,6500.0,7000.0,7000.0,8000.0,270000.0,270000.0,353500.0,353000.0,870000.0,900000.0,927000.0,1074700.0,3326000.0,3355000.0,4359500.0,5213700.0,3622000.0,4054000.0,4720000.0,7627000.0,0.0,0.0,0.0,0.0,0.0,0.0,0.0,0.0,3622000.0,4054000.0,4720000.0,7627000.0,0.0,0,0,0,0,0.0,0.0,0.0,0.0,0.0,0.0,7570000.0,0.0,0,1,0,1,0,0,1,0,800000.0,800000.0,750000.0,800000.0,0.0,0.0,0.0,0.0,0,1,0,0,0,0,0
529,Micro-553,52,1,4,0,1,0,0,0,1,2006.0,2024.0,0,0,1,0,1,1,1,1,0,0,0,0,6,6.0,6.0,1.0,5,5,5,0,3084000.0,2019600.0,2059200.0,2098800.0,17742000.0,19580940.0,21478080.0,23433420.0,64600.0,72000.0,74000.0,77000.0,0.0,0.0,0.0,0.0,300000.0,350000.0,400000.0,400000.0,400000.0,18000.0,18000.0,19500.0,20000.0,500000.0,500000.0,554500.0,654500.0,0.0,0.0,0.0,22265100.0,22540540.0,24529280.0,26583220.0,26236538.0,24450512.0,26220580.0,32397900.0,0.0,0.0,0.0,0.0,0.0,0.0,0.0,0.0,26236538.0,24450512.0,26220580.0,32397900.0,0.0,1,1,0,0,0.0,0.0,0.0,0.0,0.0,0.0,71520000.0,0.0,0,0,0,0,0,0,0,0,6000000.0,6000000.0,6000000.0,6000000.0,0.0,0.0,0.0,0.0,0,0,0,0,0,0,0
530,Micro-554,49,1,2,0,1,0,0,0,1,2015.0,2024.0,0,0,1,0,0,0,2,2,0,0,0,0,0,0.0,2.0,2.0,0,0,0,0,12000000.0,12000000.0,12180000.0,12180000.0,8200000.0,8200000.0,8654000.0,9937000.0,70000.0,75000.0,75500.0,77000.0,0.0,0.0,0.0,0.0,0.0,0.0,0.0,0.0,19000.0,20000.0,20000.0,21600.0,600000.0,600000.0,650000.0,654000.0,700000.0,774000.0,800000.0,874180.0,21589000.0,21669000.0,22379500.0,23743780.0,24334000.0,20540000.0,23400000.0,2712000.0,0.0,0.0,0.0,0.0,0.0,0.0,0.0,0.0,24334000.0,20540000.0,23400000.0,2712000.0,0.0,0,1,0,0,0.0,0.0,0.0,0.0,0.0,0.0,21695000.0,0.0,0,0,0,0,0,0,0,0,1000000.0,0.0,0.0,0.0,0.0,0.0,0.0,0.0,0,0,1,0,0,0,0
531,Micro-555,47,1,4,0,1,0,0,0,1,2020.0,2024.0,0,0,1,0,1,1,1,1,0,0,0,0,1,1.0,1.0,1.0,0,0,0,0,0.0,0.0,0.0,0.0,0.0,0.0,0.0,0.0,0.0,0.0,0.0,0.0,0.0,0.0,0.0,0.0,0.0,0.0,0.0,0.0,0.0,0.0,0.0,0.0,0.0,0.0,0.0,0.0,0.0,0.0,0.0,0.0,0.0,0.0,0.0,0.0,0.0,0.0,0.0,0.0,0.0,0.0,0.0,0.0,0.0,0.0,0.0,0.0,0.0,0.0,0.0,0.0,0.0,1,0,0,0,0.0,0.0,80000.0,60000.0,100000.0,400000.0,3515000.0,0.0,0,0,0,0,0,0,0,0,500000.0,0.0,0.0,0.0,0.0,0.0,0.0,0.0,0,0,0,0,0,0,0
532,Micro-556,37,1,5,0,1,0,0,0,1,2008.0,2024.0,0,0,1,0,0,0,2,2,0,0,0,0,0,0.0,2.0,2.0,0,0,0,0,0.0,0.0,0.0,0.0,0.0,0.0,0.0,180000.0,0.0,0.0,0.0,26400.0,0.0,0.0,0.0,0.0,0.0,0.0,0.0,0.0,0.0,0.0,0.0,1200.0,0.0,0.0,0.0,1000.0,0.0,0.0,0.0,1000.0,0.0,0.0,0.0,209600.0,0.0,0.0,0.0,326600.0,0.0,0.0,0.0,0.0,0.0,0.0,0.0,0.0,0.0,0.0,0.0,326600.0,0.0,1,0,0,0,8000.0,7000.0,0.0,480000.0,600000.0,960000.0,4060000.0,0.0,0,1,0,0,1,0,0,0,550000.0,550000.0,550000.0,550000.0,0.0,0.0,0.0,0.0,0,0,0,0,0,0,0
533,Micro-557,52,1,5,0,1,0,0,0,1,2019.0,2024.0,0,0,1,0,2,2,2,2,2,2,2,2,4,4.0,4.0,4.0,0,0,0,0,0.0,0.0,0.0,0.0,2000000.0,3000000.0,4800000.0,5000000.0,230000.0,310000.0,270000.0,264000.0,0.0,0.0,0.0,0.0,0.0,0.0,0.0,0.0,0.0,0.0,0.0,0.0,0.0,0.0,0.0,0.0,0.0,0.0,0.0,0.0,2230000.0,3310000.0,5070000.0,5264000.0,200000.0,350000.0,400000.0,450000.0,0.0,0.0,0.0,0.0,0.0,0.0,0.0,0.0,200000.0,350000.0,400000.0,450000.0,,0,0,0,1,0.0,0.0,350000.0,400000.0,415000.0,420000.0,2500000.0,0.0,0,0,1,0,0,1,1,1,250000.0,0.0,0.0,0.0,0.0,0.0,0.0,0.0,0,1,0,0,0,0,0
534,Micro-558,56,1,3,0,1,0,0,0,1,1993.0,2024.0,0,0,1,0,0,0,1,1,0,0,0,0,0,0.0,1.0,1.0,0,0,0,0,0.0,0.0,0.0,0.0,100000.0,300000.0,500000.0,540000.0,50000.0,100000.0,108000.0,60000.0,0.0,0.0,0.0,0.0,0.0,0.0,0.0,0.0,36000.0,36000.0,36000.0,36000.0,10000.0,30000.0,45000.0,50000.0,0.0,0.0,0.0,0.0,196000.0,466000.0,689000.0,686000.0,300000.0,750000.0,800000.0,960000.0,0.0,0.0,0.0,0.0,0.0,0.0,0.0,0.0,300000.0,750000.0,800000.0,960000.0,0.06,1,0,0,0,0.0,0.0,0.0,0.0,0.0,0.0,2200000.0,0.0,0,0,1,0,0,1,1,0,100000.0,100000.0,100000.0,100000.0,0.0,0.0,0.0,0.0,0,0,0,0,0,0,0
535,Micro-559,53,1,0,0,1,0,0,0,1,2015.0,2024.0,0,0,1,0,1,1,1,1,0,0,0,0,1,1.0,1.0,1.0,0,0,0,0,240000.0,115000.0,150000.0,180000.0,400000.0,250000.0,260000.0,360000.0,88000.0,124000.0,180000.0,126000.0,0.0,0.0,0.0,0.0,0.0,0.0,0.0,0.0,0.0,0.0,0.0,0.0,200000.0,80000.0,90000.0,100000.0,100000.0,60000.0,50000.0,72000.0,1028000.0,629000.0,730000.0,838000.0,400000.0,150000.0,200000.0,200000.0,0.0,0.0,0.0,0.0,0.0,0.0,0.0,0.0,400000.0,150000.0,200000.0,200000.0,0.15,1,0,0,0,0.0,0.0,25000.0,30000.0,40000.0,50000.0,3400000.0,0.0,0,0,1,0,0,1,1,1,50000.0,50000.0,50000.0,50000.0,0.0,0.0,0.0,0.0,0,1,0,0,0,0,0
536,Micro-560,44,1,5,0,1,0,0,0,1,1997.0,2024.0,0,0,1,0,1,1,1,1,0,0,0,0,1,1.0,1.0,1.0,0,0,0,0,0.0,0.0,0.0,0.0,0.0,48000.0,40000.0,42000.0,0.0,22000.0,25000.0,19200.0,0.0,0.0,0.0,0.0,0.0,0.0,0.0,0.0,0.0,12000.0,13000.0,12000.0,0.0,0.0,0.0,0.0,0.0,0.0,0.0,0.0,0.0,82000.0,78000.0,73200.0,0.0,59000.0,58000.0,60000.0,0.0,0.0,0.0,0.0,0.0,0.0,0.0,0.0,0.0,59000.0,58000.0,60000.0,0.3,1,0,0,0,0.0,0.0,0.0,0.0,0.0,0.0,2300000.0,0.0,0,0,1,0,0,1,1,1,1000000.0,1000000.0,1000000.0,1000000.0,0.0,0.0,0.0,0.0,0,1,0,0,0,0,0
537,Micro-561,33,1,2,0,1,0,0,0,1,2021.0,2024.0,0,0,1,0,0,0,1,1,0,0,0,0,0,0.0,1.0,1.0,0,0,0,0,0.0,0.0,0.0,0.0,225000.0,230000.0,235000.0,240000.0,2300.0,2600.0,2500.0,2400.0,0.0,0.0,0.0,0.0,0.0,0.0,0.0,0.0,10000.0,14000.0,13000.0,12000.0,0.0,0.0,0.0,0.0,105000.0,110000.0,115000.0,120000.0,342300.0,356600.0,365500.0,374400.0,350000.0,380000.0,400000.0,420000.0,0.0,0.0,0.0,0.0,0.0,0.0,0.0,0.0,350000.0,380000.0,400000.0,420000.0,0.15,1,0,0,0,0.0,0.0,180000.0,200000.0,220000.0,240000.0,8900000.0,0.0,0,0,1,0,0,1,1,1,500000.0,500000.0,100000.0,200000.0,0.0,0.0,0.0,0.0,0,0,1,0,0,0,0
538,Micro-562,63,1,3,0,1,0,0,0,1,1990.0,2024.0,0,0,1,0,1,1,1,1,0,0,0,0,1,1.0,1.0,1.0,0,0,0,0,0.0,0.0,0.0,0.0,80000.0,100000.0,110000.0,120000.0,5000.0,6000.0,6500.0,6564.0,0.0,0.0,0.0,0.0,0.0,0.0,0.0,0.0,15000.0,20000.0,25000.0,24000.0,0.0,0.0,0.0,0.0,150000.0,250000.0,300000.0,36000.0,250000.0,376000.0,441500.0,186564.0,120000.0,160000.0,170000.0,180000.0,0.0,0.0,0.0,0.0,0.0,0.0,0.0,0.0,120000.0,160000.0,170000.0,180000.0,0.9,1,0,0,0,0.0,0.0,0.0,0.0,0.0,0.0,1640000.0,0.0,0,0,1,0,0,1,1,0,50000.0,50000.0,50000.0,50000.0,0.0,0.0,0.0,0.0,0,1,0,0,1,0,0
539,Micro-563,45,1,4,0,1,0,0,0,1,2007.0,2024.0,0,0,1,0,1,1,1,1,0,0,0,0,3,3.0,1.0,1.0,2,2,0,0,150000.0,200000.0,210000.0,210000.0,10000000.0,10000000.0,11000000.0,12000000.0,170000.0,195000.0,194000.0,180000.0,0.0,0.0,0.0,0.0,0.0,0.0,0.0,0.0,90000.0,120000.0,130000.0,120000.0,0.0,0.0,0.0,0.0,50000.0,57000.0,58000.0,60000.0,10460000.0,10572000.0,11592000.0,12570000.0,1000000.0,5000000.0,5500000.0,6000000.0,0.0,0.0,0.0,0.0,0.0,0.0,0.0,0.0,1000000.0,5000000.0,5500000.0,6000000.0,0.5,1,0,0,0,0.0,0.0,0.0,0.0,0.0,0.0,1600000.0,0.0,0,0,1,0,0,0,1,1,100000.0,100000.0,100000.0,100000.0,0.0,0.0,0.0,0.0,0,0,0,0,0,0,0
540,Micro-564,49,1,4,0,1,0,0,0,1,2019.0,2024.0,0,0,1,0,2,2,2,2,0,0,0,0,2,2.0,2.0,2.0,0,0,0,0,528000.0,480000.0,0.0,396000.0,480000.0,500000.0,0.0,500000.0,30000.0,44000.0,0.0,42000.0,0.0,0.0,0.0,0.0,0.0,0.0,0.0,0.0,28000.0,40000.0,0.0,48000.0,18000.0,20000.0,0.0,24000.0,40000.0,42000.0,0.0,48000.0,1124000.0,1126000.0,0.0,1058000.0,600000.0,800000.0,0.0,1200000.0,0.0,0.0,0.0,0.0,0.0,0.0,0.0,0.0,600000.0,800000.0,0.0,1200000.0,0.1,1,0,0,0,10000.0,100000.0,0.0,0.0,0.0,600000.0,700000.0,0.0,0,0,1,0,0,1,1,0,100000.0,100000.0,100000.0,100000.0,0.0,0.0,0.0,0.0,0,1,1,0,1,0,0
541,Micro-565,37,1,4,0,1,0,0,0,1,2020.0,2024.0,0,0,1,0,2,2,2,2,0,0,0,0,2,2.0,2.0,2.0,0,0,0,0,110000.0,110000.0,55000.0,60000.0,0.0,0.0,0.0,0.0,16700.0,16700.0,42700.0,29000.0,0.0,0.0,0.0,0.0,0.0,0.0,0.0,0.0,360000.0,360000.0,480000.0,480000.0,180000.0,180000.0,240000.0,240000.0,60000.0,60000.0,60000.0,60000.0,2046700.0,1861900.0,2012900.0,2004200.0,3600000.0,3700000.0,390000.0,3400000.0,0.0,0.0,0.0,0.0,0.0,0.0,0.0,0.0,3600000.0,3700000.0,390000.0,3400000.0,0.4,1,0,0,0,97760.0,135200.0,0.0,0.0,0.0,0.0,0.0,0.0,0,0,0,0,0,0,1,0,100000.0,100000.0,100000.0,100000.0,0.0,0.0,0.0,0.0,0,1,0,0,0,0,0
542,Micro-566,43,1,4,0,1,0,0,0,1,2003.0,2024.0,0,0,1,0,3,3,3,3,0,0,0,0,3,3.0,3.0,3.0,0,0,0,0,0.0,0.0,0.0,0.0,200000.0,500000.0,700000.0,400000.0,144000.0,150000.0,160000.0,170000.0,0.0,0.0,0.0,0.0,134000.0,134000.0,134000.0,134000.0,0.0,0.0,0.0,0.0,5000.0,5000.0,5000.0,5000.0,0.0,0.0,0.0,0.0,483000.0,789000.0,999000.0,709000.0,550000.0,850000.0,1628000.0,1720000.0,0.0,0.0,0.0,0.0,0.0,0.0,0.0,0.0,550000.0,850000.0,1628000.0,1720000.0,0.5,1,0,0,0,76500.0,92000.0,0.0,0.0,0.0,0.0,150000.0,0.0,0,0,1,0,0,1,1,1,500000.0,500000.0,500000.0,500000.0,0.0,0.0,0.0,0.0,0,1,0,0,0,0,0
543,Micro-567,43,1,4,0,1,0,0,0,1,2009.0,2024.0,0,1,0,0,1,1,1,1,0,0,0,0,4,3.0,5.0,7.0,3,2,4,6,0.0,0.0,0.0,0.0,0.0,0.0,0.0,0.0,48000.0,50000.0,52000.0,47000.0,0.0,0.0,0.0,0.0,0.0,0.0,0.0,0.0,0.0,0.0,0.0,0.0,3000.0,2000.0,4000.0,5000.0,0.0,0.0,0.0,0.0,51000.0,52000.0,56000.0,52000.0,120000.0,130000.0,130000.0,125000.0,0.0,0.0,0.0,0.0,0.0,0.0,0.0,0.0,120000.0,130000.0,130000.0,125000.0,0.9,1,0,0,0,12000.0,20000.0,0.0,0.0,0.0,0.0,6000000.0,0.0,0,0,1,0,0,1,1,1,100000.0,100000.0,50000.0,50000.0,0.0,0.0,0.0,0.0,0,0,0,0,0,0,0
544,Micro-568,64,1,4,0,1,0,0,0,1,,2024.0,0,1,0,0,1,1,1,1,1,1,1,1,8,8.0,9.0,9.0,6,6,7,7,0.0,0.0,0.0,0.0,0.0,0.0,0.0,0.0,24000.0,26000.0,28000.0,30000.0,0.0,0.0,0.0,0.0,0.0,0.0,0.0,0.0,0.0,0.0,0.0,0.0,12000.0,13000.0,9000.0,8000.0,0.0,0.0,0.0,0.0,36000.0,39000.0,37000.0,38000.0,100000.0,180000.0,320000.0,400000.0,0.0,0.0,0.0,0.0,0.0,0.0,0.0,0.0,100000.0,180000.0,320000.0,400000.0,0.0,1,0,0,0,8000.0,25000.0,0.0,0.0,0.0,0.0,2500000.0,0.0,0,0,1,0,0,1,1,0,300000.0,0.0,0.0,0.0,0.0,0.0,0.0,0.0,0,0,0,0,0,0,0
545,Micro-569,58,1,4,0,1,0,0,0,1,,2024.0,0,1,0,0,1,1,1,1,0,0,0,0,2,4.0,6.0,8.0,1,3,5,7,0.0,0.0,0.0,0.0,0.0,0.0,0.0,0.0,30000.0,325000.0,400000.0,380000.0,0.0,0.0,0.0,0.0,0.0,0.0,0.0,0.0,0.0,0.0,0.0,0.0,12000.0,13000.0,14000.0,9900.0,0.0,0.0,0.0,0.0,42000.0,338000.0,414000.0,389900.0,432000.0,450000.0,480000.0,500000.0,0.0,0.0,0.0,0.0,0.0,0.0,0.0,0.0,432000.0,450000.0,480000.0,500000.0,0.8,1,0,0,0,36000.0,45000.0,0.0,0.0,0.0,0.0,550000.0,0.0,0,0,1,0,0,1,1,0,50000.0,50000.0,50000.0,50000.0,0.0,0.0,0.0,0.0,0,1,0,0,0,0,0
546,Micro-570,26,1,0,0,1,0,0,0,1,2018.0,2024.0,0,1,0,0,1,1,1,1,0,0,0,0,1,3.0,5.0,7.0,0,2,4,6,250000.0,250000.0,250000.0,250000.0,200000.0,200000.0,200000.0,200000.0,250000.0,250000.0,250000.0,250000.0,0.0,0.0,0.0,0.0,0.0,0.0,0.0,0.0,0.0,0.0,0.0,0.0,0.0,0.0,0.0,0.0,0.0,0.0,0.0,0.0,700000.0,700000.0,700000.0,700000.0,60000.0,60000.0,60000.0,60000.0,0.0,0.0,0.0,0.0,0.0,0.0,0.0,0.0,60000.0,60000.0,60000.0,60000.0,0.2,1,0,0,0,0.0,0.0,0.0,0.0,0.0,0.0,600000.0,0.0,0,0,1,0,0,1,1,0,50000.0,50000.0,50000.0,50000.0,0.0,0.0,0.0,0.0,0,0,0,0,0,0,0
547,Micro-571,44,1,3,0,1,0,0,0,1,2015.0,2024.0,0,1,0,0,1,1,1,1,0,0,0,0,1,1.0,1.0,1.0,0,0,0,0,250000.0,250000.0,250000.0,250000.0,200000.0,200000.0,200000.0,200000.0,170000.0,170000.0,170000.0,170000.0,0.0,0.0,0.0,0.0,150000.0,150000.0,150000.0,150000.0,0.0,0.0,0.0,0.0,0.0,0.0,0.0,0.0,0.0,0.0,0.0,0.0,770000.0,770000.0,770000.0,770000.0,50000.0,50000.0,50000.0,50000.0,0.0,0.0,0.0,0.0,0.0,0.0,0.0,0.0,50000.0,50000.0,50000.0,50000.0,0.0,1,0,0,0,0.0,0.0,0.0,0.0,0.0,0.0,1500000.0,0.0,0,0,1,0,0,1,1,1,100000.0,50000.0,50000.0,50000.0,0.0,0.0,0.0,0.0,0,1,0,0,0,0,0
548,Micro-572,40,1,4,0,1,0,0,0,1,2009.0,2024.0,0,1,0,0,4,1,1,1,1,1,1,1,15,12.0,12.0,12.0,10,10,10,10,4320000.0,4320000.0,4500000.0,4000000.0,1000000.0,1000000.0,1000000.0,1000000.0,2000000.0,2000000.0,2000000.0,2000000.0,0.0,0.0,0.0,0.0,0.0,0.0,0.0,0.0,0.0,0.0,0.0,0.0,0.0,0.0,0.0,0.0,1000000.0,1000000.0,1000000.0,1000000.0,8320000.0,8320000.0,8500000.0,8000000.0,1000000.0,1000000.0,1000000.0,1000000.0,0.0,0.0,0.0,0.0,0.0,0.0,0.0,0.0,1000000.0,1000000.0,1000000.0,1000000.0,0.5,0,1,0,0,0.0,0.0,0.0,0.0,0.0,0.0,6000000.0,0.0,0,0,1,0,0,1,,1,500000.0,0.0,0.0,0.0,0.0,0.0,0.0,0.0,0,1,0,0,0,0,0
549,Micro-597,40,1,3,0,0,0,1,0,1,2005.0,2024.0,0,1,0,0,1,1,1,1,10,15,15,19,11,16.0,16.0,20.0,0,0,0,0,200000.0,200000.0,200000.0,200000.0,200000.0,200000.0,200000.0,200000.0,150000.0,150000.0,150000.0,150000.0,0.0,0.0,0.0,0.0,120000.0,120000.0,120000.0,120000.0,0.0,0.0,0.0,0.0,0.0,0.0,0.0,0.0,10000.0,10000.0,10000.0,10000.0,680000.0,680000.0,680000.0,680000.0,50000.0,50000.0,50000.0,50000.0,0.0,0.0,0.0,0.0,0.0,0.0,0.0,0.0,50000.0,50000.0,50000.0,50000.0,0.11,1,1,0,0,0.0,0.0,0.0,0.0,0.0,0.0,600000.0,0.0,0,0,0,0,0,0,0,0,0.0,0.0,0.0,38000.0,0.0,0.0,0.0,25000.0,0,1,0,0,0,0,0
550,Micro-598,57,1,4,0,1,0,0,0,1,2021.0,2024.0,0,1,0,0,1,1,1,1,0,0,1,1,1,1.0,2.0,2.0,0,0,0,0,240000.0,240000.0,240000.0,240000.0,200000.0,200000.0,200000.0,200000.0,150000.0,150000.0,150000.0,150000.0,0.0,0.0,0.0,0.0,0.0,0.0,0.0,0.0,100000.0,100000.0,100000.0,100000.0,100000.0,100000.0,100000.0,100000.0,0.0,0.0,0.0,0.0,790000.0,790000.0,790000.0,790000.0,100000.0,100000.0,100000.0,100000.0,0.0,0.0,0.0,0.0,0.0,0.0,0.0,0.0,100000.0,100000.0,100000.0,100000.0,0.2,1,0,0,0,0.0,0.0,0.0,0.0,0.0,0.0,1000000.0,0.0,0,1,0,0,0,0,0,0,0.0,0.0,0.0,1200000.0,0.0,0.0,0.0,0.0,0,0,0,0,0,0,0
551,Micro-599,53,1,4,0,1,0,0,0,1,2017.0,2024.0,0,1,0,0,1,1,1,1,0,0,0,0,1,1.0,1.0,1.0,0,0,0,0,240000.0,240000.0,240000.0,240000.0,300000.0,300000.0,300000.0,300000.0,250000.0,250000.0,250000.0,250000.0,0.0,0.0,0.0,0.0,0.0,0.0,0.0,0.0,0.0,0.0,0.0,0.0,0.0,0.0,0.0,0.0,0.0,0.0,0.0,0.0,790000.0,790000.0,790000.0,790000.0,50000.0,50000.0,50000.0,50000.0,0.0,0.0,0.0,0.0,0.0,0.0,0.0,0.0,50000.0,50000.0,50000.0,50000.0,0.2,0,0,0,0,8000.0,15000.0,0.0,0.0,0.0,0.0,800000.0,0.0,0,0,0,0,0,0,0,0,0.0,0.0,0.0,105000.0,0.0,0.0,0.0,0.0,0,0,0,0,0,0,0
552,Micro-600,36,1,4,0,1,0,0,0,1,2018.0,2024.0,0,1,0,0,1,1,1,1,0,0,0,0,1,1.0,1.0,1.0,0,0,0,0,240000.0,240000.0,240000.0,240000.0,50000.0,50000.0,50000.0,50000.0,100000.0,100000.0,100000.0,100000.0,0.0,0.0,0.0,0.0,0.0,0.0,0.0,0.0,0.0,0.0,0.0,0.0,0.0,0.0,0.0,0.0,100000.0,100000.0,100000.0,100000.0,490000.0,490000.0,490000.0,490000.0,100000.0,100000.0,100000.0,100000.0,0.0,0.0,0.0,0.0,0.0,0.0,0.0,0.0,100000.0,100000.0,100000.0,100000.0,0.5,1,0,0,0,10000.0,50000.0,0.0,0.0,0.0,0.0,1000000.0,0.0,0,0,1,0,0,0,0,0,500000.0,80000.0,90000.0,1000000.0,0.0,0.0,0.0,0.0,0,0,0,0,0,0,0
553,Micro-601,43,1,4,0,1,0,0,0,1,2006.0,2024.0,0,1,0,0,1,0,0,1,0,0,0,0,3,2.0,1.0,3.0,2,2,1,2,480000.0,480000.0,240000.0,480000.0,40000.0,40000.0,40000.0,40000.0,80000.0,80000.0,80000.0,80000.0,0.0,0.0,0.0,0.0,0.0,0.0,0.0,0.0,100000.0,100000.0,100000.0,100000.0,0.0,0.0,0.0,0.0,0.0,0.0,0.0,0.0,700000.0,700000.0,460000.0,700000.0,100000.0,100000.0,100000.0,100000.0,0.0,0.0,0.0,0.0,0.0,0.0,0.0,0.0,100000.0,100000.0,100000.0,100000.0,0.2,1,0,0,0,10000.0,80000.0,0.0,0.0,0.0,0.0,700000.0,0.0,0,0,1,0,0,0,0,0,800000.0,880000.0,950000.0,1000000.0,0.0,0.0,0.0,0.0,0,0,0,0,0,0,0
554,Micro-602,63,1,2,0,1,0,0,0,1,2018.0,2024.0,0,1,0,0,1,1,1,1,2,0,0,2,2,1.0,1.0,3.0,0,0,0,0,980000.0,960000.0,100000.0,100000.0,1500000.0,0.0,0.0,0.0,100000.0,111000.0,148000.0,177000.0,0.0,0.0,0.0,0.0,480000.0,540000.0,600000.0,660000.0,0.0,0.0,0.0,0.0,0.0,0.0,0.0,0.0,0.0,25000.0,0.0,0.0,3476000.0,1636000.0,848000.0,937000.0,3600000.0,400000.0,3500000.0,420000.0,0.0,0.0,0.0,0.0,0.0,0.0,0.0,0.0,3600000.0,400000.0,3500000.0,420000.0,0.4,1,0,0,0,0.0,0.0,0.0,0.0,0.0,0.0,0.0,6000000.0,0,1,0,0,1,0,1,0,50000.0,85000.0,90000.0,100000.0,0.0,0.0,0.0,0.0,0,0,0,0,0,0,0
555,Micro-603,47,1,4,1,0,0,0,0,1,2020.0,2024.0,0,1,0,0,1,1,1,1,3,2,0,0,4,3.0,1.0,1.0,0,0,0,0,0.0,0.0,0.0,0.0,420000.0,330000.0,300000.0,320000.0,75000.0,75000.0,48000.0,113000.0,0.0,0.0,0.0,0.0,0.0,0.0,0.0,0.0,0.0,0.0,0.0,0.0,20000.0,21000.0,18000.0,15000.0,9000.0,8000.0,8000.0,10000.0,524000.0,434000.0,374000.0,458000.0,600000.0,520000.0,500000.0,615000.0,0.0,0.0,0.0,0.0,0.0,0.0,0.0,0.0,600000.0,520000.0,500000.0,615000.0,0.3,1,0,0,0,0.0,0.0,0.0,0.0,0.0,0.0,1500000.0,0.0,0,0,0,0,0,0,0,0,0.0,0.0,0.0,5000000.0,0.0,0.0,0.0,0.0,0,0,0,0,0,0,0
556,Micro-604,46,1,5,0,1,0,0,0,1,2020.0,2024.0,0,1,0,0,1,1,1,2,0,0,0,0,1,1.0,1.0,2.0,0,0,0,0,0.0,0.0,0.0,0.0,800000.0,1000000.0,1000000.0,1000000.0,117300.0,130000.0,488000.0,195000.0,0.0,0.0,0.0,0.0,0.0,0.0,0.0,0.0,8000.0,7500.0,8000.0,8500.0,15000.0,15000.0,20000.0,25000.0,0.0,0.0,0.0,0.0,940300.0,1152500.0,1626000.0,1228500.0,600000.0,7500000.0,800000.0,8500000.0,0.0,0.0,0.0,0.0,0.0,0.0,0.0,0.0,600000.0,7500000.0,800000.0,8500000.0,0.53,1,0,0,0,0.0,0.0,0.0,0.0,0.0,0.0,7500000.0,0.0,0,0,1,0,0,0,0,0,0.0,0.0,0.0,0.0,0.0,0.0,0.0,0.0,0,0,0,0,0,0,0
557,Micro-605,50,1,5,0,1,0,0,0,1,2007.0,2024.0,0,1,0,0,1,1,1,1,0,0,0,0,1,1.0,1.0,1.0,0,0,0,0,230000.0,0.0,0.0,0.0,400000.0,0.0,0.0,0.0,24000.0,19000.0,17000.0,43000.0,0.0,0.0,0.0,0.0,0.0,0.0,0.0,0.0,0.0,0.0,0.0,0.0,200000.0,300000.0,500000.0,0.0,0.0,0.0,0.0,0.0,854000.0,319000.0,517000.0,593000.0,985000.0,300000.0,320000.0,340000.0,0.0,0.0,0.0,0.0,0.0,0.0,0.0,0.0,985000.0,300000.0,320000.0,340000.0,0.62,1,0,0,0,28000.0,43000.0,0.0,0.0,0.0,0.0,1800000.0,0.0,0,0,1,0,0,1,1,0,0.0,0.0,0.0,0.0,0.0,0.0,0.0,0.0,0,1,0,0,0,0,0
558,Micro-606,51,1,3,0,1,0,0,0,1,2010.0,2024.0,0,1,0,0,2,2,2,2,0,0,0,4,2,2.0,2.0,6.0,0,0,0,0,0.0,0.0,0.0,0.0,120000.0,170000.0,190000.0,210000.0,23800.0,24000.0,26600.0,23500.0,0.0,0.0,0.0,0.0,0.0,0.0,0.0,0.0,25000.0,31000.0,28000.0,34000.0,0.0,0.0,0.0,0.0,15000.0,18000.0,12000.0,14200.0,183800.0,243000.0,256600.0,281700.0,140000.0,183000.0,180000.0,235000.0,0.0,0.0,0.0,0.0,0.0,0.0,0.0,0.0,140000.0,183000.0,180000.0,235000.0,0.3,1,0,0,0,0.0,25000.0,65000.0,65000.0,70000.0,73000.0,0.0,0.0,0,1,0,0,1,0,1,1,0.0,0.0,50000.0,300000.0,0.0,0.0,0.0,0.0,0,1,0,0,0,0,0
559,Micro-607,40,1,4,0,1,0,0,0,1,2005.0,2024.0,0,1,0,0,1,1,1,1,0,0,0,0,1,1.0,1.0,1.0,0,0,0,0,0.0,0.0,0.0,0.0,0.0,175000.0,180000.0,200000.0,0.0,5000.0,6000.0,8000.0,0.0,0.0,0.0,0.0,0.0,0.0,0.0,0.0,0.0,15000.0,20000.0,22000.0,0.0,0.0,0.0,0.0,0.0,0.0,0.0,0.0,0.0,195000.0,206000.0,230000.0,0.0,500000.0,525000.0,650000.0,0.0,0.0,0.0,0.0,0.0,0.0,0.0,0.0,0.0,500000.0,525000.0,650000.0,0.42,1,0,0,0,0.0,75000.0,0.0,0.0,0.0,0.0,0.0,0.0,0,1,0,0,1,0,1,0,0.0,1400500.0,0.0,1000000.0,0.0,0.0,0.0,0.0,0,1,0,0,0,0,0
560,Micro-608,40,1,4,0,0,0,0,1,1,2000.0,2024.0,0,1,0,0,1,2,1,1,0,0,0,0,1,2.0,1.0,1.0,0,0,0,0,960000.0,1900000.0,1200000.0,800000.0,0.0,0.0,0.0,0.0,19500.0,21100.0,23500.0,20500.0,0.0,0.0,0.0,0.0,0.0,0.0,0.0,0.0,75000.0,70000.0,800000.0,60000.0,0.0,0.0,0.0,0.0,0.0,0.0,0.0,0.0,2654500.0,3391100.0,3473500.0,2440500.0,3100000.0,3575000.0,4200000.0,3800000.0,0.0,0.0,0.0,0.0,0.0,0.0,0.0,0.0,3100000.0,3575000.0,4200000.0,3800000.0,0.45,1,0,0,0,0.0,1200000.0,0.0,0.0,0.0,0.0,0.0,0.0,1,0,0,1,0,0,1,0,200000.0,0.0,0.0,0.0,0.0,0.0,0.0,0.0,0,1,0,0,0,0,0
561,Micro-609,46,1,4,0,1,0,0,0,1,,2024.0,0,1,0,0,7,3,3,3,0,0,0,0,9,5.0,4.0,4.0,2,2,1,1,8180000.0,9250000.0,8830000.0,9670000.0,23780000.0,28420000.0,26170000.0,30964000.0,554500.0,560000.0,557000.0,576000.0,0.0,0.0,0.0,0.0,0.0,0.0,0.0,0.0,2875000.0,2680000.0,2460000.0,2880000.0,3750000.0,3750000.0,3750000.0,3750000.0,1586000.0,1650000.0,1550000.0,1850000.0,40725500.0,46310000.0,43317000.0,49690000.0,48180000.0,55950000.0,51280000.0,58570000.0,0.0,0.0,0.0,0.0,0.0,0.0,0.0,0.0,48180000.0,55950000.0,51280000.0,58570000.0,0.06,0,0,1,0,3000000.0,6500000.0,0.0,0.0,0.0,0.0,56000000.0,0.0,0,1,0,0,1,0,1,1,1800000.0,0.0,0.0,0.0,0.0,0.0,0.0,0.0,0,1,0,0,0,0,0
562,Micro-610,45,1,5,0,1,0,0,0,1,2020.0,2024.0,0,1,0,0,1,1,1,1,0,0,0,0,1,1.0,1.0,1.0,0,0,0,0,2475000.0,2680000.0,2850000.0,3480000.0,14200000.0,19200000.0,18720000.0,20450000.0,127000.0,141000.0,317000.0,150000.0,0.0,0.0,0.0,0.0,38400.0,38400.0,38400.0,38400.0,220000.0,450000.0,480000.0,480000.0,650000.0,650000.0,650000.0,650000.0,380000.0,280000.0,300000.0,300000.0,18090400.0,23439400.0,23355400.0,25735600.0,21080000.0,27200000.0,26800000.0,29600000.0,0.0,0.0,0.0,0.0,0.0,0.0,0.0,0.0,21080000.0,27200000.0,26800000.0,29600000.0,0.08,0,0,1,0,1650000.0,3300000.0,0.0,0.0,0.0,0.0,12200000.0,0.0,0,1,0,0,1,0,1,1,0.0,1000000.0,0.0,0.0,0.0,0.0,0.0,0.0,0,1,0,0,0,0,0
563,Micro-611,34,1,4,0,1,0,0,0,1,2019.0,2024.0,0,1,0,0,1,1,1,1,0,0,0,0,1,1.0,1.0,1.0,0,0,0,0,2250000.0,2880000.0,2880000.0,5760000.0,2720000.0,3750000.0,3950000.0,6216000.0,106000.0,106000.0,132000.0,144000.0,0.0,0.0,0.0,0.0,0.0,0.0,0.0,360000.0,255000.0,340000.0,325000.0,600000.0,500000.0,500000.0,500000.0,500000.0,625000.0,925000.0,850000.0,1240000.0,6456000.0,8501000.0,8637000.0,14820000.0,7965000.0,10995000.0,12330000.0,17520000.0,0.0,0.0,0.0,0.0,0.0,0.0,0.0,0.0,7965000.0,10995000.0,12330000.0,17520000.0,0.1,0,0,1,0,1500000.0,2500000.0,0.0,0.0,0.0,0.0,8700000.0,0.0,0,0,1,0,0,1,0,0,500000.0,0.0,400000.0,0.0,0.0,0.0,0.0,0.0,1,0,0,0,0,0,0
564,Micro-612,50,1,5,1,0,0,0,0,1,,2024.0,0,1,0,0,2,2,2,2,4,0,0,2,6,2.0,2.0,4.0,0,0,0,0,0.0,0.0,0.0,0.0,0.0,0.0,2000000.0,3500000.0,0.0,0.0,170000.0,38000.0,0.0,0.0,500000.0,0.0,0.0,0.0,0.0,0.0,0.0,0.0,30000.0,40000.0,0.0,0.0,75000.0,75000.0,0.0,0.0,100000.0,120000.0,0.0,0.0,3025000.0,3773000.0,3550000.0,5075000.0,0.0,0.0,0.0,0.0,0.0,0.0,0.0,0.0,0.0,0.0,3550000.0,5075000.0,0.0,0.0,0.8,1,0,0,0,0.0,0.0,0.0,0.0,0.0,0.0,19750000.0,0.0,0,1,0,0,1,0,1,0,700000.0,0.0,0.0,500000.0,0.0,0.0,0.0,0.0,0,1,0,0,0,0,0
565,Micro-613,47,1,4,0,0,1,0,0,1,2017.0,2024.0,0,1,0,0,1,1,1,1,0,0,0,0,1,1.0,1.0,1.0,0,0,0,0,0.0,0.0,0.0,0.0,3500000.0,0.0,0.0,0.0,35000.0,0.0,0.0,0.0,0.0,0.0,0.0,0.0,0.0,0.0,0.0,0.0,50000.0,0.0,0.0,0.0,75000.0,0.0,0.0,0.0,100000.0,0.0,0.0,0.0,5960000.0,0.0,0.0,0.0,6050000.0,0.0,0.0,0.0,0.0,0.0,0.0,0.0,0.0,0.0,0.0,0.0,6050000.0,0.0,0.0,0.0,0.8,1,0,0,0,0.0,0.0,0.0,0.0,0.0,0.0,9180000.0,0.0,1,0,0,0,1,0,1,0,0.0,0.0,0.0,0.0,0.0,0.0,0.0,0.0,1,0,0,0,0,0,0
566,Micro-614,0,1,0,0,1,1,0,0,1,2020.0,2024.0,0,0,1,0,1,1,1,1,0,0,0,0,1,1.0,1.0,1.0,0,0,0,0,0.0,0.0,0.0,0.0,1500000.0,1800000.0,0.0,0.0,23000.0,30000.0,0.0,0.0,0.0,0.0,0.0,0.0,0.0,0.0,0.0,0.0,8000.0,7000.0,0.0,0.0,75000.0,75000.0,0.0,0.0,100000.0,10000.0,0.0,0.0,2106000.0,2322000.0,0.0,0.0,3000000.0,2850000.0,0.0,0.0,0.0,0.0,0.0,0.0,0.0,0.0,0.0,0.0,3000000.0,2850000.0,0.0,0.0,0.8,1,0,0,0,150000.0,500000.0,0.0,0.0,0.0,0.0,130000.0,0.0,1,0,0,0,1,0,1,1,0.0,0.0,0.0,0.0,0.0,0.0,0.0,0.0,0,0,0,0,0,0,0
567,Micro-615,49,1,2,0,1,0,0,0,1,,2024.0,0,0,1,0,1,1,1,1,0,0,0,0,1,1.0,1.0,1.0,0,0,0,0,0.0,0.0,0.0,0.0,1275000.0,0.0,0.0,0.0,42000.0,0.0,0.0,0.0,0.0,0.0,0.0,0.0,0.0,0.0,0.0,0.0,10000.0,0.0,0.0,0.0,100000.0,0.0,0.0,0.0,50000.0,0.0,0.0,0.0,1977000.0,0.0,0.0,0.0,3050000.0,0.0,0.0,0.0,0.0,0.0,0.0,0.0,0.0,0.0,0.0,0.0,3050000.0,0.0,0.0,0.0,0.0,1,0,0,0,75000.0,575000.0,0.0,0.0,0.0,0.0,8020000.0,0.0,1,0,0,1,0,0,1,0,0.0,0.0,0.0,700000.0,0.0,0.0,0.0,0.0,0,0,0,0,0,0,0
568,Micro-616,59,1,1,0,1,0,0,0,1,,2024.0,0,0,1,0,2,2,2,2,0,0,0,0,2,2.0,2.0,2.0,0,0,0,0,0.0,0.0,0.0,0.0,975000.0,850000.0,0.0,0.0,325000.0,280000.0,0.0,0.0,0.0,0.0,0.0,0.0,0.0,0.0,0.0,0.0,250000.0,250000.0,0.0,0.0,125000.0,125000.0,0.0,0.0,75000.0,75000.0,0.0,0.0,2150000.0,2080000.0,0.0,0.0,3530000.0,40000000.0,0.0,0.0,0.0,0.0,0.0,0.0,0.0,0.0,0.0,0.0,3530000.0,40000000.0,0.0,0.0,0.0,1,0,0,0,0.0,0.0,0.0,0.0,0.0,0.0,7625000.0,0.0,0,1,0,0,1,0,0,1,0.0,0.0,0.0,0.0,0.0,0.0,0.0,0.0,0,0,0,0,0,0,0
569,Micro-617,39,1,5,0,0,1,0,0,1,,2024.0,0,0,1,0,1,1,1,1,0,0,0,0,1,1.0,1.0,1.0,0,0,0,0,216000.0,156000.0,204000.0,480000.0,252000.0,204000.0,240000.0,780000.0,31200.0,20160.0,27600.0,63000.0,0.0,0.0,0.0,0.0,0.0,0.0,0.0,0.0,0.0,0.0,0.0,0.0,0.0,0.0,0.0,0.0,0.0,0.0,0.0,0.0,499200.0,380160.0,471600.0,1323000.0,1500000.0,1020000.0,1944000.0,2838000.0,0.0,0.0,0.0,0.0,0.0,0.0,0.0,0.0,1500000.0,1020000.0,1944000.0,2838000.0,0.25,1,0,0,0,80000.0,240000.0,0.0,0.0,0.0,0.0,0.0,0.0,0,1,0,0,1,0,0,0,0.0,0.0,0.0,0.0,0.0,0.0,0.0,0.0,0,0,0,0,0,0,0
570,Micro-618,53,1,5,0,1,0,0,0,1,2020.0,2024.0,0,0,1,0,2,2,2,2,0,0,0,0,2,2.0,2.0,2.0,0,0,0,0,0.0,0.0,0.0,0.0,0.0,0.0,0.0,0.0,0.0,0.0,0.0,0.0,0.0,0.0,0.0,0.0,0.0,0.0,0.0,0.0,0.0,0.0,0.0,0.0,0.0,0.0,0.0,0.0,0.0,0.0,0.0,0.0,0.0,0.0,0.0,0.0,0.0,0.0,0.0,0.0,0.0,0.0,0.0,0.0,0.0,0.0,0.0,0.0,0.0,0.0,0.0,0.0,0.0,0,0,0,0,0.0,0.0,0.0,0.0,0.0,0.0,0.0,0.0,0,1,0,0,1,0,0,0,0.0,0.0,0.0,0.0,0.0,0.0,0.0,0.0,0,0,0,0,0,0,0
571,Micro-619,51,1,6,0,1,0,0,0,1,2021.0,2024.0,0,0,1,0,2,2,1,1,0,0,0,0,2,2.0,1.0,1.0,0,0,0,0,249600.0,216000.0,264000.0,312000.0,72000.0,36000.0,60000.0,90000.0,0.0,0.0,0.0,0.0,0.0,0.0,0.0,0.0,0.0,0.0,0.0,0.0,0.0,0.0,0.0,0.0,48000.0,24000.0,72000.0,96000.0,0.0,0.0,0.0,0.0,369600.0,276000.0,396000.0,498000.0,444000.0,324000.0,432000.0,588000.0,0.0,0.0,0.0,0.0,0.0,0.0,0.0,0.0,444000.0,324000.0,432000.0,588000.0,0.12,1,0,0,0,41000.0,51000.0,20000.0,20000.0,42000.0,47000.0,0.0,0.0,0,1,0,0,1,0,1,1,0.0,0.0,0.0,0.0,0.0,0.0,0.0,0.0,0,0,0,0,0,0,0
572,Micro-620,46,1,5,0,1,0,0,0,1,2017.0,2024.0,0,0,1,0,2,2,2,2,0,0,0,0,2,2.0,2.0,2.0,0,0,0,0,2400000.0,7200000.0,8100000.0,7980000.0,1200000.0,6000000.0,6000000.0,9600000.0,72000.0,156000.0,156000.0,198000.0,0.0,0.0,0.0,0.0,3600.0,3600.0,3600.0,14400.0,540000.0,108000.0,108000.0,180000.0,0.0,0.0,0.0,0.0,0.0,0.0,0.0,0.0,4215600.0,13467600.0,14367600.0,17972400.0,750000.0,1300000.0,1400000.0,1745000.0,0.0,0.0,0.0,0.0,0.0,0.0,0.0,0.0,750000.0,1300000.0,1400000.0,1745000.0,0.03,0,0,1,0,0.0,0.0,0.0,0.0,0.0,0.0,0.0,0.0,0,0,1,0,0,1,1,1,0.0,0.0,0.0,0.0,0.0,0.0,0.0,0.0,0,0,0,0,0,0,0
573,Micro-621,32,1,5,0,0,0,0,1,1,2013.0,2024.0,0,0,1,0,2,2,2,2,0,0,0,0,2,2.0,2.0,2.0,0,0,0,0,0.0,0.0,0.0,0.0,100000.0,100000.0,50000.0,250000.0,30000.0,36000.0,24000.0,24000.0,0.0,0.0,0.0,0.0,0.0,0.0,0.0,0.0,0.0,0.0,0.0,0.0,0.0,0.0,0.0,0.0,10000.0,12000.0,10000.0,13000.0,140000.0,148000.0,84000.0,287000.0,10000.0,15000.0,16000.0,20000.0,0.0,0.0,0.0,0.0,0.0,0.0,0.0,0.0,10000.0,15000.0,16000.0,20000.0,0.0,1,0,0,0,0.0,0.0,0.0,0.0,0.0,0.0,200000.0,0.0,0,1,0,0,1,0,1,1,50000.0,75000.0,100000.0,200000.0,0.0,0.0,0.0,0.0,0,0,0,0,0,0,0
574,Micro-622,54,1,5,0,1,1,0,0,1,2015.0,2024.0,0,0,1,0,1,1,1,1,0,0,0,0,1,1.0,1.0,1.0,0,0,0,0,120000.0,120000.0,150000.0,150000.0,0.0,0.0,0.0,0.0,60000.0,60000.0,48000.0,24000.0,0.0,0.0,0.0,0.0,0.0,0.0,0.0,0.0,12000.0,12000.0,24000.0,12000.0,0.0,0.0,0.0,0.0,0.0,0.0,0.0,0.0,192000.0,192000.0,222000.0,186000.0,0.0,0.0,96000.0,1000000.0,0.0,0.0,0.0,0.0,0.0,0.0,0.0,0.0,0.0,0.0,96000.0,1000000.0,0.0,1,0,0,0,0.0,0.0,0.0,0.0,0.0,0.0,710000.0,0.0,0,1,0,0,1,0,0,0,10000000.0,50000.0,850000.0,60000.0,0.0,0.0,0.0,0.0,1,0,0,0,0,0,0
575,Micro-623,40,1,4,0,1,0,0,0,1,2014.0,2024.0,0,0,1,0,1,1,1,1,0,0,0,0,1,1.0,1.0,1.0,0,0,0,0,48000.0,50000.0,30000.0,15000.0,0.0,0.0,0.0,0.0,15000.0,12000.0,11000.0,10000.0,0.0,0.0,0.0,0.0,0.0,0.0,0.0,0.0,0.0,0.0,0.0,0.0,0.0,0.0,0.0,0.0,20000.0,15000.0,0.0,10000.0,83000.0,77000.0,126000.0,120000.0,0.0,0.0,0.0,0.0,0.0,0.0,0.0,0.0,0.0,0.0,0.0,0.0,0.0,0.0,0.0,0.0,0.0,1,0,0,0,160000.0,275000.0,48000.0,50000.0,30000.0,15000.0,8000000.0,9000000.0,0,1,0,0,1,0,1,1,0.0,0.0,0.0,0.0,0.0,0.0,0.0,0.0,0,0,0,0,0,0,0
576,Micro-624,63,1,4,0,1,0,0,0,1,2020.0,2024.0,0,0,1,0,3,3,3,3,0,0,0,0,3,3.0,3.0,3.0,0,0,0,0,144000.0,180000.0,180000.0,0.0,500000.0,500000.0,400000.0,800000.0,30000.0,35000.0,36000.0,25000.0,0.0,0.0,0.0,0.0,0.0,0.0,0.0,0.0,0.0,0.0,0.0,0.0,0.0,0.0,0.0,0.0,10000.0,12000.0,16000.0,15000.0,684000.0,727000.0,632000.0,840000.0,0.0,0.0,0.0,0.0,0.0,0.0,0.0,0.0,0.0,0.0,0.0,0.0,0.0,0.0,0.0,0.0,0.0,1,0,0,0,2000000.0,7000000.0,144000.0,180000.0,180000.0,0.0,8200000.0,0.0,0,1,0,0,0,1,1,1,500000.0,100000.0,250000.0,350000.0,0.0,0.0,0.0,0.0,0,0,0,0,0,0,0
577,Micro-625,52,1,4,0,1,0,0,0,1,2018.0,2024.0,0,0,1,0,1,1,1,1,0,0,0,0,1,1.0,1.0,1.0,0,0,0,0,2880000.0,3050000.0,3120000.0,3800000.0,5000000.0,1500000.0,7000000.0,15000000.0,207000.0,244000.0,232000.0,396000.0,0.0,0.0,0.0,0.0,0.0,0.0,0.0,0.0,0.0,0.0,527579.0,677946.0,0.0,0.0,0.0,2850000.0,0.0,0.0,0.0,0.0,8087000.0,4794000.0,10879579.0,25357622.0,20150000.0,8000000.0,15000000.0,25000000.0,0.0,0.0,0.0,0.0,0.0,0.0,0.0,0.0,20150000.0,8000000.0,15000000.0,25000000.0,0.05,0,0,1,1,,,0.0,0.0,0.0,0.0,70000000.0,0.0,0,1,0,0,1,0,1,0,150000.0,175000.0,190000.0,220000.0,0.0,0.0,0.0,0.0,0,0,0,0,0,0,0
578,Micro-626,45,1,4,0,1,1,0,0,1,2006.0,2024.0,0,0,1,0,1,1,1,1,0,0,0,0,1,1.0,1.0,1.0,0,0,0,0,120000.0,120000.0,120000.0,120000.0,100000.0,100000.0,100000.0,100000.0,100000.0,100000.0,100000.0,100000.0,0.0,0.0,0.0,0.0,0.0,0.0,0.0,0.0,50000.0,50000.0,50000.0,50000.0,0.0,0.0,0.0,0.0,0.0,0.0,0.0,0.0,370000.0,370000.0,370000.0,370000.0,50000.0,50000.0,50000.0,50000.0,0.0,0.0,0.0,0.0,0.0,0.0,0.0,0.0,50000.0,50000.0,50000.0,50000.0,0.1,1,0,0,0,10000.0,30000.0,0.0,0.0,0.0,0.0,2100000.0,0.0,0,0,0,0,1,0,1,1,0.0,500000.0,0.0,0.0,0.0,0.0,0.0,0.0,1,0,0,0,0,0,0
579,Micro-627,37,1,3,0,1,0,1,0,1,2019.0,2024.0,0,0,1,0,0,0,0,4,0,0,0,0,0,0.0,0.0,4.0,0,0,0,0,12000.0,12000.0,15000.0,15000.0,10000.0,10000.0,12000.0,12000.0,5000.0,5000.0,5000.0,5000.0,0.0,0.0,0.0,0.0,0.0,0.0,0.0,0.0,10000.0,10000.0,12000.0,12000.0,0.0,0.0,0.0,0.0,2000.0,2000.0,3000.0,3000.0,39000.0,39000.0,47000.0,47000.0,100000.0,100000.0,100000.0,100000.0,10000.0,10000.0,10000.0,10000.0,0.0,0.0,0.0,0.0,110000.0,110000.0,110000.0,110000.0,0.15,1,0,0,0,10000.0,18000.0,0.0,0.0,0.0,10000.0,250000.0,0.0,0,0,1,0,0,1,1,1,1000000.0,1000000.0,1000000.0,1000000.0,0.0,0.0,0.0,0.0,0,1,1,0,0,0,0
580,Micro-628,48,1,4,0,1,0,0,0,1,2019.0,2024.0,0,0,1,0,2,1,1,1,0,0,0,0,2,1.0,1.0,1.0,0,0,0,0,360000.0,400000.0,350000.0,360000.0,400000.0,300000.0,150000.0,400000.0,200000.0,200000.0,150000.0,200000.0,0.0,0.0,0.0,0.0,0.0,0.0,0.0,0.0,600000.0,600000.0,600000.0,600000.0,0.0,0.0,0.0,0.0,0.0,0.0,0.0,0.0,1560000.0,1500000.0,1250000.0,1560000.0,0.0,0.0,0.0,0.0,0.0,0.0,0.0,0.0,0.0,0.0,0.0,0.0,100000.0,100000.0,100000.0,100000.0,0.3,1,0,0,0,10000.0,50000.0,0.0,0.0,0.0,0.0,6800000.0,0.0,0,0,1,0,0,1,1,,50000.0,50000.0,50000.0,50000.0,0.0,0.0,0.0,0.0,0,0,0,1,1,0,0
581,Micro-629,43,1,4,0,1,0,1,0,1,2021.0,2024.0,0,0,1,0,0,2,2,5,0,10,10,10,10,22.0,22.0,25.0,10,10,10,10,3000000.0,3000000.0,3000000.0,3000000.0,1000000.0,1000000.0,1000000.0,1000000.0,2000000.0,2000000.0,2000000.0,2000000.0,0.0,0.0,0.0,0.0,0.0,0.0,0.0,0.0,0.0,0.0,0.0,0.0,0.0,0.0,0.0,0.0,1000000.0,1000000.0,1000000.0,1000000.0,7000000.0,7000000.0,7000000.0,7000000.0,1000000.0,1000000.0,1000000.0,1000000.0,0.0,0.0,0.0,0.0,0.0,0.0,0.0,0.0,1000000.0,1000000.0,1000000.0,1000000.0,0.5,0,1,0,0,30000.0,80000.0,0.0,0.0,0.0,0.0,10000000.0,0.0,0,1,0,1,0,0,1,1,1000000.0,0.0,0.0,0.0,0.0,0.0,0.0,0.0,0,0,0,0,0,0,0
582,Micro-630,56,1,2,0,1,0,0,0,1,2020.0,2024.0,0,0,1,0,2,3,3,5,0,0,0,0,2,3.0,3.0,5.0,0,0,0,0,5000000.0,5000000.0,5000000.0,5000000.0,3000000.0,3000000.0,3000000.0,3000000.0,3000000.0,3000000.0,3000000.0,3000000.0,0.0,0.0,0.0,0.0,0.0,0.0,0.0,0.0,2000000.0,2000000.0,2000000.0,2000000.0,0.0,0.0,0.0,0.0,1000000.0,1000000.0,1000000.0,1000000.0,14000000.0,14000000.0,14000000.0,14000000.0,5000000.0,5000000.0,5000000.0,5000000.0,0.0,0.0,0.0,0.0,0.0,0.0,0.0,0.0,5000000.0,5000000.0,5000000.0,5000000.0,0.5,0,1,1,0,400000.0,1000000.0,0.0,0.0,0.0,0.0,5000000.0,0.0,1,0,0,1,0,0,1,1,6300000.0,0.0,0.0,0.0,0.0,0.0,0.0,0.0,0,1,0,0,0,0,0
583,Micro-631,36,1,4,0,1,0,0,0,1,,2024.0,0,0,1,0,4,0,0,2,0,0,0,0,4,0.0,0.0,2.0,0,0,0,0,300000.0,300000.0,300000.0,300000.0,300000.0,300000.0,300000.0,300000.0,100000.0,100000.0,100000.0,100000.0,0.0,0.0,0.0,0.0,0.0,0.0,0.0,0.0,80000.0,80000.0,80000.0,80000.0,0.0,0.0,0.0,0.0,0.0,0.0,0.0,0.0,780000.0,780000.0,780000.0,780000.0,100000.0,100000.0,100000.0,100000.0,0.0,0.0,0.0,0.0,0.0,0.0,0.0,0.0,100000.0,100000.0,100000.0,100000.0,0.3,1,0,0,0,100000.0,30000.0,0.0,0.0,0.0,0.0,2100000.0,0.0,0,0,1,0,0,1,1,1,500000.0,0.0,0.0,0.0,0.0,0.0,0.0,0.0,0,0,0,0,0,0,0
584,Micro-632,52,1,4,0,1,1,1,0,1,1980.0,2024.0,0,0,1,0,1,0,0,1,0,0,0,0,1,0.0,0.0,1.0,0,0,0,0,240000.0,240000.0,240000.0,240000.0,200000.0,200000.0,200000.0,200000.0,150000.0,150000.0,150000.0,150000.0,0.0,0.0,0.0,0.0,0.0,0.0,0.0,0.0,0.0,0.0,0.0,0.0,0.0,0.0,0.0,0.0,0.0,0.0,0.0,0.0,590000.0,590000.0,590000.0,590000.0,100000.0,100000.0,100000.0,100000.0,0.0,0.0,0.0,0.0,0.0,0.0,0.0,0.0,100000.0,100000.0,100000.0,100000.0,0.2,1,0,0,0,10000.0,50000.0,0.0,0.0,0.0,0.0,1000000.0,0.0,0,0,1,0,0,1,1,0,100000.0,100000.0,100000.0,100000.0,0.0,0.0,0.0,0.0,0,1,0,1,1,0,0
585,Micro-633,4,1,4,0,1,0,0,0,1,2011.0,2024.0,0,0,1,0,3,0,0,4,0,0,0,0,3,0.0,0.0,4.0,0,0,0,0,24000.0,24000.0,24000.0,24000.0,15000.0,15000.0,15000.0,15000.0,50000.0,50000.0,50000.0,50000.0,0.0,0.0,0.0,0.0,0.0,0.0,0.0,0.0,15000.0,15000.0,15000.0,15000.0,0.0,0.0,0.0,0.0,0.0,0.0,0.0,0.0,104000.0,104000.0,104000.0,104000.0,50000.0,50000.0,50000.0,50000.0,0.0,0.0,0.0,0.0,0.0,0.0,0.0,0.0,50000.0,50000.0,50000.0,50000.0,0.2,1,0,0,0,0.0,0.0,0.0,0.0,0.0,0.0,500000.0,0.0,0,0,1,0,0,1,1,0,100000.0,100000.0,100000.0,100000.0,0.0,0.0,0.0,0.0,0,0,0,0,0,0,0
586,Micro-634,46,1,4,1,0,0,0,0,1,2005.0,2024.0,0,0,1,0,5,5,5,5,0,0,0,0,5,5.0,5.0,5.0,0,0,0,0,250000.0,300000.0,300000.0,300000.0,0.0,0.0,0.0,0.0,25000.0,30000.0,38000.0,39000.0,0.0,0.0,0.0,0.0,0.0,0.0,0.0,0.0,10000.0,20000.0,20000.0,20000.0,2000.0,3000.0,3000.0,4000.0,1000.0,2000.0,1000.0,3000.0,288000.0,355000.0,362000.0,366000.0,488000.0,464000.0,572000.0,666000.0,0.0,0.0,0.0,0.0,0.0,0.0,0.0,0.0,488000.0,464000.0,572000.0,666000.0,0.4,0,1,0,0,12000.0,18000.0,45000.0,45000.0,45000.0,45000.0,3580000.0,0.0,0,1,0,0,1,0,0,1,0.0,0.0,0.0,0.0,0.0,0.0,0.0,0.0,0,0,0,0,0,0,0
587,Micro-635,36,1,5,0,1,0,1,0,1,2005.0,2024.0,0,0,1,0,3,1,1,3,0,0,0,0,3,1.0,1.0,3.0,0,0,0,0,0.0,0.0,900000.0,900000.0,0.0,0.0,0.0,0.0,0.0,0.0,20500.0,23700.0,0.0,0.0,0.0,0.0,0.0,0.0,60000.0,60000.0,0.0,0.0,120000.0,120000.0,0.0,0.0,50000.0,50000.0,0.0,0.0,0.0,0.0,0.0,0.0,1734500.0,1731700.0,0.0,0.0,120000.0,120000.0,0.0,0.0,0.0,0.0,0.0,0.0,0.0,0.0,0.0,0.0,120000.0,120000.0,0.9,1,0,0,0,30000.0,90000.0,0.0,0.0,480000.0,0.0,5800000.0,0.0,0,0,0,0,0,0,,,0.0,0.0,0.0,0.0,0.0,0.0,0.0,0.0,0,0,0,0,0,0,0
588,Micro-636,57,1,4,0,1,0,0,0,1,2017.0,2024.0,0,0,1,0,19,8,7,8,0,0,0,0,19,8.0,7.0,8.0,0,0,0,0,0.0,0.0,0.0,0.0,60000.0,60000.0,60000.0,60000.0,36000.0,42000.0,36000.0,42000.0,0.0,0.0,0.0,0.0,0.0,0.0,0.0,0.0,60000.0,60000.0,60000.0,80000.0,0.0,0.0,0.0,0.0,0.0,0.0,0.0,0.0,156000.0,162000.0,156000.0,182000.0,0.0,0.0,480000.0,540000.0,0.0,0.0,0.0,0.0,0.0,0.0,0.0,0.0,0.0,0.0,480000.0,540000.0,0.95,1,0,0,0,22000.0,45000.0,0.0,0.0,0.0,0.0,1430000.0,0.0,1,0,0,0,1,0,1,0,0.0,0.0,0.0,0.0,0.0,0.0,0.0,0.0,1,0,0,0,0,0,0
589,Micro-637,45,1,5,0,1,0,0,0,1,2014.0,2024.0,0,0,1,0,1,1,1,1,4,0,0,0,5,1.0,1.0,1.0,0,0,0,0,500000.0,500000.0,400000.0,500000.0,400000.0,400000.0,400000.0,400000.0,100000.0,100000.0,100000.0,100000.0,0.0,0.0,0.0,0.0,0.0,0.0,0.0,0.0,100000.0,100000.0,100000.0,100000.0,0.0,0.0,0.0,0.0,100000.0,100000.0,100000.0,100000.0,1200000.0,1200000.0,1100000.0,1200000.0,100000.0,100000.0,100000.0,100000.0,0.0,0.0,0.0,0.0,0.0,0.0,0.0,0.0,100000.0,100000.0,100000.0,100000.0,0.2,1,0,0,0,0.0,10000.0,0.0,0.0,0.0,0.0,300000.0,0.0,1,0,0,0,1,0,1,1,0.0,0.0,0.0,0.0,0.0,0.0,0.0,0.0,0,0,0,0,0,0,0
590,Micro-638,59,1,5,0,1,1,0,0,1,2016.0,2024.0,0,0,1,0,1,0,0,1,0,0,0,0,1,0.0,0.0,1.0,0,0,0,0,24000.0,24000.0,24000.0,24000.0,0.0,0.0,0.0,0.0,150000.0,140000.0,140000.0,140000.0,40000.0,0.0,0.0,0.0,0.0,0.0,0.0,0.0,30000.0,30000.0,30000.0,30000.0,0.0,0.0,0.0,0.0,10000.0,10000.0,10000.0,10000.0,254000.0,204000.0,204000.0,204000.0,50000.0,50000.0,50000.0,50000.0,0.0,0.0,0.0,0.0,0.0,0.0,0.0,0.0,50000.0,50000.0,50000.0,50000.0,0.2,1,0,0,0,10000.0,20000.0,0.0,0.0,0.0,0.0,1600000.0,0.0,1,0,0,1,0,0,1,0,0.0,0.0,0.0,700000.0,0.0,0.0,0.0,0.0,0,0,0,0,0,0,0
591,1-Mi,51,1,4,0,1,0,0,0,1,2015.0,2020.0,1,1,0,0,1,1,1,1,0,0,0,0,1,1.0,1.0,1.0,0,0,0,0,108000.0,0.0,0.0,0.0,6500.0,0.0,0.0,0.0,7700.0,0.0,0.0,0.0,0.0,0.0,0.0,0.0,0.0,0.0,0.0,0.0,5000.0,0.0,0.0,0.0,0.0,0.0,0.0,0.0,0.0,0.0,0.0,0.0,127200.0,0.0,0.0,0.0,185000.0,0.0,0.0,0.0,0.0,0.0,0.0,0.0,0.0,0.0,0.0,0.0,185000.0,0.0,0.0,0.0,0.7,1,1,0,0,2000.0,6400.0,300000.0,275000.0,225000.0,325000.0,0.0,0.0,0,0,0,0,0,1,0,0,50000.0,0.0,0.0,0.0,0.0,0.0,0.0,0.0,0,0,0,0,0,0,0
592,2-Mi,55,1,5,0,1,0,0,0,1,2013.0,2021.0,1,1,0,0,1,1,0,0,0,0,0,0,3,2.0,0.0,0.0,2,1,0,0,280000.0,200000.0,0.0,0.0,100000.0,50000.0,0.0,0.0,90000.0,60000.0,0.0,0.0,0.0,0.0,0.0,0.0,180000.0,180000.0,0.0,0.0,0.0,0.0,0.0,0.0,0.0,0.0,0.0,0.0,0.0,0.0,0.0,0.0,650000.0,490000.0,0.0,0.0,50000.0,30000.0,0.0,0.0,0.0,0.0,0.0,0.0,0.0,0.0,0.0,0.0,50000.0,30000.0,0.0,0.0,0.2,1,1,0,0,0.0,0.0,0.0,0.0,0.0,0.0,1000000.0,0.0,0,0,1,0,0,1,1,0,80000.0,50000.0,0.0,0.0,0.0,0.0,0.0,0.0,0,1,0,0,0,0,0
593,3-Mi,54,1,1,0,1,0,0,0,1,2020.0,2022.0,1,1,0,0,1,1,1,1,0,0,0,0,3,3.0,2.0,2.0,2,2,1,1,300000.0,300000.0,300000.0,0.0,100000.0,100000.0,100000.0,0.0,100000.0,100000.0,100000.0,0.0,0.0,0.0,0.0,0.0,0.0,0.0,0.0,0.0,0.0,0.0,0.0,0.0,0.0,0.0,0.0,0.0,0.0,0.0,0.0,0.0,500000.0,500000.0,500000.0,0.0,50000.0,40000.0,30000.0,0.0,0.0,0.0,0.0,0.0,0.0,0.0,0.0,0.0,50000.0,40000.0,30000.0,0.0,0.3,1,0,0,0,0.0,0.0,0.0,0.0,0.0,0.0,500000.0,0.0,0,0,0,0,0,0,1,0,50000.0,40000.0,20000.0,0.0,0.0,0.0,0.0,0.0,0,0,1,0,0,0,0
594,4-Mi,50,1,3,0,1,0,0,0,1,2020.0,,1,1,0,0,1,1,1,1,0,0,0,0,3,3.0,3.0,2.0,2,2,2,1,250000.0,280000.0,250000.0,200000.0,100000.0,100000.0,100000.0,100000.0,60000.0,60000.0,60000.0,60000.0,0.0,0.0,0.0,0.0,0.0,0.0,0.0,0.0,0.0,0.0,0.0,0.0,0.0,0.0,0.0,0.0,0.0,0.0,0.0,0.0,410000.0,440000.0,410000.0,360000.0,50000.0,50000.0,50000.0,50000.0,0.0,0.0,0.0,0.0,0.0,0.0,0.0,0.0,50000.0,50000.0,50000.0,50000.0,0.2,1,0,0,0,0.0,0.0,0.0,0.0,0.0,0.0,1000000.0,0.0,0,0,1,0,0,0,1,0,100000.0,100000.0,50000.0,50000.0,0.0,0.0,0.0,0.0,0,1,0,0,0,0,0
595,5-Mi,54,1,4,0,1,1,0,0,1,2012.0,2020.0,1,1,0,0,2,0,0,0,0,0,0,0,2,0.0,0.0,0.0,0,0,0,0,0.0,0.0,0.0,0.0,1400000.0,0.0,0.0,0.0,3000.0,0.0,0.0,0.0,0.0,0.0,0.0,0.0,15000.0,0.0,0.0,0.0,25000.0,0.0,0.0,0.0,0.0,0.0,0.0,0.0,20000.0,0.0,0.0,0.0,1463000.0,0.0,0.0,0.0,1680000.0,0.0,0.0,0.0,0.0,0.0,0.0,0.0,0.0,0.0,0.0,0.0,1680000.0,0.0,0.0,0.0,0.6,0,0,1,0,20000.0,30000.0,1680000.0,1500000.0,1800000.0,1600000.0,5120000.0,0.0,,,,,,,,,0.0,0.0,0.0,0.0,0.0,0.0,0.0,0.0,,,,,,,
596,6-Mi,43,1,3,0,1,0,0,0,0,2018.0,2020.0,1,1,0,0,1,1,1,1,0,0,0,0,1,1.0,1.0,1.0,0,0,0,0,0.0,0.0,0.0,0.0,0.0,0.0,0.0,0.0,0.0,0.0,0.0,0.0,0.0,0.0,0.0,0.0,0.0,0.0,0.0,0.0,0.0,0.0,0.0,0.0,0.0,0.0,0.0,0.0,0.0,0.0,0.0,0.0,0.0,0.0,0.0,0.0,0.0,0.0,0.0,0.0,0.0,0.0,0.0,0.0,0.0,0.0,0.0,0.0,0.0,0.0,0.0,0.0,0.0,1,0,0,0,0.0,0.0,120000.0,135000.0,110000.0,110000.0,150000.0,0.0,0,0,0,0,0,1,0,0,0.0,0.0,0.0,0.0,0.0,0.0,0.0,0.0,0,0,0,0,0,0,0
597,7-Mi,50,1,5,0,1,0,0,0,1,2018.0,2021.0,1,1,0,0,1,1,1,1,0,0,0,0,1,1.0,1.0,1.0,0,0,0,0,0.0,0.0,0.0,0.0,56000.0,0.0,0.0,0.0,21000.0,0.0,0.0,0.0,0.0,0.0,0.0,0.0,0.0,0.0,0.0,0.0,12000.0,0.0,0.0,0.0,0.0,0.0,0.0,0.0,0.0,0.0,0.0,0.0,89000.0,0.0,0.0,0.0,102000.0,0.0,0.0,0.0,0.0,0.0,0.0,0.0,0.0,0.0,0.0,0.0,102000.0,0.0,0.0,0.0,0.65,1,0,0,0,3000.0,5000.0,216000.0,235000.0,250000.0,245000.0,3650000.0,0.0,0,0,0,0,0,1,0,0,100000.0,0.0,0.0,0.0,100000.0,0.0,0.0,0.0,0,0,0,0,0,0,0
598,8-Mi,38,1,4,0,0,0,0,1,1,2013.0,2020.0,1,1,0,0,2,0,0,0,0,0,0,0,2,0.0,0.0,0.0,0,0,0,0,240000.0,0.0,0.0,0.0,0.0,0.0,0.0,0.0,70000.0,0.0,0.0,0.0,0.0,0.0,0.0,0.0,0.0,0.0,0.0,0.0,0.0,0.0,0.0,0.0,0.0,0.0,0.0,0.0,0.0,0.0,0.0,0.0,310000.0,0.0,0.0,0.0,680000.0,0.0,0.0,0.0,0.0,0.0,0.0,0.0,0.0,0.0,0.0,0.0,680000.0,0.0,0.0,0.0,0.8,1,0,0,0,25000.0,35000.0,0.0,0.0,0.0,0.0,540000.0,0.0,0,0,0,0,0,0,0,0,160000.0,0.0,0.0,0.0,0.0,0.0,0.0,0.0,0,1,0,0,0,0,0
599,9-Mi,49,1,4,1,0,0,0,0,1,2019.0,,1,1,0,0,1,0,0,0,0,0,0,0,1,0.0,0.0,0.0,0,0,0,0,450000.0,0.0,0.0,0.0,4320000.0,0.0,0.0,0.0,25000.0,0.0,0.0,0.0,0.0,0.0,0.0,0.0,0.0,0.0,0.0,0.0,0.0,0.0,0.0,0.0,0.0,0.0,0.0,0.0,0.0,0.0,0.0,0.0,4795000.0,0.0,0.0,0.0,6785000.0,0.0,0.0,0.0,0.0,0.0,0.0,0.0,0.0,0.0,0.0,0.0,6785000.0,0.0,0.0,0.0,0.75,1,0,0,0,150000.0,180000.0,0.0,0.0,0.0,0.0,1200000.0,0.0,0,0,0,0,0,0,0,0,1500000.0,0.0,0.0,0.0,0.0,0.0,0.0,0.0,0,1,0,0,0,0,0
600,10-Mi,52,1,3,0,0,0,1,0,0,2022.0,2024.0,1,1,0,0,0,0,1,1,0,0,0,0,0,0.0,1.0,1.0,0,0,0,0,0.0,0.0,0.0,0.0,0.0,0.0,24000.0,26000.0,0.0,0.0,1000.0,1000.0,0.0,0.0,0.0,0.0,0.0,0.0,0.0,0.0,0.0,0.0,0.0,0.0,0.0,0.0,0.0,0.0,0.0,0.0,0.0,0.0,0.0,0.0,30000.0,32000.0,0.0,0.0,18000.0,18000.0,0.0,0.0,0.0,0.0,0.0,0.0,0.0,0.0,0.0,0.0,18000.0,18000.0,0.9,1,0,0,0,5000.0,8000.0,0.0,0.0,45000.0,45000.0,1200000.0,0.0,0,0,1,0,0,1,1,1,0.0,0.0,1200000.0,1200000.0,0.0,0.0,0.0,0.0,0,0,0,0,0,0,0
601,11-Mi,59,1,5,0,0,1,0,0,1,1979.0,,1,1,0,0,1,1,1,1,0,0,0,0,1,1.0,1.0,0.0,0,0,0,0,0.0,0.0,0.0,0.0,300000.0,300000.0,300000.0,0.0,24000.0,24000.0,24000.0,0.0,0.0,0.0,0.0,0.0,0.0,0.0,0.0,0.0,0.0,0.0,0.0,0.0,0.0,0.0,0.0,0.0,0.0,0.0,0.0,0.0,324000.0,324000.0,324000.0,0.0,400000.0,400000.0,500000.0,0.0,0.0,0.0,0.0,0.0,0.0,0.0,0.0,0.0,400000.0,400000.0,500000.0,0.0,0.55,1,0,0,0,10000.0,25000.0,60000.0,40000.0,25000.0,0.0,650000.0,0.0,0,1,0,1,0,0,1,0,1200000.0,1300000.0,1030000.0,0.0,0.0,0.0,0.0,0.0,0,1,0,0,0,0,0
602,12-Mi,34,1,2,0,1,0,0,0,1,2019.0,2023.0,1,1,0,0,1,1,1,1,0,0,0,0,4,4.0,4.0,4.0,3,3,3,3,500000.0,450000.0,600000.0,720000.0,50000.0,50000.0,60000.0,60000.0,30000.0,45000.0,55000.0,60000.0,0.0,0.0,0.0,0.0,300000.0,300000.0,300000.0,300000.0,20000.0,55000.0,60000.0,60000.0,0.0,0.0,0.0,0.0,30000.0,35000.0,40000.0,50000.0,930000.0,935000.0,1115000.0,1250000.0,200000.0,400000.0,655000.0,600000.0,0.0,0.0,0.0,0.0,0.0,0.0,0.0,0.0,200000.0,400000.0,655000.0,600000.0,0.75,0,0,0,0,0.0,0.0,0.0,0.0,0.0,0.0,900000.0,0.0,0,0,1,0,0,1,1,1,2000000.0,1500000.0,200000.0,200000.0,600000.0,550000.0,700000.0,700000.0,0,0,0,0,0,0,0
603,13-Mi,66,1,5,0,1,0,0,0,0,,2020.0,1,1,0,0,1,0,0,0,0,0,0,0,1,0.0,0.0,0.0,0,0,0,0,0.0,0.0,0.0,0.0,300000.0,0.0,0.0,0.0,0.0,0.0,0.0,0.0,0.0,0.0,0.0,0.0,0.0,0.0,0.0,0.0,60000.0,0.0,0.0,0.0,0.0,0.0,0.0,0.0,8000.0,0.0,0.0,0.0,368000.0,0.0,0.0,0.0,60000.0,0.0,0.0,0.0,0.0,0.0,0.0,0.0,0.0,0.0,0.0,0.0,60000.0,0.0,0.0,0.0,0.99,1,0,0,0,0.0,0.0,60000.0,0.0,0.0,0.0,0.0,0.0,0,0,0,0,0,0,0,0,80000.0,0.0,0.0,0.0,0.0,0.0,0.0,0.0,0,0,0,0,0,0,0
604,14-Mi,64,1,3,0,1,0,0,0,1,2019.0,2020.0,1,1,0,0,2,0,0,0,0,0,0,0,2,0.0,0.0,0.0,0,0,0,0,0.0,0.0,0.0,0.0,300000.0,0.0,0.0,0.0,72000.0,0.0,0.0,0.0,0.0,0.0,0.0,0.0,0.0,0.0,0.0,0.0,30000.0,0.0,0.0,0.0,0.0,0.0,0.0,0.0,60000.0,0.0,0.0,0.0,462000.0,0.0,0.0,0.0,180000.0,0.0,0.0,0.0,0.0,0.0,0.0,0.0,0.0,0.0,0.0,0.0,180000.0,0.0,0.0,0.0,0.5,1,0,0,0,0.0,0.0,0.0,0.0,0.0,0.0,320000.0,0.0,0,0,1,0,0,1,0,0,50000.0,0.0,0.0,0.0,70000.0,0.0,0.0,0.0,0,0,0,0,0,0,0
605,15-Mi,28,1,6,0,1,0,0,0,1,2019.0,2021.0,1,1,0,0,2,2,0,0,0,0,0,0,2,2.0,0.0,0.0,0,0,0,0,200000.0,175000.0,0.0,0.0,0.0,0.0,0.0,0.0,20000.0,10000.0,0.0,0.0,0.0,0.0,0.0,0.0,180000.0,180000.0,0.0,0.0,144000.0,80000.0,0.0,0.0,0.0,0.0,0.0,0.0,50000.0,20000.0,0.0,0.0,594000.0,465000.0,0.0,0.0,360000.0,180000.0,0.0,0.0,0.0,0.0,0.0,0.0,0.0,0.0,0.0,0.0,360000.0,180000.0,0.0,0.0,0.8,1,0,0,0,0.0,0.0,0.0,0.0,0.0,0.0,2400000.0,0.0,0,0,1,0,0,1,0,0,200000.0,125000.0,0.0,200000.0,0.0,0.0,0.0,0.0,0,0,0,0,0,0,0
606,16-Mi,37,1,4,0,1,0,0,0,1,2020.0,2022.0,1,1,0,0,1,1,1,0,0,0,0,0,1,1.0,1.0,0.0,0,0,0,0,0.0,0.0,160000.0,0.0,300000.0,350000.0,400000.0,0.0,50000.0,55000.0,60000.0,0.0,0.0,0.0,0.0,0.0,40000.0,45000.0,50000.0,0.0,0.0,0.0,0.0,0.0,16000.0,18000.0,20000.0,0.0,0.0,0.0,0.0,0.0,406000.0,468000.0,690000.0,0.0,100000.0,110000.0,120000.0,0.0,0.0,0.0,0.0,0.0,0.0,0.0,0.0,0.0,100000.0,110000.0,120000.0,0.0,0.0,0,0,1,0,8000.0,15000.0,0.0,0.0,0.0,0.0,6200000.0,0.0,0,1,0,0,1,0,0,0,400000.0,500000.0,600000.0,0.0,0.0,0.0,0.0,0.0,0,0,0,0,0,0,0
607,17-Mi,32,1,5,0,1,0,0,0,1,2019.0,2021.0,1,1,0,0,1,1,0,0,1,1,0,0,3,3.0,0.0,0.0,1,1,0,0,0.0,0.0,0.0,0.0,240000.0,240000.0,0.0,0.0,48000.0,48000.0,0.0,0.0,0.0,0.0,0.0,0.0,0.0,0.0,0.0,0.0,100000.0,100000.0,0.0,0.0,0.0,0.0,0.0,0.0,360000.0,360000.0,0.0,0.0,1008000.0,1008000.0,0.0,0.0,552000.0,552000.0,0.0,0.0,0.0,0.0,0.0,0.0,0.0,0.0,0.0,0.0,552000.0,552000.0,0.0,0.0,0.3,1,0,0,0,0.0,700000.0,100000.0,100000.0,0.0,0.0,4100000.0,0.0,0,0,0,0,0,0,1,1,260000.0,260000.0,0.0,0.0,0.0,0.0,0.0,0.0,0,0,1,0,0,0,0
608,18-Mi,36,1,4,0,1,0,0,0,1,2021.0,2022.0,1,1,0,0,0,1,0,0,0,1,0,0,0,3.0,0.0,0.0,0,1,0,0,0.0,0.0,0.0,0.0,0.0,20000.0,0.0,0.0,0.0,2000.0,0.0,0.0,0.0,0.0,0.0,0.0,0.0,0.0,0.0,0.0,0.0,2000.0,0.0,0.0,0.0,0.0,0.0,0.0,0.0,0.0,0.0,0.0,0.0,44000.0,0.0,0.0,0.0,70000.0,0.0,0.0,0.0,0.0,0.0,0.0,0.0,0.0,0.0,0.0,0.0,70000.0,0.0,0.0,0.0,1,0,0,0,5000.0,0.0,0.0,0.0,0.0,0.0,5130000.0,0.0,0,0,1,0,0,1,0,,0.0,20000.0,0.0,0.0,0.0,0.0,0.0,0.0,0,0,0,0,0,0,0
609,19-Mi,53,1,4,0,1,0,0,0,1,,2022.0,1,1,0,0,1,0,0,0,1,0,0,0,2,0.0,0.0,0.0,0,0,0,0,0.0,0.0,0.0,0.0,50000.0,0.0,0.0,0.0,12000.0,0.0,0.0,0.0,0.0,0.0,0.0,0.0,0.0,0.0,0.0,0.0,300000.0,0.0,0.0,0.0,15000.0,0.0,0.0,0.0,360000.0,0.0,0.0,0.0,937000.0,0.0,0.0,0.0,1000000.0,0.0,0.0,0.0,0.0,0.0,0.0,0.0,0.0,0.0,0.0,0.0,1000000.0,0.0,0.0,0.0,0.8,0,1,0,0,0.0,0.0,0.0,0.0,0.0,0.0,0.0,0.0,0,0,1,0,0,0,,0,200000.0,0.0,0.0,0.0,0.0,0.0,0.0,0.0,0,0,0,0,0,0,0
610,20-Mi,0,1,5,0,1,0,0,0,1,2021.0,2023.0,1,1,0,0,1,1,1,0,0,0,0,0,1,1.0,1.0,0.0,0,0,0,0,0.0,0.0,0.0,0.0,200000.0,200000.0,200000.0,0.0,22000.0,22000.0,22000.0,0.0,0.0,0.0,0.0,0.0,48000.0,48000.0,48000.0,0.0,0.0,0.0,0.0,0.0,0.0,0.0,0.0,0.0,50000.0,50000.0,50000.0,0.0,520000.0,520000.0,520000.0,0.0,200000.0,200000.0,200000.0,0.0,0.0,0.0,0.0,0.0,0.0,0.0,0.0,0.0,200000.0,200000.0,200000.0,0.0,0.6,1,0,0,0,0.0,0.0,0.0,0.0,0.0,0.0,0.0,500000.0,0,0,0,0,0,0,0,0,200000.0,200000.0,200000.0,0.0,0.0,0.0,0.0,0.0,0,0,0,0,0,0,0
611,21-Mi,47,1,5,0,0,0,1,0,1,,2022.0,1,1,0,0,2,2,0,0,0,0,0,0,2,2.0,0.0,0.0,0,0,0,0,0.0,0.0,0.0,0.0,30000.0,35000.0,0.0,0.0,12800.0,14900.0,0.0,0.0,0.0,0.0,0.0,0.0,5000.0,8000.0,0.0,0.0,3500.0,4000.0,0.0,0.0,0.0,0.0,0.0,0.0,0.0,0.0,0.0,0.0,71300.0,86900.0,0.0,0.0,20000.0,23000.0,0.0,0.0,0.0,0.0,0.0,0.0,0.0,0.0,0.0,0.0,20000.0,23000.0,0.0,0.0,1.0,1,0,0,0,3500.0,6000.0,45000.0,45000.0,0.0,0.0,1900000.0,0.0,0,0,0,0,0,0,,,30000.0,38000.0,0.0,0.0,0.0,0.0,0.0,0.0,0,0,0,0,0,0,0
612,22-Mi,28,1,4,0,1,0,0,0,0,2020.0,2021.0,1,1,0,0,1,0,0,0,0,0,0,0,1,0.0,0.0,0.0,0,0,0,0,0.0,0.0,0.0,0.0,36000.0,0.0,0.0,0.0,6000.0,0.0,0.0,0.0,0.0,0.0,0.0,0.0,0.0,0.0,0.0,0.0,0.0,0.0,0.0,0.0,0.0,0.0,0.0,0.0,10000.0,0.0,0.0,0.0,64000.0,0.0,0.0,0.0,216000.0,0.0,0.0,0.0,0.0,0.0,0.0,0.0,0.0,0.0,0.0,0.0,216000.0,0.0,0.0,0.0,0.25,1,0,0,0,10000.0,,360000.0,0.0,0.0,0.0,0.0,0.0,0,0,0,0,0,0,0,0,40000.0,0.0,0.0,0.0,0.0,0.0,0.0,0.0,0,1,0,0,0,0,0
613,23-Mi,32,1,4,0,0,0,1,0,1,2018.0,2020.0,1,1,0,0,1,0,0,0,0,0,0,0,1,0.0,0.0,0.0,0,0,0,0,0.0,0.0,0.0,0.0,240000.0,0.0,0.0,0.0,0.0,0.0,0.0,0.0,0.0,0.0,0.0,0.0,0.0,0.0,0.0,0.0,120000.0,0.0,0.0,0.0,0.0,0.0,0.0,0.0,36000.0,0.0,0.0,0.0,666000.0,0.0,0.0,0.0,600000.0,0.0,0.0,0.0,0.0,0.0,0.0,0.0,0.0,0.0,0.0,0.0,600000.0,0.0,0.0,0.0,1.0,1,0,0,0,15000.0,35000.0,600000.0,600000.0,600000.0,600000.0,902500.0,0.0,0,0,0,0,0,0,0,0,902500.0,0.0,0.0,0.0,0.0,0.0,0.0,0.0,0,0,0,0,0,0,0
614,24-Mi,47,1,3,0,0,1,0,0,1,2018.0,2021.0,1,1,0,0,1,0,0,0,0,0,0,0,1,0.0,0.0,0.0,0,0,0,0,0.0,0.0,0.0,0.0,200000.0,0.0,0.0,0.0,19000.0,0.0,0.0,0.0,0.0,0.0,0.0,0.0,0.0,0.0,0.0,0.0,0.0,0.0,0.0,0.0,0.0,0.0,0.0,0.0,0.0,0.0,0.0,0.0,219000.0,0.0,0.0,0.0,302000.0,0.0,0.0,0.0,0.0,0.0,0.0,0.0,0.0,0.0,0.0,0.0,302000.0,0.0,0.0,0.0,1.0,1,0,0,0,5000.0,10000.0,15000.0,0.0,0.0,0.0,300000.0,0.0,0,0,0,0,0,0,0,0,0.0,0.0,0.0,0.0,0.0,0.0,0.0,0.0,0,0,0,0,0,0,0
615,25-Mi,32,1,5,0,1,0,0,0,0,2017.0,2020.0,1,1,0,0,1,0,0,0,0,0,0,0,1,0.0,0.0,0.0,0,0,0,0,0.0,0.0,0.0,0.0,4700.0,0.0,0.0,0.0,1550.0,0.0,0.0,0.0,0.0,0.0,0.0,0.0,0.0,0.0,0.0,0.0,800.0,0.0,0.0,0.0,0.0,0.0,0.0,0.0,0.0,0.0,0.0,0.0,7050.0,0.0,0.0,0.0,34000.0,0.0,0.0,0.0,0.0,0.0,0.0,0.0,0.0,0.0,0.0,0.0,34000.0,0.0,0.0,0.0,0.1,1,0,0,0,10000.0,40000.0,50000.0,0.0,0.0,0.0,100000.0,0.0,0,0,1,0,0,0,0,0,0.0,0.0,0.0,0.0,0.0,0.0,0.0,0.0,0,0,0,0,0,0,0
616,26-Mi,52,1,3,0,1,1,0,0,1,2017.0,2020.0,1,1,0,0,3,0,0,0,0,0,0,0,3,0.0,0.0,0.0,0,0,0,0,360000.0,0.0,0.0,0.0,420000.0,0.0,0.0,0.0,18000.0,0.0,0.0,0.0,0.0,0.0,0.0,0.0,0.0,0.0,0.0,0.0,15000.0,0.0,0.0,0.0,5000.0,0.0,0.0,0.0,15000.0,0.0,0.0,0.0,857000.0,0.0,0.0,0.0,1050000.0,0.0,0.0,0.0,0.0,0.0,0.0,0.0,0.0,0.0,0.0,0.0,1050000.0,0.0,0.0,0.0,0.15,0,,0,0,13000.0,25000.0,930000.0,0.0,0.0,0.0,5850000.0,0.0,0,0,0,0,0,0,1,0,415000.0,0.0,0.0,0.0,350000.0,0.0,0.0,0.0,0,0,1,1,0,1,0
617,27-Mi,0,1,0,1,0,0,0,0,1,2014.0,2020.0,1,1,0,0,2,0,0,0,2,0,0,0,4,0.0,0.0,0.0,0,0,0,0,600000.0,0.0,0.0,0.0,0.0,0.0,0.0,0.0,15000.0,0.0,0.0,0.0,0.0,0.0,0.0,0.0,50000.0,0.0,0.0,0.0,25000.0,0.0,0.0,0.0,10000.0,0.0,0.0,0.0,10000.0,0.0,0.0,0.0,710000.0,0.0,0.0,0.0,1500000.0,0.0,0.0,0.0,0.0,0.0,0.0,0.0,0.0,0.0,0.0,0.0,1500000.0,0.0,0.0,0.0,0.0,1,0,0,0,0.0,0.0,75000.0,0.0,0.0,0.0,0.0,0.0,0,0,0,0,0,0,1,1,0.0,0.0,0.0,0.0,0.0,0.0,0.0,0.0,0,1,0,0,0,0,0
618,28-Mi,38,1,4,0,1,0,0,0,0,2015.0,2020.0,1,1,0,0,1,1,0,0,0,0,0,0,1,1.0,0.0,0.0,0,0,0,0,350000.0,250000.0,0.0,0.0,500000.0,400000.0,0.0,0.0,140000.0,135000.0,0.0,0.0,0.0,0.0,0.0,0.0,0.0,0.0,0.0,0.0,72000.0,45000.0,0.0,0.0,60000.0,30000.0,0.0,0.0,0.0,70000.0,0.0,0.0,1134000.0,940000.0,0.0,0.0,1200000.0,1000000.0,0.0,0.0,0.0,0.0,0.0,0.0,0.0,0.0,0.0,0.0,1200000.0,1000000.0,0.0,0.0,0.4,0,1,0,0,0.0,0.0,0.0,0.0,300000.0,330000.0,2100000.0,0.0,0,1,0,0,1,0,0,0,1200000.0,600000.0,0.0,0.0,0.0,0.0,0.0,0.0,1,0,0,0,0,0,0
619,29-Mi,63,1,2,0,0,1,0,0,1,2016.0,2020.0,1,1,0,0,1,0,0,0,0,0,0,0,1,0.0,0.0,0.0,0,0,0,0,0.0,0.0,0.0,0.0,48000.0,0.0,0.0,0.0,19400.0,0.0,0.0,0.0,0.0,0.0,0.0,0.0,0.0,0.0,0.0,0.0,0.0,0.0,0.0,0.0,0.0,0.0,0.0,0.0,0.0,0.0,0.0,0.0,67400.0,0.0,0.0,0.0,71000.0,0.0,0.0,0.0,0.0,0.0,0.0,0.0,0.0,0.0,0.0,0.0,71000.0,0.0,0.0,0.0,0.9,1,0,0,0,3000.0,6000.0,10000.0,0.0,0.0,0.0,35000.0,0.0,0,0,1,0,0,1,0,0,20000.0,0.0,0.0,0.0,0.0,0.0,0.0,0.0,0,0,0,0,0,0,0
620,30-Mi,52,1,4,0,0,0,1,1,1,2018.0,2020.0,1,1,0,0,1,0,0,0,0,0,0,0,1,0.0,0.0,0.0,0,0,0,0,0.0,0.0,0.0,0.0,44000.0,0.0,0.0,0.0,25200.0,0.0,0.0,0.0,0.0,0.0,0.0,0.0,0.0,0.0,0.0,0.0,0.0,0.0,0.0,0.0,0.0,0.0,0.0,0.0,0.0,0.0,0.0,0.0,69200.0,0.0,0.0,0.0,78000.0,0.0,0.0,0.0,0.0,0.0,0.0,0.0,0.0,0.0,0.0,0.0,78000.0,0.0,0.0,0.0,0.95,1,0,0,0,500.0,2000.0,0.0,0.0,0.0,0.0,600000.0,0.0,0,0,1,0,0,0,0,0,0.0,0.0,0.0,0.0,0.0,0.0,0.0,0.0,0,0,0,0,0,0,0
621,31-Mi,58,1,5,0,0,1,0,0,1,2018.0,2020.0,1,1,0,0,2,0,0,0,2,0,0,0,4,0.0,0.0,0.0,0,0,0,0,480000.0,0.0,0.0,0.0,1260000.0,0.0,0.0,0.0,48000.0,0.0,0.0,0.0,7500.0,0.0,0.0,0.0,0.0,0.0,0.0,0.0,120000.0,0.0,0.0,0.0,0.0,0.0,0.0,0.0,0.0,0.0,0.0,0.0,1915500.0,0.0,0.0,0.0,2050000.0,0.0,0.0,0.0,0.0,0.0,0.0,0.0,0.0,0.0,0.0,0.0,2050000.0,0.0,0.0,0.0,0.9,1,1,1,0,150000.0,180800.0,0.0,0.0,0.0,0.0,500000.0,0.0,0,1,0,0,1,0,0,0,150000.0,0.0,0.0,0.0,0.0,0.0,0.0,0.0,0,1,0,0,0,0,0
622,32-Mi,45,1,7,0,1,0,0,0,1,,2020.0,1,1,0,0,1,0,0,0,0,0,0,0,1,0.0,0.0,0.0,0,0,0,0,0.0,0.0,0.0,0.0,14600.0,0.0,0.0,0.0,2100.0,0.0,0.0,0.0,0.0,0.0,0.0,0.0,0.0,0.0,0.0,0.0,1200.0,0.0,0.0,0.0,0.0,0.0,0.0,0.0,0.0,0.0,0.0,0.0,17900.0,0.0,0.0,0.0,24000.0,0.0,0.0,0.0,0.0,0.0,0.0,0.0,0.0,0.0,0.0,0.0,24000.0,0.0,0.0,0.0,0.0,1,0,0,0,7000.0,30000.0,0.0,0.0,0.0,0.0,30000.0,0.0,0,0,1,0,0,0,0,0,35000.0,0.0,0.0,0.0,0.0,0.0,0.0,0.0,0,0,0,0,0,0,0
623,33-Mi,45,1,3,0,1,0,0,0,1,2016.0,2020.0,1,1,0,0,1,0,0,0,0,0,0,0,3,0.0,0.0,0.0,2,0,0,0,540000.0,0.0,0.0,0.0,2700000.0,0.0,0.0,0.0,12000.0,0.0,0.0,0.0,0.0,0.0,0.0,0.0,0.0,0.0,0.0,0.0,72000.0,0.0,0.0,0.0,432000.0,0.0,0.0,0.0,25000.0,0.0,0.0,0.0,3781000.0,0.0,0.0,0.0,4726250.0,0.0,0.0,0.0,0.0,0.0,0.0,0.0,0.0,0.0,0.0,0.0,4726250.0,0.0,0.0,0.0,0.2,1,0,0,0,200000.0,1000000.0,0.0,0.0,0.0,0.0,100000.0,0.0,0,0,0,0,0,0,0,0,0.0,0.0,0.0,0.0,0.0,0.0,0.0,0.0,0,0,0,0,0,0,0
624,34-Mi,58,1,4,0,1,0,0,0,1,2020.0,2021.0,1,1,0,0,1,1,0,0,2,1,0,0,3,2.0,0.0,0.0,0,0,0,0,1200000.0,600000.0,0.0,0.0,300000.0,200000.0,0.0,0.0,660000.0,560000.0,0.0,0.0,0.0,0.0,0.0,0.0,0.0,0.0,0.0,0.0,0.0,0.0,0.0,0.0,60000.0,40000.0,0.0,0.0,100000.0,80000.0,0.0,0.0,2320000.0,1480000.0,0.0,0.0,2825000.0,1800000.0,0.0,0.0,0.0,0.0,0.0,0.0,0.0,0.0,0.0,0.0,2825000.0,1800000.0,0.0,0.0,0.2,1,0,0,0,200000.0,400000.0,0.0,0.0,1200000.0,1200000.0,15200000.0,0.0,0,0,1,0,0,1,0,0,0.0,0.0,0.0,0.0,0.0,0.0,0.0,0.0,0,0,0,0,0,0,0
625,35-Mi,53,1,4,0,1,0,1,0,1,2010.0,2022.0,1,1,0,0,1,1,1,0,0,0,0,0,2,2.0,1.0,0.0,1,1,0,0,300000.0,240000.0,0.0,0.0,600000.0,480000.0,240000.0,0.0,78000.0,66000.0,84000.0,30000.0,0.0,0.0,0.0,0.0,0.0,0.0,0.0,0.0,300000.0,240000.0,180000.0,0.0,60000.0,60000.0,48000.0,0.0,60000.0,36000.0,0.0,0.0,1398000.0,1122000.0,552000.0,30000.0,1747500.0,14025000.0,600000.0,0.0,0.0,0.0,0.0,0.0,0.0,0.0,0.0,0.0,1747500.0,14025000.0,600000.0,0.0,0.1,0,0,0,0,35000.0,57000.0,660000.0,550000.0,610000.0,510000.0,100000.0,0.0,0,0,1,0,0,0,0,0,0.0,0.0,0.0,0.0,0.0,0.0,0.0,0.0,0,0,0,0,0,0,0
626,36-Mi,50,1,3,0,1,0,0,0,1,2019.0,2020.0,1,1,0,0,1,0,0,0,0,0,0,0,1,0.0,0.0,0.0,0,0,0,0,0.0,0.0,0.0,0.0,12000.0,0.0,0.0,0.0,48000.0,0.0,0.0,0.0,0.0,0.0,0.0,0.0,0.0,0.0,0.0,0.0,24000.0,0.0,0.0,0.0,0.0,0.0,0.0,0.0,6000.0,0.0,0.0,0.0,90000.0,0.0,0.0,0.0,100000.0,0.0,0.0,0.0,0.0,0.0,0.0,0.0,0.0,0.0,0.0,0.0,100000.0,0.0,0.0,0.0,0.1,1,0,0,0,4000.0,12000.0,600000.0,600000.0,720000.0,720000.0,500000.0,0.0,0,0,0,0,0,0,0,0,50000.0,0.0,0.0,0.0,0.0,0.0,0.0,0.0,0,0,0,0,0,0,0
627,37-Mi,29,1,2,0,1,0,0,0,1,2017.0,2020.0,1,1,0,0,1,0,0,0,0,0,0,0,1,0.0,0.0,0.0,0,0,0,0,0.0,0.0,0.0,0.0,72000.0,0.0,0.0,0.0,21000.0,0.0,0.0,0.0,0.0,0.0,0.0,0.0,0.0,0.0,0.0,0.0,0.0,0.0,0.0,0.0,6000.0,0.0,0.0,0.0,15000.0,0.0,0.0,0.0,114000.0,0.0,0.0,0.0,117750.0,0.0,0.0,0.0,0.0,0.0,0.0,0.0,0.0,0.0,0.0,0.0,117750.0,0.0,0.0,0.0,0.2,0,0,0,0,15000.0,24250.0,0.0,0.0,0.0,0.0,850000.0,0.0,0,0,0,0,0,0,0,0,0.0,0.0,0.0,0.0,0.0,0.0,0.0,0.0,0,0,0,0,0,0,0
628,38-Mi,42,1,3,1,0,0,0,0,1,2019.0,2021.0,1,1,0,0,6,5,1,1,0,0,0,0,6,5.0,1.0,1.0,0,0,0,0,350000.0,380000.0,0.0,0.0,200000.0,250000.0,60000.0,60000.0,110000.0,115000.0,5000.0,5000.0,0.0,0.0,0.0,0.0,0.0,0.0,0.0,0.0,0.0,0.0,0.0,0.0,100000.0,90000.0,2500.0,3000.0,200000.0,180000.0,3000.0,3000.0,1010000.0,1070000.0,70500.0,71000.0,840000.0,840000.0,200000.0,200000.0,0.0,0.0,0.0,0.0,0.0,0.0,0.0,0.0,840000.0,840000.0,200000.0,200000.0,0.02,0,1,0,0,30000.0,60000.0,0.0,0.0,0.0,0.0,1850000.0,0.0,0,1,0,0,1,0,0,0,1200000.0,1050000.0,0.0,0.0,0.0,0.0,450000.0,0.0,0,1,0,0,0,0,0
629,39-Mi,46,1,5,0,1,0,0,0,0,2018.0,2024.0,1,0,1,0,2,2,2,2,0,0,0,0,2,2.0,2.0,2.0,0,0,0,0,0.0,0.0,0.0,0.0,504000.0,478800.0,383040.0,229824.0,36000.0,34200.0,27360.0,16416.0,0.0,0.0,0.0,0.0,0.0,0.0,0.0,0.0,60000.0,57000.0,45600.0,27360.0,0.0,0.0,0.0,0.0,0.0,0.0,0.0,0.0,600000.0,570000.0,456000.0,273600.0,840000.0,798000.0,638400.0,383040.0,0.0,0.0,0.0,0.0,0.0,0.0,0.0,0.0,840000.0,798000.0,638400.0,383040.0,0.5,1,0,0,0,10500.0,15000.0,0.0,0.0,0.0,0.0,15000.0,0.0,0,0,1,0,0,1,0,0,50000.0,200000.0,95000.0,100000.0,0.0,0.0,0.0,0.0,0,0,0,0,0,0,0
630,40-Mi,37,1,5,0,1,0,0,0,0,2019.0,2024.0,1,0,1,0,1,1,1,1,0,0,0,0,1,1.0,1.0,1.0,0,0,0,0,0.0,0.0,0.0,0.0,252000.0,239400.0,191520.0,114500.0,1200.0,1140.0,900.0,500.0,0.0,0.0,0.0,0.0,0.0,0.0,0.0,0.0,6000.0,5700.0,4560.0,2736.0,0.0,0.0,0.0,0.0,0.0,0.0,0.0,0.0,259200.0,246240.0,196980.0,117736.0,420000.0,399000.0,319200.0,191520.0,0.0,0.0,0.0,0.0,0.0,0.0,0.0,0.0,420000.0,399000.0,319200.0,191520.0,0.7,1,0,0,0,6500.0,10000.0,0.0,0.0,0.0,0.0,30000.0,0.0,0,0,1,0,0,1,0,0,50000.0,100000.0,155000.0,210000.0,0.0,0.0,0.0,0.0,0,0,0,0,0,0,0
631,41-Mi,51,1,4,0,1,0,0,0,0,2017.0,2023.0,1,0,1,0,1,1,1,1,0,0,0,0,1,1.0,1.0,1.0,0,0,0,0,0.0,0.0,0.0,0.0,4800000.0,3840000.0,2880000.0,2592000.0,11000.0,14500.0,18000.0,20500.0,0.0,0.0,0.0,0.0,0.0,0.0,0.0,0.0,48000.0,60000.0,75000.0,80000.0,10000.0,25000.0,0.0,0.0,0.0,0.0,0.0,0.0,4869000.0,3939500.0,2973000.0,2692500.0,5760000.0,4608000.0,3456000.0,3110400.0,0.0,0.0,0.0,0.0,0.0,0.0,0.0,0.0,5760000.0,4608000.0,3456000.0,3110400.0,0.4,1,0,0,0,15000.0,35000.0,0.0,0.0,0.0,0.0,550000.0,0.0,0,1,0,0,1,0,0,0,4750000.0,2200000.0,1650000.0,1485000.0,0.0,0.0,0.0,0.0,0,0,0,0,0,0,0
632,42-Mi,49,1,6,0,1,0,0,0,1,2016.0,2024.0,1,0,1,0,2,2,2,2,0,0,0,0,2,2.0,2.0,2.0,0,0,0,0,0.0,0.0,0.0,0.0,568575.0,598500.0,630000.0,600000.0,23395.0,24605.0,25900.0,26400.0,0.0,0.0,0.0,0.0,220000.0,240000.0,240000.0,240000.0,0.0,0.0,0.0,0.0,0.0,0.0,0.0,0.0,0.0,0.0,0.0,0.0,811970.0,863105.0,895900.0,866400.0,974364.0,1035726.0,1075080.0,1083000.0,0.0,0.0,0.0,0.0,0.0,0.0,0.0,0.0,974364.0,1035726.0,1075080.0,1083000.0,0.9,1,0,0,0,15000.0,25000.0,30000.0,35000.0,37000.0,45000.0,450000.0,0.0,0,1,0,0,1,0,1,0,250000.0,350000.0,450000.0,500000.0,0.0,0.0,0.0,0.0,0,0,0,0,0,0,0
633,43-Mi,54,1,3,0,1,0,0,0,0,2015.0,2024.0,1,0,1,0,1,1,1,1,0,0,0,0,1,1.0,1.0,1.0,0,0,0,0,0.0,0.0,0.0,0.0,240000.0,252000.0,277200.0,207900.0,11000.0,11750.0,12925.0,9850.0,0.0,0.0,0.0,0.0,0.0,0.0,0.0,0.0,0.0,0.0,0.0,0.0,0.0,0.0,0.0,0.0,0.0,0.0,0.0,0.0,251000.0,263750.0,290125.0,217750.0,360000.0,342000.0,307800.0,292410.0,0.0,0.0,0.0,0.0,0.0,0.0,0.0,0.0,360000.0,342000.0,307800.0,292410.0,0.6,1,0,0,0,8000.0,15000.0,0.0,0.0,0.0,0.0,65000.0,0.0,0,0,1,0,0,1,0,0,150000.0,175000.0,200000.0,215000.0,0.0,0.0,0.0,0.0,0,0,0,0,0,0,0
634,44-Mi,47,1,5,0,1,0,1,0,0,2018.0,2021.0,1,0,1,0,1,1,0,0,0,0,0,0,1,1.0,0.0,0.0,0,0,0,0,0.0,0.0,0.0,0.0,72000.0,36000.0,0.0,0.0,5400.0,3000.0,0.0,0.0,0.0,0.0,0.0,0.0,0.0,0.0,0.0,0.0,3600.0,2000.0,0.0,0.0,0.0,0.0,0.0,0.0,2400.0,1000.0,0.0,0.0,83400.0,42000.0,0.0,0.0,143000.0,70500.0,0.0,0.0,0.0,0.0,0.0,0.0,0.0,0.0,0.0,0.0,143000.0,70500.0,0.0,0.0,0.8,1,0,0,0,6000.0,10000.0,480000.0,480000.0,0.0,0.0,30000.0,0.0,0,0,0,0,0,0,0,0,0.0,30000.0,0.0,0.0,0.0,0.0,0.0,0.0,0,0,0,0,0,0,0
635,45-Mi,59,1,2,0,1,0,1,0,1,2019.0,2024.0,1,0,1,0,2,2,2,2,0,0,0,0,2,2.0,2.0,2.0,0,0,0,0,0.0,0.0,0.0,0.0,60000.0,80000.0,90000.0,120000.0,9600.0,10800.0,10800.0,12000.0,0.0,0.0,0.0,0.0,0.0,0.0,0.0,0.0,16000.0,18000.0,21000.0,25000.0,0.0,0.0,0.0,0.0,5000.0,5000.0,5000.0,5000.0,90600.0,113800.0,126800.0,162000.0,240000.0,250000.0,280000.0,350000.0,0.0,0.0,0.0,0.0,0.0,0.0,0.0,0.0,240000.0,250000.0,280000.0,350000.0,0.8,1,0,0,0,0.0,30000.0,240000.0,240000.0,0.0,0.0,80000.0,0.0,0,0,1,0,0,1,1,0,0.0,0.0,0.0,0.0,0.0,0.0,0.0,0.0,0,0,0,0,0,0,0
636,46-Mi,64,1,4,0,1,0,0,0,1,2016.0,2023.0,1,0,1,0,1,1,1,1,0,0,0,0,1,1.0,1.0,1.0,0,0,0,0,0.0,0.0,0.0,0.0,72500.0,115000.0,82500.0,24000.0,24000.0,27000.0,33000.0,26100.0,0.0,0.0,0.0,0.0,0.0,0.0,0.0,0.0,5000.0,6000.0,6500.0,7500.0,5000.0,5000.0,5000.0,5000.0,9000.0,12000.0,10000.0,3000.0,115500.0,165000.0,137000.0,65600.0,148000.0,205000.0,185000.0,65000.0,0.0,0.0,0.0,0.0,0.0,0.0,0.0,0.0,148000.0,205000.0,185000.0,65000.0,1.0,0,0,1,0,5000.0,35000.0,60000.0,60000.0,60000.0,60000.0,175000.0,0.0,0,0,0,0,0,0,0,0,0.0,0.0,0.0,0.0,0.0,0.0,0.0,0.0,0,0,0,0,0,0,0
637,47-Mi,66,1,3,0,1,0,0,0,1,1996.0,2022.0,1,0,1,0,1,1,0,0,4,4,0,0,5,5.0,0.0,0.0,0,0,0,0,720000.0,720000.0,0.0,0.0,30000.0,36000.0,0.0,0.0,41000.0,41000.0,0.0,0.0,0.0,0.0,0.0,0.0,0.0,0.0,0.0,0.0,2000.0,5000.0,0.0,0.0,10000.0,10000.0,0.0,0.0,5000.0,10000.0,0.0,0.0,808000.0,822000.0,0.0,0.0,900000.0,960000.0,0.0,0.0,0.0,0.0,0.0,0.0,0.0,0.0,0.0,0.0,900000.0,960000.0,0.0,0.0,0.7,1,0,0,0,0.0,0.0,120000.0,120000.0,0.0,0.0,5300000.0,0.0,0,1,0,0,1,0,0,0,0.0,500000.0,0.0,0.0,0.0,0.0,0.0,0.0,0,0,0,0,0,0,0
638,48-Mi,41,1,4,0,1,0,0,1,1,2018.0,2022.0,1,0,1,0,1,2,2,0,1,1,1,0,2,3.0,3.0,0.0,0,0,0,0,120000.0,120000.0,56000.0,0.0,96000.0,85700.0,40100.0,0.0,46000.0,53000.0,32000.0,0.0,0.0,0.0,0.0,0.0,0.0,0.0,0.0,0.0,84500.0,62500.0,30750.0,0.0,0.0,0.0,0.0,0.0,24000.0,18000.0,9700.0,0.0,485500.0,361700.0,168550.0,0.0,780000.0,570000.0,195500.0,0.0,0.0,0.0,0.0,0.0,0.0,0.0,0.0,0.0,780000.0,570000.0,195500.0,0.0,0.8,1,0,0,0,12000.0,65000.0,504000.0,540000.0,540000.0,540000.0,785000.0,0.0,0,1,0,0,1,0,0,0,100000.0,50000.0,0.0,0.0,0.0,0.0,0.0,0.0,0,0,0,0,1,0,0
639,49-Mi,53,1,3,0,1,1,0,0,1,2016.0,2022.0,1,0,1,0,1,1,1,0,0,0,0,0,2,2.0,1.0,0.0,1,1,0,0,47500.0,132000.0,0.0,0.0,515000.0,896000.0,665000.0,0.0,15900.0,22100.0,21600.0,0.0,0.0,0.0,0.0,0.0,0.0,0.0,0.0,0.0,0.0,24000.0,25000.0,0.0,10000.0,10000.0,10000.0,0.0,10500.0,15000.0,12500.0,0.0,607700.0,1111700.0,746700.0,0.0,847500.0,1435000.0,1075800.0,0.0,0.0,0.0,0.0,0.0,0.0,0.0,0.0,0.0,847500.0,1435000.0,1075800.0,0.0,0.8,0,0,0,0,30000.0,120000.0,180000.0,200000.0,150000.0,0.0,1880000.0,0.0,0,0,1,0,0,1,1,0,250000.0,500000.0,0.0,0.0,0.0,0.0,0.0,0.0,0,1,0,0,0,0,0
640,50-Mi,63,1,4,0,1,0,0,1,1,1989.0,2022.0,1,0,1,0,1,1,1,0,0,0,0,0,3,2.0,2.0,0.0,2,1,1,0,54800.0,92000.0,128000.0,0.0,240000.0,460000.0,385000.0,0.0,10200.0,12000.0,8400.0,0.0,0.0,0.0,0.0,0.0,0.0,0.0,0.0,0.0,9000.0,18000.0,12000.0,0.0,10000.0,24000.0,10000.0,0.0,12500.0,15000.0,18000.0,0.0,336500.0,621000.0,561400.0,0.0,540000.0,925000.0,655000.0,0.0,0.0,0.0,0.0,0.0,0.0,0.0,0.0,0.0,540000.0,925000.0,655000.0,0.0,0.8,1,0,0,0,25000.0,80000.0,600000.0,600000.0,600000.0,0.0,760000.0,0.0,0,0,1,0,0,1,0,0,0.0,0.0,0.0,0.0,0.0,0.0,0.0,0.0,0,0,0,0,0,0,0
641,51-Mi,52,1,5,0,0,0,1,0,0,2017.0,2020.0,1,0,1,0,1,0,0,0,0,0,0,0,1,0.0,0.0,0.0,0,0,0,0,0.0,0.0,0.0,0.0,70000.0,0.0,0.0,0.0,7800.0,0.0,0.0,0.0,0.0,0.0,0.0,0.0,0.0,0.0,0.0,0.0,3000.0,0.0,0.0,0.0,0.0,0.0,0.0,0.0,3000.0,0.0,0.0,0.0,83800.0,0.0,0.0,0.0,126000.0,0.0,0.0,0.0,0.0,0.0,0.0,0.0,0.0,0.0,0.0,0.0,126000.0,0.0,0.0,0.0,0.8,1,0,0,0,0.0,50000.0,240000.0,0.0,0.0,0.0,200000.0,0.0,0,0,1,0,0,1,0,0,200000.0,0.0,0.0,0.0,0.0,0.0,0.0,0.0,0,0,0,0,0,0,0
642,52-Mi,62,1,3,0,1,0,0,0,1,2018.0,2022.0,1,0,1,0,1,1,1,0,0,0,0,0,5,5.0,5.0,0.0,4,4,4,0,978000.0,1385000.0,1245000.0,0.0,1288000.0,2465000.0,2180000.0,0.0,122000.0,254500.0,280500.0,0.0,0.0,0.0,0.0,0.0,0.0,0.0,0.0,0.0,172000.0,338000.0,385000.0,0.0,650000.0,650000.0,650000.0,0.0,202000.0,224600.0,280000.0,0.0,3682000.0,5587100.0,5290500.0,0.0,4008000.0,6088500.0,6380000.0,0.0,0.0,0.0,0.0,0.0,0.0,0.0,0.0,0.0,4008000.0,6088500.0,6380000.0,0.0,0.05,0,0,0,0,425000.0,1650000.0,576000.0,576000.0,576000.0,0.0,6400000.0,0.0,0,1,0,0,1,0,0,0,0.0,0.0,0.0,0.0,0.0,0.0,0.0,0.0,0,1,0,0,0,0,0
643,53-Mi,53,1,5,0,0,1,0,0,1,2020.0,2023.0,1,0,1,0,1,1,1,1,0,0,0,0,1,1.0,1.0,1.0,0,0,0,0,0.0,0.0,0.0,0.0,60000.0,60000.0,70000.0,75000.0,38000.0,38000.0,38500.0,39500.0,0.0,0.0,0.0,0.0,0.0,0.0,0.0,0.0,24000.0,24000.0,24000.0,26000.0,12000.0,12000.0,12000.0,12000.0,10000.0,10000.0,10000.0,10000.0,144000.0,144000.0,154500.0,162500.0,250000.0,280000.0,270000.0,300000.0,0.0,0.0,0.0,0.0,0.0,0.0,0.0,0.0,250000.0,280000.0,270000.0,300000.0,0.5,1,0,0,0,12000.0,1500.0,300000.0,380000.0,200000.0,300000.0,280000.0,0.0,0,0,0,0,0,0,0,0,150000.0,150000.0,150000.0,150000.0,0.0,0.0,0.0,0.0,0,0,0,0,0,0,0
644,54-Mi,38,1,4,0,1,0,0,0,1,2020.0,2023.0,1,0,1,0,1,1,1,0,0,0,0,0,1,1.0,1.0,0.0,0,0,0,0,0.0,0.0,0.0,0.0,0.0,0.0,0.0,0.0,0.0,0.0,0.0,0.0,0.0,0.0,0.0,0.0,0.0,0.0,0.0,0.0,0.0,0.0,0.0,0.0,0.0,0.0,0.0,0.0,0.0,0.0,0.0,0.0,0.0,0.0,0.0,0.0,0.0,0.0,0.0,0.0,0.0,0.0,0.0,0.0,0.0,0.0,0.0,0.0,0.0,0.0,0.0,0.0,0.0,0,0,0,0,0.0,0.0,0.0,0.0,0.0,0.0,0.0,0.0,0,0,0,0,0,0,0,0,0.0,0.0,0.0,0.0,0.0,0.0,0.0,0.0,0,0,0,0,0,0,0
645,55-Mi,45,1,3,0,1,0,0,0,1,2012.0,2022.0,1,0,1,0,1,1,0,0,0,0,0,0,1,1.0,0.0,0.0,0,0,0,0,0.0,0.0,0.0,0.0,3575000.0,4025000.0,0.0,0.0,40000.0,50000.0,0.0,0.0,0.0,0.0,0.0,0.0,0.0,0.0,0.0,0.0,35000.0,40000.0,0.0,0.0,125000.0,125000.0,0.0,0.0,75000.0,75000.0,0.0,0.0,3850000.0,4315000.0,0.0,0.0,7550000.0,5575000.0,0.0,0.0,0.0,0.0,0.0,0.0,0.0,0.0,0.0,0.0,7550000.0,5575000.0,0.0,0.0,0.0,1,0,0,0,150000.0,500000.0,0.0,0.0,0.0,0.0,14200000.0,0.0,0,0,0,0,0,0,0,,400000.0,500000.0,0.0,0.0,0.0,0.0,0.0,0.0,0,0,0,0,0,0,0
646,56-Mi,55,1,4,1,0,0,0,0,1,2009.0,2021.0,1,0,1,0,1,1,0,0,0,0,0,0,1,1.0,0.0,0.0,0,0,0,0,0.0,0.0,0.0,0.0,3575000.0,5075000.0,0.0,0.0,9200.0,22000.0,0.0,0.0,0.0,0.0,0.0,0.0,0.0,0.0,0.0,0.0,75000.0,75000.0,0.0,0.0,100000.0,100000.0,0.0,0.0,50000.0,50000.0,0.0,0.0,4309200.0,5722000.0,0.0,0.0,4750000.0,6550000.0,0.0,0.0,0.0,0.0,0.0,0.0,0.0,0.0,0.0,0.0,4750000.0,6550000.0,0.0,0.0,0.8,1,0,0,0,125000.0,575000.0,0.0,0.0,0.0,0.0,14000000.0,0.0,0,0,0,0,0,0,0,0,0.0,0.0,0.0,0.0,0.0,0.0,0.0,0.0,0,0,0,0,0,0,0
647,57-Mi,50,1,3,0,1,0,0,0,1,2015.0,2022.0,1,0,1,0,1,0,0,0,0,0,0,0,1,0.0,0.0,0.0,0,0,0,0,4000000.0,0.0,0.0,0.0,7000.0,0.0,0.0,0.0,15000.0,0.0,0.0,0.0,0.0,0.0,0.0,0.0,0.0,0.0,0.0,0.0,75000.0,0.0,0.0,0.0,100000.0,0.0,0.0,0.0,0.0,0.0,0.0,0.0,4697000.0,0.0,0.0,0.0,7500000.0,0.0,0.0,0.0,0.0,0.0,0.0,0.0,0.0,0.0,0.0,0.0,7500000.0,0.0,0.0,0.0,0.8,1,0,0,0,0.0,0.0,0.0,0.0,0.0,0.0,16000000.0,0.0,0,0,0,0,0,0,0,0,0.0,0.0,0.0,650000.0,0.0,0.0,0.0,0.0,0,0,0,0,0,0,0
648,58-Mi,38,1,3,0,1,0,0,0,1,2011.0,2021.0,1,0,1,0,1,1,0,0,0,0,0,0,1,1.0,0.0,0.0,0,0,0,0,0.0,0.0,0.0,0.0,4500000.0,5000000.0,0.0,0.0,23500.0,25000.0,0.0,0.0,0.0,0.0,0.0,0.0,0.0,0.0,0.0,0.0,75000.0,75000.0,0.0,0.0,125000.0,125000.0,0.0,0.0,75000.0,75000.0,0.0,0.0,5498500.0,6100000.0,0.0,0.0,7000000.0,6500000.0,0.0,0.0,0.0,0.0,0.0,0.0,0.0,0.0,0.0,0.0,7000000.0,6500000.0,0.0,0.0,0.8,1,0,0,0,225000.0,750000.0,0.0,0.0,0.0,0.0,12000000.0,0.0,0,0,0,0,0,0,0,0,700000.0,800000.0,0.0,0.0,0.0,0.0,0.0,0.0,0,0,0,0,0,0,0
649,59-Mi,0,1,0,1,0,0,0,0,1,2009.0,2021.0,1,0,1,0,0,0,0,0,0,0,0,0,0,0.0,0.0,0.0,0,0,0,0,0.0,0.0,0.0,0.0,3575000.0,4250000.0,0.0,0.0,26500.0,22000.0,0.0,0.0,0.0,0.0,0.0,0.0,0.0,0.0,0.0,0.0,435000.0,575000.0,0.0,0.0,75000.0,50000.0,0.0,0.0,50000.0,50000.0,0.0,0.0,4761500.0,5447000.0,0.0,0.0,9050000.0,7550000.0,0.0,0.0,0.0,0.0,0.0,0.0,0.0,0.0,0.0,0.0,9050000.0,7550000.0,0.0,0.0,0.8,1,0,0,0,150000.0,750000.0,0.0,0.0,0.0,0.0,31000000.0,0.0,0,0,0,0,0,0,0,,50000.0,600000.0,0.0,0.0,0.0,0.0,0.0,0.0,0,0,0,0,0,0,0
650,60-Mi,35,1,3,1,0,0,0,0,1,2011.0,2022.0,1,0,1,0,1,0,0,0,0,0,0,0,1,0.0,0.0,0.0,0,0,0,0,0.0,0.0,0.0,0.0,3575000.0,0.0,0.0,0.0,19250.0,0.0,0.0,0.0,0.0,0.0,0.0,0.0,0.0,0.0,0.0,0.0,250000.0,0.0,0.0,0.0,75000.0,0.0,0.0,0.0,50000.0,0.0,0.0,0.0,4369250.0,0.0,0.0,0.0,6575000.0,0.0,0.0,0.0,0.0,0.0,0.0,0.0,0.0,0.0,0.0,0.0,6575000.0,0.0,0.0,0.0,0.8,1,0,0,0,0.0,0.0,0.0,0.0,0.0,0.0,19500000.0,0.0,0,0,0,0,0,0,0,0,0.0,0.0,0.0,0.0,0.0,0.0,0.0,0.0,0,0,0,0,0,0,0
651,62-Mi,45,1,6,0,1,0,0,0,0,2019.0,2023.0,1,1,0,0,1,1,1,1,0,0,0,0,2,2.0,3.0,2.0,1,1,2,1,600000.0,0.0,0.0,0.0,960000.0,960000.0,980000.0,900000.0,24000.0,26000.0,28000.0,30000.0,0.0,0.0,0.0,0.0,0.0,0.0,0.0,0.0,0.0,0.0,0.0,0.0,0.0,0.0,0.0,0.0,0.0,0.0,0.0,0.0,1584000.0,986000.0,1008000.0,930000.0,2400000.0,2600000.0,2800000.0,2000000.0,0.0,0.0,0.0,0.0,0.0,0.0,0.0,0.0,2400000.0,2600000.0,2800000.0,2000000.0,1.0,1,0,0,0,600000.0,100000.0,0.0,0.0,0.0,0.0,63000.0,0.0,0,0,0,0,0,0,1,0,100000.0,120000.0,120000.0,120000.0,0.0,0.0,0.0,0.0,0,0,0,0,0,0,0
652,63-Mi,36,1,6,0,1,1,0,0,1,2015.0,2022.0,1,1,0,0,2,2,2,0,0,0,0,0,2,2.0,2.0,0.0,0,0,0,0,0.0,0.0,0.0,0.0,200000.0,220000.0,210000.0,0.0,25000.0,28000.0,27000.0,0.0,0.0,0.0,0.0,0.0,0.0,0.0,0.0,0.0,0.0,0.0,0.0,0.0,0.0,0.0,0.0,0.0,0.0,0.0,0.0,0.0,225000.0,248000.0,237000.0,0.0,300000.0,220000.0,325000.0,0.0,0.0,0.0,0.0,0.0,0.0,0.0,0.0,0.0,300000.0,220000.0,325000.0,0.0,0.8,1,0,0,0,8000.0,22000.0,0.0,0.0,0.0,0.0,5000000.0,0.0,0,0,0,0,0,0,0,0,300000.0,300000.0,300000.0,0.0,0.0,0.0,0.0,0.0,0,0,0,0,0,0,0
653,64-Mi,43,1,5,0,0,1,0,0,0,2021.0,2022.0,1,1,0,0,1,1,1,1,0,0,0,0,2,2.0,2.0,2.0,1,1,1,1,0.0,0.0,0.0,0.0,0.0,0.0,0.0,0.0,35000.0,37000.0,35000.0,0.0,0.0,0.0,0.0,0.0,0.0,0.0,0.0,0.0,1800000.0,0.0,0.0,35000.0,0.0,0.0,0.0,0.0,0.0,0.0,0.0,40000.0,1835000.0,37000.0,35000.0,75000.0,0.0,0.0,0.0,0.0,0.0,0.0,0.0,0.0,0.0,0.0,0.0,0.0,0.0,0.0,0.0,0.0,0.75,1,0,0,0,30000.0,75000.0,1200000.0,1200000.0,1200000.0,0.0,800000.0,0.0,1,0,0,0,0,1,1,1,600000.0,600000.0,600000.0,0.0,0.0,0.0,0.0,0.0,0,0,0,0,0,0,0
654,65-Mi,48,1,4,0,1,0,0,0,1,2012.0,2020.0,1,0,1,0,1,0,0,0,8,0,0,0,9,0.0,0.0,0.0,0,0,0,0,0.0,337500.0,0.0,0.0,0.0,0.0,0.0,0.0,0.0,0.0,0.0,0.0,0.0,0.0,0.0,337500.0,0.0,0.0,0.0,0.0,0.0,0.0,0.0,0.0,0.0,0.0,0.0,0.0,50000.0,0.0,0.0,0.0,387500.0,337500.0,337500.0,337500.0,0.0,0.0,1200000.0,0.0,0.0,0.0,0.0,0.0,0.0,0.0,0.0,0.0,0.0,0.0,1200000.0,0.0,0.2,1,0,0,0,0.0,0.0,0.0,0.0,0.0,0.0,5850000.0,0.0,0,0,0,0,0,0,0,0,720000.0,0.0,0.0,0.0,0.0,0.0,0.0,0.0,0,0,1,0,0,0,0
655,66-Mi,55,1,4,0,1,0,0,0,0,2019.0,2021.0,1,1,0,0,1,0,0,0,0,0,0,0,1,0.0,0.0,0.0,0,0,0,0,0.0,0.0,0.0,0.0,11390625.0,0.0,0.0,0.0,22500.0,112500.0,0.0,0.0,0.0,0.0,0.0,0.0,0.0,0.0,0.0,0.0,0.0,0.0,0.0,0.0,0.0,0.0,0.0,0.0,0.0,0.0,0.0,0.0,11413125.0,112500.0,0.0,0.0,0.0,0.0,0.0,0.0,0.0,0.0,0.0,0.0,0.0,0.0,0.0,0.0,0.0,0.0,0.0,0.0,1.0,1,0,0,0,0.0,0.0,0.0,0.0,0.0,0.0,0.0,0.0,0,0,0,0,0,0,0,0,0.0,120000.0,7500000.0,0.0,0.0,0.0,0.0,0.0,0,1,0,0,0,0,0
656,67-Mi,53,1,3,0,1,0,0,0,1,2016.0,2021.0,1,1,0,0,1,1,0,0,0,0,0,0,1,1.0,0.0,0.0,0,0,0,0,0.0,0.0,0.0,0.0,0.0,0.0,0.0,0.0,0.0,0.0,0.0,0.0,112500.0,0.0,37500.0,0.0,0.0,0.0,35000.0,0.0,0.0,0.0,0.0,20000.0,0.0,0.0,0.0,0.0,50000.0,0.0,0.0,50000.0,190625.0,56250.0,72500.0,70000.0,0.0,0.0,0.0,0.0,0.0,0.0,0.0,0.0,0.0,0.0,0.0,0.0,0.0,0.0,0.0,0.0,0.9,1,0,0,0,15000.0,20000.0,30000.0,35000.0,37000.0,45000.0,0.0,0.0,0,0,1,0,0,1,1,1,0.0,900000.0,0.0,0.0,0.0,0.0,0.0,0.0,0,1,0,0,0,0,0
657,68-Mi,34,1,4,0,1,0,0,0,1,2016.0,,1,0,0,1,9,4,0,0,0,0,0,0,9,4.0,0.0,0.0,0,0,0,0,18900000.0,0.0,0.0,0.0,337500.0,0.0,0.0,0.0,0.0,0.0,0.0,0.0,0.0,0.0,0.0,0.0,0.0,40000.0,0.0,0.0,0.0,0.0,0.0,0.0,0.0,0.0,0.0,50000.0,0.0,0.0,0.0,50000.0,19237500.0,152500.0,0.0,100000.0,0.0,216000.0,216000.0,0.0,0.0,0.0,0.0,0.0,0.0,0.0,0.0,0.0,0.0,216000.0,216000.0,0.0,0.5,1,0,0,0,20000.0,30000.0,0.0,0.0,0.0,0.0,2100000.0,0.0,0,1,0,1,0,0,1,0,0.0,0.0,0.0,0.0,0.0,0.0,0.0,0.0,,,,,,,
658,69-Mi,28,1,5,0,1,0,0,0,1,2021.0,2023.0,1,0,0,1,0,4,2,0,0,0,0,0,0,4.0,2.0,0.0,0,0,0,0,0.0,0.0,0.0,0.0,0.0,0.0,0.0,0.0,56250.0,0.0,0.0,37500.0,0.0,0.0,0.0,0.0,0.0,0.0,0.0,20000.0,0.0,0.0,0.0,0.0,0.0,0.0,0.0,0.0,0.0,0.0,0.0,0.0,56250.0,28125.0,112500.0,57500.0,30000.0,0.0,0.0,0.0,0.0,0.0,0.0,0.0,0.0,0.0,0.0,0.0,30000.0,0.0,0.0,0.0,0.4,1,0,0,0,0.0,0.0,480000.0,480000.0,0.0,0.0,0.0,0.0,0,0,1,0,0,1,1,1,0.0,0.0,7500000.0,0.0,0.0,0.0,0.0,0.0,0,0,0,0,0,0,0
659,70-Mi,43,1,5,0,1,0,0,0,1,2007.0,2023.0,1,0,1,0,1,1,1,1,0,0,0,0,1,1.0,1.0,1.0,0,0,0,0,0.0,0.0,0.0,0.0,0.0,0.0,0.0,0.0,33750.0,0.0,900.0,33750.0,0.0,0.0,0.0,0.0,0.0,0.0,0.0,0.0,12000.0,0.0,0.0,0.0,15000.0,0.0,0.0,0.0,40000.0,0.0,0.0,0.0,100750.0,0.0,900.0,33750.0,0.0,185000.0,180000.0,0.0,0.0,0.0,0.0,0.0,0.0,0.0,0.0,0.0,0.0,185000.0,180000.0,0.0,0.2,1,0,0,0,3000.0,5000.0,240000.0,240000.0,0.0,0.0,35000.0,0.0,0,0,0,0,0,0,0,0,720000.0,1220000.0,0.0,0.0,0.0,0.0,0.0,0.0,0,0,0,0,0,0,0
660,71-Mi,57,1,4,0,1,0,0,0,1,2012.0,2023.0,1,0,1,0,2,2,2,2,0,0,0,0,9,5.0,3.0,2.0,7,3,1,0,0.0,0.0,0.0,0.0,0.0,0.0,0.0,0.0,0.0,0.0,0.0,225000.0,0.0,0.0,0.0,0.0,0.0,120000.0,0.0,0.0,0.0,0.0,0.0,0.0,0.0,0.0,0.0,50000.0,0.0,0.0,0.0,20000.0,0.0,120000.0,0.0,407500.0,0.0,1680000.0,798000.0,0.0,0.0,0.0,0.0,0.0,0.0,0.0,0.0,0.0,0.0,1680000.0,798000.0,0.0,0.5,1,0,0,0,25000.0,35000.0,0.0,0.0,0.0,0.0,600000.0,0.0,0,0,1,0,0,1,0,0,0.0,15000000.0,0.0,0.0,0.0,0.0,0.0,0.0,0,1,0,0,0,0,0
661,72-Mi,48,1,2,0,1,0,0,0,1,2009.0,2022.0,1,0,1,0,1,1,1,0,0,0,0,0,3,3.0,1.0,0.0,2,2,0,0,0.0,0.0,0.0,0.0,0.0,0.0,0.0,0.0,0.0,0.0,113625.0,0.0,0.0,0.0,0.0,0.0,0.0,0.0,0.0,0.0,0.0,0.0,0.0,0.0,0.0,0.0,0.0,0.0,0.0,0.0,0.0,0.0,0.0,1125.0,113625.0,7875.0,0.0,0.0,0.0,0.0,0.0,0.0,0.0,0.0,0.0,0.0,0.0,0.0,0.0,0.0,0.0,0.0,0.5,1,0,0,0,150000.0,180000.0,60000.0,60000.0,60000.0,60000.0,500000.0,0.0,0,0,1,0,0,1,0,0,80000.0,30000.0,50000.0,0.0,0.0,0.0,0.0,0.0,0,1,0,0,0,0,0
662,73-Mi,61,1,3,0,1,0,0,0,1,1990.0,2021.0,1,0,1,0,1,1,0,0,4,4,0,0,5,5.0,0.0,0.0,0,0,0,0,0.0,0.0,0.0,0.0,0.0,0.0,0.0,0.0,0.0,0.0,225000.0,0.0,0.0,0.0,0.0,0.0,0.0,0.0,0.0,0.0,180000.0,0.0,0.0,0.0,0.0,0.0,20000.0,0.0,0.0,0.0,0.0,0.0,19080000.0,0.0,245000.0,0.0,0.0,0.0,0.0,0.0,0.0,0.0,0.0,0.0,0.0,0.0,0.0,0.0,0.0,0.0,0.0,0.0,0.6,1,0,0,0,5000.0,8000.0,120000.0,120000.0,0.0,0.0,30000.0,0.0,0,1,0,0,1,0,0,0,80000.0,60000.0,720000.0,0.0,0.0,0.0,0.0,0.0,0,0,0,0,0,0,0
663,74-Mi,43,1,4,0,1,0,0,0,1,2018.0,2023.0,1,1,0,0,4,4,4,0,0,0,0,0,4,4.0,4.0,0.0,0,0,0,0,0.0,0.0,0.0,0.0,0.0,0.0,0.0,0.0,0.0,0.0,0.0,0.0,0.0,0.0,0.0,0.0,0.0,0.0,50000.0,50000.0,0.0,0.0,50000.0,0.0,0.0,0.0,0.0,0.0,0.0,0.0,0.0,0.0,0.0,0.0,100000.0,50000.0,14025000.0,302000.0,0.0,0.0,0.0,0.0,0.0,0.0,0.0,0.0,0.0,0.0,14025000.0,302000.0,0.0,0.0,0.7,1,0,0,0,10000.0,25000.0,504000.0,540000.0,540000.0,540000.0,14900000.0,0.0,0,0,0,0,0,0,1,1,0.0,0.0,0.0,0.0,0.0,0.0,0.0,0.0,0,1,0,0,0,0,0
664,75-Mi,54,1,4,0,1,0,0,0,1,2011.0,2021.0,1,1,0,0,1,0,0,0,7,0,0,0,8,0.0,0.0,0.0,0,0,0,0,0.0,0.0,0.0,0.0,0.0,0.0,0.0,112500.0,37500.0,0.0,56250.0,0.0,0.0,0.0,0.0,0.0,0.0,0.0,0.0,0.0,0.0,0.0,0.0,0.0,0.0,0.0,0.0,0.0,0.0,0.0,0.0,0.0,65625.0,0.0,56250.0,112500.0,216000.0,124396.0,187911.4,198936.3,0.0,0.0,0.0,0.0,0.0,0.0,0.0,0.0,216000.0,124396.0,187911.4,198936.3,0.5,1,0,0,0,0.0,0.0,1800000.0,1800000.0,1800000.0,1800000.0,100000.0,0.0,0,0,1,0,0,1,0,,0.0,0.0,500000.0,0.0,0.0,0.0,0.0,0.0,0,0,0,0,0,0,0
665,76-Mi,50,1,3,0,1,0,0,0,1,2000.0,2021.0,1,1,0,0,1,0,0,0,0,0,0,0,1,0.0,0.0,0.0,0,0,0,0,0.0,0.0,0.0,0.0,0.0,0.0,0.0,0.0,0.0,0.0,0.0,0.0,0.0,0.0,0.0,0.0,0.0,0.0,0.0,0.0,0.0,0.0,0.0,0.0,0.0,0.0,0.0,0.0,0.0,0.0,0.0,0.0,0.0,0.0,0.0,0.0,100000.0,100000.0,100000.0,100000.0,0.0,0.0,0.0,0.0,0.0,0.0,0.0,0.0,100000.0,100000.0,100000.0,100000.0,0.35,1,0,0,0,0.0,0.0,0.0,0.0,0.0,0.0,15200000.0,0.0,0,0,1,0,0,0,,0,0.0,0.0,1200000.0,400000.0,0.0,0.0,0.0,0.0,0,0,0,0,0,0,0
666,77-Mi,52,1,4,0,1,0,0,0,1,,2020.0,1,1,0,0,0,0,0,0,0,0,0,0,0,0.0,0.0,0.0,0,0,0,0,10125000.0,0.0,0.0,0.0,0.0,0.0,0.0,0.0,0.0,0.0,0.0,0.0,0.0,22500.0,0.0,0.0,0.0,45000.0,0.0,0.0,0.0,0.0,0.0,50000.0,0.0,0.0,0.0,0.0,40000.0,0.0,0.0,35000.0,10165000.0,180000.0,0.0,85000.0,300000.0,0.0,0.0,0.0,0.0,0.0,0.0,0.0,0.0,0.0,0.0,0.0,300000.0,0.0,0.0,0.0,0.5,1,0,0,0,0.0,0.0,180000.0,200000.0,150000.0,0.0,100000.0,0.0,0,0,0,0,0,1,0,0,120000.0,360000.0,400000.0,0.0,0.0,0.0,0.0,0.0,0,0,0,0,0,0,0
667,78-Mi,60,1,6,0,1,0,0,0,1,1991.0,2021.0,1,1,0,0,40,0,0,0,0,0,0,0,40,0.0,0.0,0.0,0,0,0,0,16875000.0,0.0,0.0,0.0,0.0,0.0,0.0,0.0,0.0,0.0,0.0,0.0,0.0,0.0,33750.0,0.0,30000.0,0.0,0.0,0.0,0.0,0.0,0.0,0.0,0.0,0.0,0.0,0.0,0.0,20000.0,30000.0,0.0,16905000.0,20000.0,63750.0,22500.0,1083000.0,0.0,0.0,400000.0,0.0,0.0,0.0,0.0,0.0,0.0,0.0,0.0,1083000.0,0.0,0.0,400000.0,0.5,1,0,0,0,0.0,0.0,600000.0,600000.0,600000.0,0.0,500000.0,0.0,0,0,0,0,0,1,0,0,1500000.0,700000.0,1800000.0,0.0,0.0,0.0,0.0,0.0,0,0,0,0,0,0,0
668,79-Mi,40,1,4,0,1,0,0,0,1,2012.0,2022.0,1,1,0,0,1,1,1,0,0,0,0,0,4,3.0,1.0,0.0,3,2,0,0,0.0,0.0,37500.0,0.0,28125.0,0.0,0.0,0.0,112500.0,0.0,0.0,0.0,0.0,0.0,0.0,0.0,0.0,120000.0,0.0,0.0,0.0,0.0,0.0,0.0,0.0,0.0,0.0,20000.0,0.0,0.0,0.0,0.0,196875.0,120000.0,37500.0,20000.0,0.0,0.0,638400.0,3110400.0,0.0,0.0,0.0,0.0,0.0,0.0,0.0,0.0,0.0,0.0,638400.0,3110400.0,0.4,1,0,0,0,8000.0,15000.0,240000.0,0.0,0.0,0.0,850000.0,0.0,0,0,0,0,0,0,0,0,0.0,0.0,0.0,0.0,0.0,0.0,0.0,0.0,0,0,0,0,0,0,0
669,80-Mi,50,1,4,1,0,0,0,0,1,2018.0,2022.0,1,1,0,0,1,1,1,0,0,0,0,0,13,9.0,3.0,0.0,12,8,2,0,0.0,0.0,0.0,0.0,0.0,0.0,675000.0,0.0,0.0,0.0,0.0,0.0,0.0,33750.0,0.0,0.0,0.0,0.0,120000.0,0.0,120000.0,0.0,0.0,0.0,120000.0,0.0,0.0,120000.0,0.0,0.0,0.0,0.0,19140000.0,33750.0,795000.0,120000.0,0.0,0.0,0.0,0.0,0.0,0.0,0.0,0.0,0.0,0.0,0.0,0.0,0.0,0.0,0.0,0.0,0.5,1,0,0,0,0.0,700000.0,576000.0,576000.0,576000.0,0.0,1850000.0,0.0,0,0,0,0,0,0,0,0,0.0,10000.0,0.0,290000.0,0.0,0.0,0.0,0.0,0,0,1,0,0,0,0
670,81-Mi,32,1,2,0,1,0,0,0,1,2021.0,2024.0,1,1,0,0,0,1,1,1,0,0,0,0,0,1.0,1.0,1.0,0,0,0,0,0.0,0.0,0.0,0.0,0.0,0.0,56250.0,0.0,0.0,0.0,0.0,112500.0,0.0,0.0,0.0,0.0,50000.0,0.0,0.0,0.0,20000.0,0.0,0.0,0.0,0.0,0.0,0.0,0.0,0.0,0.0,0.0,15000.0,70000.0,675000.0,393750.0,127500.0,0.0,0.0,191520.0,0.0,0.0,0.0,0.0,0.0,0.0,0.0,0.0,0.0,0.0,0.0,191520.0,0.0,0.6,1,0,0,0,5000.0,0.0,300000.0,380000.0,200000.0,300000.0,15000.0,0.0,0,0,1,0,0,1,1,1,250000.0,10000.0,720000.0,7500000.0,0.0,0.0,0.0,0.0,0,0,0,0,0,0,0
671,82-Mi,46,1,4,0,1,0,0,0,1,2004.0,2022.0,1,1,0,0,1,0,0,0,0,0,0,0,9,0.0,0.0,0.0,8,0,0,0,0.0,0.0,0.0,0.0,0.0,18750.0,0.0,28125.0,56250.0,0.0,0.0,0.0,0.0,0.0,0.0,0.0,0.0,0.0,0.0,0.0,0.0,0.0,0.0,0.0,0.0,0.0,0.0,0.0,0.0,0.0,0.0,0.0,70312.5,18750.0,0.0,28125.0,201269.5,110000.0,247101.9,155157.9,0.0,0.0,0.0,0.0,0.0,0.0,0.0,0.0,201269.5,110000.0,247101.9,155157.9,0.75,1,0,0,0,0.0,0.0,0.0,0.0,0.0,0.0,30000.0,0.0,0,1,0,1,0,0,1,0,1800000.0,60000.0,0.0,0.0,0.0,0.0,0.0,0.0,0,0,0,0,0,0,0
672,83-Mi,41,1,3,0,1,0,0,0,0,2006.0,2020.0,1,1,0,0,1,0,0,0,0,0,0,0,1,0.0,0.0,0.0,0,0,0,0,0.0,0.0,0.0,0.0,112500.0,112500.0,0.0,0.0,0.0,675000.0,0.0,0.0,0.0,0.0,0.0,0.0,0.0,20000.0,0.0,0.0,0.0,0.0,0.0,0.0,0.0,0.0,0.0,0.0,0.0,0.0,0.0,0.0,116437.5,807500.0,0.0,3937.5,0.0,0.0,0.0,0.0,0.0,0.0,0.0,0.0,0.0,0.0,0.0,0.0,0.0,0.0,0.0,0.0,0.5,1,0,0,0,0.0,0.0,0.0,0.0,0.0,0.0,550000.0,0.0,0,0,1,0,0,1,1,1,0.0,0.0,80000.0,120000.0,0.0,0.0,0.0,0.0,0,0,0,0,0,0,0
673,84-Mi,49,1,4,1,0,0,0,0,1,2006.0,2024.0,1,1,0,0,1,1,0,0,0,0,0,0,6,3.0,0.0,0.0,5,2,0,0,0.0,0.0,0.0,0.0,0.0,0.0,0.0,0.0,42187.5,56250.0,0.0,0.0,0.0,0.0,0.0,0.0,0.0,0.0,0.0,0.0,0.0,0.0,0.0,0.0,18000.0,0.0,0.0,80000.0,0.0,0.0,0.0,0.0,60187.5,56250.0,18750.0,80000.0,2825000.0,0.0,0.0,0.0,0.0,0.0,0.0,0.0,0.0,0.0,0.0,0.0,2825000.0,0.0,0.0,0.0,0.12,1,0,0,0,12000.0,18000.0,0.0,0.0,1200000.0,1200000.0,450000.0,0.0,0,0,0,0,0,0,0,0,0.0,60000.0,120000.0,400000.0,0.0,0.0,0.0,0.0,0,0,0,0,0,0,0
674,85-Mi,70,1,6,0,1,0,0,0,1,2010.0,2022.0,1,1,0,0,1,1,0,0,0,0,0,0,1,1.0,0.0,0.0,0,0,0,0,0.0,0.0,0.0,0.0,11390625.0,0.0,0.0,0.0,0.0,675000.0,0.0,0.0,0.0,0.0,0.0,0.0,0.0,0.0,0.0,0.0,45000.0,0.0,0.0,0.0,0.0,0.0,0.0,0.0,0.0,0.0,0.0,0.0,11435625.0,675000.0,0.0,33750.0,0.0,0.0,185000.0,0.0,0.0,0.0,0.0,0.0,0.0,0.0,0.0,0.0,0.0,0.0,185000.0,0.0,0.5,1,0,0,0,0.0,0.0,660000.0,550000.0,610000.0,510000.0,65000.0,0.0,0,0,1,0,0,1,0,0,200000.0,0.0,720000.0,300000.0,0.0,0.0,0.0,0.0,0,1,0,0,0,0,0
675,86-Mi,29,1,3,0,1,0,0,0,1,2020.0,2022.0,1,1,0,0,2,2,2,0,0,0,0,0,3,3.0,3.0,0.0,1,1,1,0,0.0,0.0,0.0,0.0,0.0,0.0,0.0,0.0,0.0,0.0,0.0,0.0,0.0,0.0,0.0,0.0,0.0,0.0,0.0,0.0,0.0,0.0,0.0,12000.0,0.0,0.0,0.0,0.0,0.0,50000.0,0.0,0.0,0.0,50000.0,0.0,12000.0,1050000.0,400000.0,0.0,0.0,0.0,0.0,0.0,0.0,0.0,0.0,0.0,0.0,1050000.0,400000.0,0.0,0.0,0.6,1,0,0,0,35000.0,42000.0,600000.0,600000.0,720000.0,720000.0,30000.0,0.0,0,0,1,0,0,1,0,0,10000.0,1800000.0,15000000.0,0.0,0.0,0.0,0.0,0.0,0,0,1,0,0,0,0
676,87-Mi,63,1,4,0,1,0,0,0,1,2010.0,2022.0,1,1,0,0,1,1,1,0,0,0,0,0,1,1.0,1.0,0.0,0,0,0,0,0.0,0.0,0.0,0.0,0.0,0.0,0.0,0.0,0.0,0.0,0.0,0.0,0.0,0.0,0.0,0.0,0.0,0.0,0.0,0.0,0.0,0.0,0.0,0.0,0.0,0.0,18000.0,0.0,0.0,0.0,80000.0,0.0,0.0,0.0,98000.0,0.0,0.0,0.0,0.0,0.0,0.0,0.0,0.0,0.0,0.0,0.0,0.0,0.0,0.0,0.0,0.0,0.0,0.7,1,0,0,0,15000.0,22000.0,0.0,0.0,0.0,0.0,80000.0,0.0,0,1,0,0,1,0,0,0,0.0,1200000.0,80000.0,0.0,0.0,0.0,0.0,0.0,0,1,0,0,0,0,0
677,88-Mi,42,1,4,0,1,0,0,0,1,2008.0,2021.0,1,1,0,0,1,1,0,0,0,0,0,0,1,1.0,0.0,0.0,0,0,0,0,0.0,0.0,0.0,0.0,0.0,0.0,0.0,0.0,0.0,0.0,0.0,0.0,0.0,675000.0,0.0,0.0,0.0,0.0,0.0,0.0,0.0,0.0,0.0,0.0,0.0,0.0,0.0,0.0,0.0,0.0,0.0,0.0,34650.0,675000.0,0.0,0.0,383040.0,0.0,500000.0,0.0,0.0,0.0,0.0,0.0,0.0,0.0,0.0,0.0,383040.0,0.0,500000.0,0.0,0.6,1,0,0,0,0.0,0.0,0.0,0.0,0.0,0.0,1500000.0,0.0,0,0,0,0,0,0,1,1,400000.0,0.0,0.0,0.0,0.0,0.0,0.0,0.0,0,1,0,0,0,0,0
678,89-Mi,45,1,4,0,1,0,0,0,1,2014.0,2021.0,1,1,0,0,1,1,0,0,0,0,0,0,11,6.0,0.0,0.0,10,5,0,0,0.0,0.0,0.0,0.0,0.0,0.0,0.0,0.0,337500.0,0.0,112500.0,168750.0,0.0,0.0,0.0,0.0,0.0,0.0,0.0,0.0,0.0,0.0,0.0,0.0,0.0,120000.0,0.0,60000.0,80000.0,0.0,0.0,25000.0,501875.0,120000.0,112500.0,253750.0,798000.0,798000.0,0.0,798000.0,0.0,0.0,0.0,0.0,0.0,0.0,0.0,0.0,798000.0,798000.0,0.0,798000.0,0.5,1,0,0,0,5000.0,8000.0,0.0,0.0,0.0,0.0,80000.0,0.0,0,0,1,0,0,1,0,,0.0,1200000.0,0.0,1920000.0,0.0,0.0,0.0,0.0,,,,,,,
679,90-Mi,55,1,4,0,1,0,0,0,1,,2019.0,1,1,0,0,0,0,0,0,0,0,0,0,0,0.0,0.0,0.0,0,0,0,0,0.0,0.0,0.0,0.0,0.0,112500.0,37500.0,56250.0,0.0,0.0,0.0,0.0,28125.0,0.0,0.0,0.0,0.0,0.0,0.0,0.0,0.0,0.0,0.0,0.0,0.0,0.0,35000.0,0.0,0.0,0.0,0.0,0.0,28125.0,112500.0,72500.0,56250.0,0.0,0.0,0.0,0.0,0.0,0.0,0.0,0.0,0.0,0.0,0.0,0.0,0.0,0.0,0.0,0.0,0.8,1,0,0,0,30000.0,45000.0,0.0,0.0,0.0,0.0,5190000.0,0.0,0,0,1,0,0,0,,0,1800000.0,0.0,720000.0,0.0,0.0,0.0,0.0,0.0,0,0,0,0,0,0,0
680,91-Mi,40,1,4,0,1,0,0,0,1,2010.0,2021.0,1,1,0,0,1,1,0,0,0,0,0,0,1,1.0,0.0,0.0,0,0,0,0,0.0,11250.0,0.0,0.0,0.0,0.0,0.0,0.0,0.0,22500.0,0.0,0.0,0.0,7500.0,0.0,0.0,0.0,0.0,0.0,0.0,0.0,0.0,0.0,0.0,0.0,0.0,0.0,0.0,0.0,0.0,0.0,0.0,0.0,41250.0,0.0,5625.0,2825000.0,0.0,0.0,0.0,0.0,0.0,0.0,0.0,0.0,0.0,0.0,0.0,2825000.0,0.0,0.0,0.0,0.5,1,0,0,0,120000.0,150000.0,30000.0,35000.0,37000.0,45000.0,0.0,0.0,0,0,0,0,0,1,0,0,0.0,100000.0,240000.0,50000.0,0.0,0.0,0.0,0.0,0,0,0,0,0,0,0
681,92-Mi,40,1,4,1,0,0,0,0,1,2019.0,2019.0,1,1,0,0,0,0,0,0,0,0,0,0,0,0.0,0.0,0.0,0,0,0,0,0.0,5850.0,0.0,112500.0,0.0,0.0,0.0,0.0,0.0,0.0,0.0,0.0,0.0,0.0,0.0,0.0,0.0,0.0,0.0,0.0,0.0,0.0,0.0,0.0,0.0,0.0,0.0,0.0,0.0,0.0,0.0,0.0,33750.0,5850.0,0.0,117000.0,1747500.0,383040.0,0.0,0.0,0.0,0.0,0.0,0.0,0.0,0.0,0.0,0.0,1747500.0,383040.0,0.0,0.0,0.5,1,0,0,0,7000.0,10000.0,0.0,0.0,0.0,0.0,0.0,0.0,0,0,0,0,0,1,0,0,120000.0,0.0,0.0,0.0,0.0,0.0,0.0,0.0,0,1,0,0,0,0,0
682,93-Mi,48,1,3,0,1,0,0,0,1,2010.0,2021.0,1,1,0,0,1,0,0,0,0,0,0,0,11,1.0,0.0,0.0,10,0,0,0,0.0,0.0,0.0,0.0,0.0,0.0,0.0,0.0,0.0,56250.0,0.0,0.0,0.0,56250.0,56250.0,0.0,0.0,0.0,0.0,0.0,0.0,0.0,0.0,0.0,0.0,0.0,0.0,0.0,0.0,0.0,0.0,0.0,0.0,112500.0,56250.0,0.0,0.0,0.0,383040.0,78000.0,0.0,0.0,0.0,0.0,0.0,0.0,0.0,0.0,0.0,0.0,383040.0,78000.0,0.8,1,0,0,0,15000.0,30000.0,480000.0,480000.0,0.0,0.0,1880000.0,0.0,0,0,0,0,0,0,0,0,720000.0,30000.0,0.0,630000.0,0.0,0.0,0.0,0.0,0,1,0,0,0,0,0
683,94-Mi,31,1,2,0,1,0,0,0,0,2018.0,2020.0,1,1,0,0,0,0,0,0,0,0,0,0,0,0.0,0.0,0.0,0,0,0,0,0.0,112500.0,0.0,0.0,0.0,0.0,0.0,112500.0,0.0,112500.0,112500.0,0.0,0.0,0.0,0.0,0.0,0.0,0.0,0.0,0.0,0.0,0.0,0.0,0.0,0.0,0.0,0.0,0.0,0.0,50000.0,0.0,15000.0,0.0,275000.0,112500.0,127500.0,0.0,0.0,0.0,0.0,0.0,0.0,0.0,0.0,0.0,0.0,0.0,0.0,0.0,0.0,0.0,0.0,0.75,1,0,0,0,0.0,0.0,240000.0,240000.0,0.0,0.0,0.0,0.0,0,0,0,0,0,0,0,0,50000.0,15000000.0,15000000.0,0.0,0.0,0.0,0.0,0.0,0,0,0,0,0,0,0
684,95-Mi,46,1,3,0,1,0,0,0,1,2010.0,2019.0,1,1,0,0,0,0,0,0,0,0,0,0,0,0.0,0.0,0.0,0,0,0,0,0.0,0.0,0.0,0.0,0.0,0.0,0.0,0.0,0.0,0.0,0.0,0.0,0.0,0.0,0.0,0.0,0.0,0.0,0.0,0.0,0.0,0.0,0.0,0.0,0.0,0.0,0.0,0.0,0.0,0.0,0.0,0.0,0.0,0.0,0.0,0.0,0.0,0.0,302000.0,420000.0,0.0,0.0,0.0,0.0,0.0,0.0,0.0,0.0,0.0,0.0,302000.0,420000.0,0.8,1,0,0,0,0.0,0.0,0.0,0.0,0.0,0.0,29000.0,0.0,0,0,1,0,0,1,1,1,0.0,0.0,30000.0,720000.0,0.0,0.0,0.0,0.0,0,1,0,0,0,0,0
685,96-Mi,41,1,4,1,0,0,0,0,1,2011.0,,1,1,0,0,0,0,0,0,0,0,0,0,3,3.0,3.0,0.0,3,3,3,0,0.0,33750.0,33750.0,33750.0,0.0,0.0,0.0,0.0,0.0,0.0,0.0,0.0,0.0,0.0,0.0,0.0,0.0,0.0,150000.0,0.0,0.0,0.0,0.0,0.0,0.0,0.0,150000.0,150000.0,150000.0,0.0,0.0,0.0,183750.0,33750.0,333750.0,183750.0,300000.0,0.0,0.0,0.0,0.0,0.0,0.0,0.0,0.0,0.0,0.0,0.0,300000.0,0.0,0.0,0.0,0.56,1,0,0,0,0.0,0.0,60000.0,60000.0,60000.0,60000.0,540000.0,0.0,0,1,0,1,0,0,1,0,0.0,0.0,400000.0,0.0,0.0,0.0,0.0,0.0,0,0,0,0,0,0,0
686,97-Mi,40,1,4,0,1,0,0,0,0,2018.0,2020.0,1,1,0,0,2,2,0,0,0,0,0,0,2,2.0,0.0,0.0,0,0,0,0,0.0,0.0,0.0,0.0,0.0,0.0,0.0,0.0,0.0,0.0,0.0,5850.0,0.0,0.0,0.0,0.0,0.0,0.0,0.0,0.0,0.0,40000.0,0.0,35000.0,0.0,0.0,0.0,0.0,0.0,0.0,0.0,30000.0,112500.0,152500.0,0.0,75350.0,0.0,420000.0,0.0,0.0,0.0,0.0,0.0,0.0,0.0,0.0,0.0,0.0,0.0,420000.0,0.0,0.0,0.8,1,0,0,0,0.0,0.0,120000.0,120000.0,0.0,0.0,450000.0,0.0,0,0,1,0,0,1,1,1,600000.0,20000.0,0.0,0.0,0.0,0.0,0.0,0.0,0,0,0,0,0,0,0
687,98-Mi,38,1,4,0,1,0,0,0,1,2015.0,2019.0,1,1,0,0,0,0,0,0,0,0,0,0,0,0.0,0.0,0.0,0,0,0,0,7500.0,5625.0,0.0,0.0,0.0,0.0,0.0,0.0,11250.0,0.0,22500.0,0.0,0.0,0.0,0.0,0.0,0.0,0.0,0.0,0.0,80000.0,0.0,80000.0,0.0,0.0,0.0,0.0,0.0,0.0,0.0,0.0,0.0,98750.0,5625.0,102500.0,0.0,16000.0,0.0,0.0,0.0,0.0,0.0,0.0,0.0,0.0,0.0,0.0,0.0,16000.0,0.0,0.0,0.0,0.5,1,0,0,0,10000.0,20000.0,504000.0,540000.0,540000.0,540000.0,25000.0,0.0,0,0,0,0,0,0,0,0,0.0,50000.0,15000000.0,220000.0,0.0,0.0,0.0,0.0,0,0,0,0,0,0,0
688,99-Mi,43,1,5,0,1,0,0,0,1,2010.0,2019.0,1,1,0,0,0,0,0,0,0,0,0,0,0,0.0,0.0,0.0,0,0,0,0,0.0,0.0,0.0,0.0,0.0,0.0,0.0,0.0,0.0,337500.0,5850.0,1125.0,33750.0,0.0,0.0,0.0,50000.0,16000.0,0.0,0.0,0.0,0.0,0.0,0.0,0.0,0.0,0.0,0.0,0.0,0.0,0.0,0.0,83750.0,353500.0,5850.0,1125.0,100000.0,176269.9,121475.5,148227.5,0.0,0.0,0.0,0.0,0.0,0.0,0.0,0.0,100000.0,176269.9,121475.5,148227.5,0.5,1,0,0,0,0.0,500000.0,1800000.0,1800000.0,1800000.0,1800000.0,13300000.0,0.0,0,0,1,0,0,1,0,0,0.0,0.0,80000.0,15020000.0,0.0,0.0,0.0,0.0,0,0,0,0,0,0,0
689,100-Mi,38,1,2,0,1,0,0,0,0,2020.0,2023.0,1,1,0,0,1,1,1,1,0,0,0,0,2,2.0,1.0,1.0,1,1,0,0,18750.0,0.0,28125.0,0.0,0.0,0.0,0.0,0.0,0.0,0.0,56250.0,0.0,0.0,0.0,0.0,0.0,0.0,0.0,0.0,0.0,25000.0,35000.0,0.0,15000.0,0.0,0.0,35000.0,0.0,0.0,0.0,0.0,0.0,57812.5,35000.0,119375.0,15000.0,0.0,0.0,0.0,4608000.0,0.0,0.0,0.0,0.0,0.0,0.0,0.0,0.0,0.0,0.0,0.0,4608000.0,0.5,1,0,0,0,6000.0,0.0,0.0,0.0,0.0,0.0,90000.0,0.0,0,0,1,0,0,1,0,0,0.0,0.0,0.0,15000000.0,0.0,0.0,0.0,0.0,0,0,0,0,0,0,0
690,101-Mi,68,1,2,0,0,1,0,0,1,1996.0,2021.0,1,0,1,0,1,0,0,0,0,0,0,0,1,1.0,0.0,0.0,0,0,0,0,0.0,0.0,0.0,0.0,0.0,0.0,0.0,0.0,0.0,22500.0,0.0,0.0,0.0,0.0,0.0,0.0,0.0,0.0,0.0,12000.0,0.0,0.0,0.0,0.0,0.0,0.0,30000.0,0.0,18000.0,0.0,0.0,0.0,40500.0,45000.0,30000.0,12000.0,0.0,0.0,500000.0,0.0,0.0,0.0,0.0,0.0,0.0,0.0,0.0,0.0,0.0,0.0,500000.0,0.0,0.4,1,0,0,0,0.0,0.0,180000.0,200000.0,150000.0,0.0,13680000.0,0.0,0,1,0,0,1,0,0,0,1800000.0,100000.0,15000000.0,1020000.0,0.0,0.0,0.0,0.0,0,0,1,0,0,0,0
691,102-Mi,39,1,4,0,1,0,0,0,1,2020.0,2022.0,1,0,1,0,5,4,0,0,0,0,0,0,5,4.0,0.0,0.0,0,0,0,0,14062.5,18750.0,0.0,0.0,0.0,0.0,0.0,0.0,0.0,28125.0,0.0,0.0,0.0,0.0,0.0,0.0,0.0,0.0,0.0,80000.0,0.0,0.0,0.0,15000.0,35000.0,0.0,0.0,0.0,0.0,0.0,0.0,0.0,49062.5,103125.0,0.0,95000.0,0.0,0.0,0.0,1747500.0,0.0,0.0,0.0,0.0,0.0,0.0,0.0,0.0,0.0,0.0,0.0,1747500.0,0.58,1,0,0,0,0.0,0.0,600000.0,600000.0,600000.0,0.0,90000.0,0.0,0,0,0,0,0,0,1,1,60000.0,1200000.0,0.0,0.0,0.0,0.0,0.0,0.0,0,0,0,0,0,0,0
692,103-Mi,52,1,4,1,0,0,0,0,1,2020.0,2021.0,1,0,1,0,3,2,2,2,0,0,0,0,3,2.0,2.0,2.0,0,0,0,0,0.0,0.0,0.0,0.0,0.0,0.0,0.0,112500.0,0.0,0.0,112500.0,0.0,0.0,0.0,0.0,0.0,0.0,0.0,0.0,0.0,0.0,0.0,0.0,0.0,5000.0,0.0,0.0,0.0,0.0,0.0,0.0,0.0,117500.0,112500.0,112500.0,112500.0,360000.0,360000.0,360000.0,360000.0,0.0,0.0,0.0,0.0,0.0,0.0,0.0,0.0,360000.0,360000.0,360000.0,360000.0,0.75,1,0,0,0,3000.0,7500.0,240000.0,0.0,0.0,0.0,450000.0,0.0,0,0,1,0,0,1,0,,0.0,15120000.0,0.0,0.0,0.0,0.0,0.0,0.0,0,0,0,0,0,0,0
693,104-Mi,50,1,4,1,0,0,0,0,0,2018.0,2022.0,1,0,1,0,1,1,0,0,0,0,0,0,1,1.0,0.0,0.0,0,0,0,0,0.0,0.0,0.0,0.0,0.0,0.0,0.0,0.0,0.0,675000.0,0.0,1350000.0,0.0,0.0,0.0,0.0,45000.0,0.0,0.0,0.0,0.0,45000.0,0.0,0.0,0.0,0.0,0.0,0.0,0.0,45000.0,0.0,0.0,45000.0,765000.0,0.0,1350000.0,0.0,0.0,0.0,0.0,0.0,0.0,0.0,0.0,0.0,0.0,0.0,0.0,0.0,0.0,0.0,0.0,0.5,1,0,0,0,0.0,0.0,576000.0,576000.0,576000.0,0.0,750000.0,0.0,0,0,1,0,0,0,,0,60000.0,0.0,1280000.0,1200000.0,0.0,0.0,0.0,0.0,0,0,0,0,0,0,0
694,105-Mi,0,1,4,0,1,1,0,0,1,2010.0,2021.0,1,0,0,1,1,1,0,0,1,1,0,0,7,4.0,0.0,0.0,5,4,0,0,0.0,0.0,0.0,0.0,10125000.0,0.0,0.0,56250.0,0.0,0.0,0.0,0.0,0.0,0.0,0.0,0.0,0.0,0.0,0.0,0.0,0.0,0.0,0.0,0.0,0.0,0.0,0.0,0.0,0.0,0.0,0.0,0.0,10125000.0,0.0,0.0,78750.0,4726250.0,0.0,10000000.0,0.0,0.0,0.0,0.0,0.0,0.0,0.0,0.0,0.0,4726250.0,0.0,10000000.0,0.0,0.6,1,0,0,0,0.0,0.0,300000.0,380000.0,200000.0,300000.0,1660000.0,0.0,0,0,0,0,0,1,0,0,60000.0,0.0,1620000.0,0.0,0.0,0.0,0.0,0.0,0,0,0,0,0,0,0
695,106-Mi,0,1,5,0,1,0,0,1,1,2013.0,2020.0,1,0,0,1,1,0,0,0,0,0,0,0,7,1.0,0.0,0.0,6,0,0,0,0.0,0.0,0.0,0.0,0.0,0.0,0.0,0.0,0.0,0.0,0.0,0.0,0.0,0.0,0.0,0.0,0.0,0.0,0.0,0.0,0.0,120000.0,0.0,60000.0,0.0,0.0,0.0,0.0,0.0,0.0,0.0,0.0,0.0,120000.0,0.0,60000.0,0.0,0.0,0.0,0.0,0.0,0.0,0.0,0.0,0.0,0.0,0.0,0.0,0.0,0.0,0.0,0.0,0.5,1,0,0,0,0.0,0.0,0.0,0.0,0.0,0.0,12000.0,0.0,0,0,0,0,0,1,0,0,0.0,15500000.0,0.0,0.0,0.0,0.0,0.0,0.0,0,1,0,0,0,0,0
696,107-Mi,36,1,7,0,1,0,0,0,1,2020.0,2020.0,1,0,0,1,1,1,0,0,0,0,0,0,3,3.0,0.0,0.0,2,2,0,0,0.0,0.0,0.0,337500.0,0.0,0.0,0.0,0.0,337500.0,337500.0,337500.0,0.0,0.0,0.0,0.0,0.0,0.0,0.0,0.0,0.0,0.0,45000.0,0.0,0.0,0.0,0.0,0.0,0.0,0.0,0.0,0.0,0.0,337500.0,382500.0,337500.0,337500.0,0.0,0.0,0.0,0.0,0.0,0.0,0.0,0.0,0.0,0.0,0.0,0.0,0.0,0.0,0.0,0.0,0.2,1,0,0,0,18000.0,22000.0,0.0,0.0,0.0,0.0,25000.0,0.0,0,0,0,0,0,0,0,0,7500000.0,3300000.0,1500000.0,0.0,0.0,0.0,0.0,0.0,0,0,1,0,0,0,0
697,108-Mi,46,1,4,0,0,0,1,0,1,2019.0,2022.0,1,0,0,1,1,1,0,0,8,8,0,0,13,13.0,0.0,0.0,4,4,0,0,0.0,0.0,3937.5,0.0,0.0,0.0,0.0,0.0,0.0,0.0,112500.0,0.0,0.0,0.0,0.0,5850.0,0.0,0.0,0.0,0.0,40000.0,0.0,0.0,0.0,0.0,0.0,0.0,0.0,0.0,0.0,0.0,0.0,40000.0,0.0,116437.5,5850.0,0.0,0.0,144000.0,0.0,0.0,0.0,0.0,0.0,0.0,0.0,0.0,0.0,0.0,0.0,144000.0,0.0,0.4,1,0,0,0,22000.0,32000.0,0.0,0.0,1200000.0,1200000.0,495000.0,0.0,0,0,0,0,0,0,0,0,300000.0,0.0,400000.0,0.0,0.0,0.0,0.0,0.0,0,1,0,0,0,0,0
698,109-Mi,37,1,4,0,0,0,1,0,0,,,1,0,0,1,1,1,0,0,0,0,0,0,1,1.0,0.0,0.0,0,0,0,0,0.0,0.0,0.0,0.0,0.0,0.0,84375.0,0.0,168750.0,0.0,112500.0,0.0,0.0,337500.0,0.0,0.0,18000.0,0.0,0.0,40000.0,0.0,0.0,0.0,0.0,0.0,35000.0,0.0,0.0,16000.0,0.0,0.0,0.0,202750.0,372500.0,196875.0,40000.0,1083000.0,0.0,0.0,0.0,0.0,0.0,0.0,0.0,0.0,0.0,0.0,0.0,1083000.0,0.0,0.0,0.0,0.5,1,0,0,0,3500.0,5500.0,600000.0,600000.0,720000.0,720000.0,57000.0,0.0,1,0,0,1,0,0,0,0,30000.0,0.0,0.0,0.0,0.0,0.0,0.0,0.0,,,,,,,
699,110-Mi,42,1,3,0,0,0,1,0,1,,2022.0,1,0,0,1,1,0,0,0,0,0,0,0,1,1.0,0.0,0.0,0,0,0,0,0.0,28125.0,0.0,18750.0,0.0,0.0,0.0,0.0,0.0,0.0,14062.5,0.0,0.0,0.0,0.0,0.0,0.0,50000.0,0.0,0.0,50000.0,0.0,0.0,0.0,25000.0,0.0,0.0,0.0,0.0,0.0,0.0,0.0,75000.0,78125.0,14062.5,75000.0,80000.0,80000.0,80000.0,80000.0,0.0,0.0,0.0,0.0,0.0,0.0,0.0,0.0,80000.0,80000.0,80000.0,80000.0,0.48,1,0,0,0,27000.0,38000.0,0.0,0.0,0.0,0.0,25000.0,0.0,0,0,0,0,0,0,0,0,0.0,1200000.0,0.0,0.0,0.0,0.0,0.0,0.0,0,0,0,0,0,0,0
700,111-Mi,44,1,5,0,0,1,1,0,1,2012.0,2019.0,1,0,0,1,1,1,0,0,0,0,0,0,1,1.0,0.0,0.0,0,0,0,0,3937.5,0.0,0.0,0.0,0.0,0.0,0.0,0.0,337500.0,0.0,0.0,0.0,900.0,0.0,0.0,0.0,0.0,0.0,0.0,0.0,0.0,0.0,0.0,0.0,0.0,0.0,0.0,0.0,0.0,0.0,0.0,0.0,342337.5,0.0,0.0,0.0,0.0,0.0,0.0,0.0,0.0,0.0,0.0,0.0,0.0,0.0,0.0,0.0,0.0,0.0,0.0,0.0,0.56,1,0,0,0,160000.0,190000.0,0.0,0.0,0.0,0.0,74000.0,0.0,0,0,1,0,0,1,0,0,0.0,200000.0,0.0,0.0,0.0,0.0,0.0,0.0,0,0,0,0,0,0,0
701,112-Mi,46,1,7,1,0,0,0,0,1,,,1,1,0,0,1,1,0,0,0,0,0,0,1,1.0,0.0,0.0,0,0,0,0,0.0,0.0,0.0,0.0,0.0,0.0,0.0,675000.0,0.0,0.0,0.0,0.0,0.0,0.0,0.0,0.0,0.0,0.0,0.0,0.0,0.0,0.0,0.0,0.0,0.0,0.0,0.0,0.0,0.0,0.0,0.0,0.0,18900000.0,33750.0,0.0,675000.0,0.0,0.0,5000.0,0.0,0.0,0.0,0.0,0.0,0.0,0.0,0.0,0.0,0.0,0.0,5000.0,0.0,0.87,1,0,0,0,6000.0,9000.0,0.0,0.0,0.0,0.0,2000000.0,0.0,0,0,1,0,0,0,0,0,600000.0,60000.0,320000.0,0.0,0.0,0.0,0.0,0.0,0,1,0,0,0,0,0
702,113-Mi,44,1,5,1,0,0,0,0,0,2009.0,2020.0,1,1,0,0,1,1,0,0,0,0,0,0,1,1.0,0.0,0.0,0,0,0,0,0.0,0.0,0.0,0.0,0.0,0.0,0.0,0.0,0.0,0.0,0.0,0.0,33750.0,0.0,0.0,0.0,0.0,0.0,0.0,120000.0,0.0,120000.0,0.0,0.0,0.0,0.0,0.0,0.0,120000.0,0.0,0.0,0.0,19053750.0,153750.0,0.0,120000.0,217992.8,272700.2,0.0,185000.0,0.0,0.0,0.0,0.0,0.0,0.0,0.0,0.0,217992.8,272700.2,0.0,185000.0,0.5,1,0,0,0,12000.0,26000.0,0.0,0.0,0.0,0.0,120000.0,0.0,0,0,0,0,0,0,0,0,120000.0,15000000.0,600000.0,80000.0,0.0,0.0,0.0,0.0,0,1,0,0,0,0,0
703,114-Mi,77,1,5,0,1,0,0,0,1,,,1,1,0,0,1,1,0,0,0,0,0,0,1,1.0,0.0,0.0,0,0,0,0,0.0,0.0,0.0,0.0,0.0,0.0,0.0,0.0,0.0,0.0,0.0,0.0,0.0,0.0,0.0,0.0,45000.0,0.0,0.0,0.0,45000.0,0.0,0.0,0.0,45000.0,0.0,0.0,0.0,0.0,0.0,45000.0,0.0,135000.0,0.0,45000.0,0.0,0.0,0.0,0.0,0.0,0.0,0.0,0.0,0.0,0.0,0.0,0.0,0.0,0.0,0.0,0.0,0.0,0.23,1,0,0,0,0.0,0.0,30000.0,35000.0,37000.0,45000.0,6610000.0,0.0,0,0,0,0,0,0,0,0,720000.0,0.0,0.0,0.0,0.0,0.0,0.0,0.0,0,0,0,0,0,0,0
704,115-Mi,47,1,5,1,0,0,0,0,1,2010.0,2020.0,1,1,0,0,2,0,0,0,0,0,0,0,2,2.0,0.0,0.0,0,0,0,0,0.0,0.0,0.0,0.0,0.0,0.0,0.0,0.0,0.0,22500.0,22500.0,0.0,0.0,0.0,0.0,0.0,30000.0,0.0,0.0,0.0,35000.0,0.0,25000.0,0.0,0.0,0.0,0.0,0.0,0.0,0.0,0.0,20000.0,87500.0,22500.0,47500.0,20000.0,16000.0,0.0,0.0,974364.0,0.0,0.0,0.0,0.0,0.0,0.0,0.0,0.0,16000.0,0.0,0.0,974364.0,0.8,1,0,0,0,0.0,0.0,0.0,0.0,0.0,0.0,0.0,0.0,0,1,0,0,1,0,0,0,90000.0,80000.0,30000.0,200000.0,0.0,0.0,0.0,0.0,0,1,0,0,0,0,0
705,116-Mi,68,1,2,1,0,0,0,0,1,2008.0,2021.0,1,1,0,0,2,0,0,0,0,0,0,0,2,2.0,0.0,0.0,0,0,0,0,22500.0,0.0,0.0,0.0,0.0,0.0,0.0,112500.0,0.0,0.0,1350000.0,0.0,0.0,0.0,0.0,0.0,0.0,0.0,0.0,0.0,0.0,0.0,0.0,0.0,0.0,0.0,60000.0,80000.0,0.0,0.0,0.0,0.0,22500.0,337500.0,1410000.0,192500.0,180000.0,180000.0,180000.0,180000.0,0.0,0.0,0.0,0.0,0.0,0.0,0.0,0.0,180000.0,180000.0,180000.0,180000.0,1.0,1,0,0,0,0.0,0.0,480000.0,480000.0,0.0,0.0,0.0,0.0,0,0,1,0,0,1,0,0,300000.0,0.0,240000.0,120000.0,0.0,0.0,0.0,0.0,0,0,0,0,0,0,0
706,117-Mi,42,1,4,0,1,0,0,0,1,2016.0,2022.0,1,1,0,0,1,0,0,0,0,0,0,0,1,1.0,0.0,0.0,0,0,0,0,0.0,0.0,0.0,0.0,0.0,0.0,0.0,0.0,22500.0,22500.0,0.0,0.0,0.0,0.0,22500.0,0.0,12000.0,0.0,0.0,0.0,300000.0,0.0,0.0,0.0,0.0,0.0,0.0,0.0,0.0,0.0,0.0,0.0,357000.0,22500.0,22500.0,0.0,399000.0,0.0,2825000.0,0.0,0.0,0.0,0.0,0.0,0.0,0.0,0.0,0.0,399000.0,0.0,2825000.0,0.0,0.5,1,0,0,0,0.0,0.0,240000.0,240000.0,0.0,0.0,2350000.0,0.0,0,0,1,0,0,1,0,0,0.0,1500000.0,120000.0,1800000.0,0.0,0.0,0.0,0.0,0,0,0,0,0,0,0
707,118-Mi,50,1,5,1,0,0,0,0,0,2012.0,2022.0,1,1,0,0,1,1,1,1,0,0,0,0,1,1.0,1.0,1.0,0,0,0,0,0.0,0.0,56250.0,0.0,11390625.0,0.0,0.0,0.0,0.0,0.0,0.0,0.0,0.0,0.0,56250.0,0.0,0.0,0.0,0.0,0.0,0.0,0.0,0.0,0.0,0.0,0.0,0.0,0.0,0.0,150000.0,150000.0,0.0,11390625.0,150000.0,262500.0,0.0,0.0,399000.0,0.0,383040.0,0.0,0.0,0.0,0.0,0.0,0.0,0.0,0.0,0.0,399000.0,0.0,383040.0,0.5,1,0,0,0,9000.0,17000.0,0.0,0.0,0.0,0.0,0.0,0.0,0,1,0,0,1,0,0,0,1920000.0,10000.0,0.0,0.0,0.0,0.0,0.0,0.0,0,0,0,0,0,0,0
708,119-Mi,64,1,4,0,1,0,0,1,1,2016.0,2020.0,1,0,1,0,2,20,0,0,0,0,0,0,2,20.0,0.0,0.0,0,0,0,0,0.0,0.0,0.0,0.0,0.0,0.0,0.0,0.0,0.0,0.0,0.0,0.0,0.0,0.0,0.0,0.0,0.0,80000.0,0.0,0.0,0.0,0.0,0.0,0.0,0.0,0.0,0.0,0.0,5000.0,0.0,0.0,16000.0,5000.0,80000.0,0.0,16000.0,5760000.0,0.0,0.0,0.0,0.0,0.0,0.0,0.0,0.0,0.0,0.0,0.0,5760000.0,0.0,0.0,0.0,1.0,1,0,0,0,0.0,600000.0,60000.0,60000.0,60000.0,60000.0,41000.0,0.0,0,1,0,0,1,0,1,0,100000.0,500000.0,1850000.0,240000.0,0.0,0.0,0.0,0.0,0,0,0,0,0,0,0
709,120-Mi,69,1,4,0,1,0,0,0,1,2018.0,2021.0,1,0,1,0,1,1,1,1,0,0,0,0,9,9.0,7.0,4.0,8,8,6,3,0.0,0.0,0.0,0.0,0.0,0.0,0.0,0.0,0.0,0.0,0.0,0.0,0.0,0.0,0.0,0.0,0.0,0.0,0.0,0.0,16000.0,0.0,0.0,0.0,0.0,0.0,0.0,0.0,0.0,0.0,0.0,0.0,16000.0,0.0,0.0,0.0,0.0,0.0,0.0,0.0,0.0,0.0,0.0,0.0,0.0,0.0,0.0,0.0,0.0,0.0,0.0,0.0,0.8,1,0,0,0,7000.0,0.0,120000.0,120000.0,0.0,0.0,660000.0,0.0,0,0,1,0,0,1,0,0,400000.0,0.0,1500000.0,600000.0,0.0,0.0,0.0,0.0,0,0,0,0,0,0,0
710,121-Mi,59,1,4,0,1,0,0,0,1,2019.0,2023.0,1,0,1,0,1,1,1,1,0,0,0,0,26,13.0,7.0,7.0,25,12,6,6,0.0,0.0,0.0,0.0,0.0,33750.0,0.0,0.0,0.0,0.0,9000.0,0.0,0.0,0.0,0.0,0.0,18000.0,0.0,0.0,0.0,0.0,0.0,0.0,0.0,0.0,0.0,0.0,0.0,0.0,0.0,0.0,0.0,18000.0,33750.0,9000.0,0.0,0.0,0.0,3456000.0,0.0,0.0,0.0,0.0,0.0,0.0,0.0,0.0,0.0,0.0,0.0,3456000.0,0.0,0.45,1,0,0,0,0.0,0.0,504000.0,540000.0,540000.0,540000.0,550000.0,0.0,0,0,0,0,0,0,0,0,2200000.0,0.0,240000.0,0.0,0.0,0.0,0.0,0.0,0,0,1,0,0,0,0
711,122-Mi,45,1,5,0,1,0,0,0,1,2018.0,2010.0,1,0,1,0,2,2,0,0,0,0,0,0,2,2.0,0.0,0.0,0,0,0,0,0.0,0.0,0.0,0.0,0.0,0.0,0.0,0.0,28125.0,0.0,0.0,56250.0,0.0,0.0,0.0,0.0,0.0,0.0,0.0,0.0,0.0,0.0,0.0,0.0,0.0,0.0,0.0,0.0,0.0,0.0,0.0,0.0,28125.0,0.0,14062.5,75000.0,0.0,0.0,4608000.0,20000.0,0.0,0.0,0.0,0.0,0.0,0.0,0.0,0.0,0.0,0.0,4608000.0,20000.0,0.8,1,0,0,0,0.0,0.0,1800000.0,1800000.0,1800000.0,1800000.0,35000.0,0.0,0,0,1,0,0,1,1,0,720000.0,1250000.0,0.0,50000.0,0.0,0.0,0.0,0.0,0,0,0,0,0,0,0
712,123-Mi,52,1,4,0,1,0,0,0,1,2016.0,2022.0,1,1,0,0,1,1,1,0,0,0,0,0,1,1.0,1.0,0.0,0,0,0,0,0.0,0.0,0.0,0.0,11390625.0,0.0,0.0,0.0,0.0,337500.0,22500.0,0.0,0.0,0.0,0.0,0.0,0.0,0.0,0.0,0.0,0.0,0.0,0.0,0.0,0.0,60000.0,0.0,0.0,0.0,0.0,0.0,0.0,11390625.0,397500.0,22500.0,0.0,0.0,0.0,0.0,0.0,0.0,0.0,0.0,0.0,0.0,0.0,0.0,0.0,0.0,0.0,0.0,0.0,0.9,1,0,0,0,2500.0,8500.0,0.0,0.0,0.0,0.0,15950000.0,0.0,0,1,0,1,0,0,1,0,0.0,0.0,720000.0,50000.0,0.0,0.0,0.0,0.0,0,0,0,0,0,0,0
713,124-Mi,28,1,43,0,1,0,0,0,1,2017.0,2022.0,1,1,0,0,1,1,1,0,0,0,0,0,1,1.0,1.0,0.0,0,0,0,0,0.0,0.0,0.0,1125.0,0.0,0.0,0.0,0.0,675000.0,371250.0,0.0,0.0,0.0,0.0,0.0,22500.0,16000.0,0.0,0.0,16000.0,180000.0,0.0,0.0,0.0,0.0,0.0,0.0,0.0,0.0,0.0,0.0,0.0,871000.0,371250.0,0.0,39625.0,94227.56,65323.04,0.0,30000.0,0.0,0.0,0.0,0.0,0.0,0.0,0.0,0.0,94227.56,65323.04,0.0,30000.0,1.0,1,0,0,0,0.0,0.0,180000.0,200000.0,150000.0,0.0,110000.0,0.0,0,0,0,0,0,0,0,0,1920000.0,0.0,740000.0,300000.0,0.0,0.0,0.0,0.0,0,0,0,0,0,0,0
714,125-Mi,57,1,1,0,1,0,0,0,1,2018.0,2022.0,1,1,0,0,1,1,0,0,0,0,0,0,1,1.0,0.0,0.0,0,0,0,0,0.0,0.0,0.0,0.0,0.0,0.0,0.0,0.0,0.0,0.0,16875.0,7500.0,0.0,0.0,0.0,22500.0,0.0,0.0,45000.0,0.0,50000.0,25000.0,0.0,0.0,16000.0,0.0,0.0,0.0,0.0,0.0,0.0,0.0,66000.0,25000.0,61875.0,30000.0,0.0,0.0,0.0,0.0,0.0,0.0,0.0,0.0,0.0,0.0,0.0,0.0,0.0,0.0,0.0,0.0,0.5,1,0,0,0,0.0,0.0,600000.0,600000.0,600000.0,0.0,16750000.0,0.0,0,1,0,0,1,0,0,0,0.0,400000.0,0.0,720000.0,0.0,0.0,0.0,0.0,0,1,0,0,0,0,0
715,126-Mi,49,1,3,0,1,0,0,0,1,2012.0,2021.0,1,1,0,0,1,1,0,0,0,0,0,0,1,1.0,0.0,0.0,0,0,0,0,0.0,0.0,0.0,0.0,0.0,0.0,0.0,0.0,0.0,0.0,0.0,0.0,0.0,0.0,0.0,0.0,0.0,80000.0,0.0,0.0,0.0,0.0,0.0,0.0,0.0,0.0,0.0,0.0,0.0,0.0,0.0,0.0,0.0,80000.0,0.0,0.0,0.0,0.0,0.0,0.0,0.0,0.0,0.0,0.0,0.0,0.0,0.0,0.0,0.0,0.0,0.0,0.0,0.5,1,0,0,0,0.0,0.0,240000.0,0.0,0.0,0.0,110000.0,0.0,0,1,0,0,1,0,0,0,10000.0,0.0,20000.0,0.0,0.0,0.0,0.0,0.0,0,1,0,0,0,0,0
716,127-Mi,41,1,2,0,1,0,0,0,1,2015.0,2022.0,1,1,0,0,7,6,0,0,0,0,0,0,7,6.0,0.0,0.0,0,0,0,0,0.0,0.0,0.0,0.0,0.0,0.0,0.0,0.0,0.0,0.0,22500.0,22500.0,0.0,0.0,0.0,0.0,0.0,0.0,0.0,0.0,0.0,80000.0,0.0,0.0,45000.0,0.0,0.0,45000.0,0.0,0.0,0.0,0.0,45000.0,80000.0,22500.0,90000.0,500000.0,0.0,399000.0,0.0,0.0,0.0,0.0,0.0,0.0,0.0,0.0,0.0,500000.0,0.0,399000.0,0.0,1.0,1,0,0,0,19000.0,23000.0,576000.0,576000.0,576000.0,0.0,550000.0,0.0,0,0,1,0,0,1,1,0,0.0,0.0,0.0,1000000.0,0.0,0.0,0.0,0.0,0,0,0,0,0,0,0
717,128-Mi,0,1,2,0,0,1,0,0,1,2015.0,2023.0,1,0,1,0,1,1,1,1,4,4,2,0,5,5.0,3.0,1.0,0,0,0,0,0.0,0.0,0.0,0.0,0.0,0.0,0.0,0.0,0.0,0.0,675000.0,0.0,0.0,0.0,0.0,0.0,0.0,0.0,0.0,0.0,0.0,0.0,0.0,0.0,0.0,0.0,0.0,0.0,0.0,0.0,0.0,0.0,0.0,5850.0,732375.0,0.0,0.0,5000.0,25000.0,0.0,0.0,0.0,0.0,0.0,0.0,0.0,0.0,0.0,0.0,5000.0,25000.0,0.0,0.5,1,0,0,0,16000.0,24000.0,300000.0,380000.0,200000.0,300000.0,900000.0,0.0,0,0,1,0,0,1,0,0,400000.0,0.0,30000.0,0.0,0.0,0.0,0.0,0.0,0,1,0,0,0,0,0
718,129-Mi,63,1,1,0,1,1,0,0,0,2005.0,2023.0,1,0,1,0,1,1,1,1,0,0,0,0,1,1.0,1.0,1.0,0,0,0,0,0.0,0.0,0.0,0.0,0.0,0.0,0.0,0.0,0.0,0.0,0.0,0.0,0.0,0.0,0.0,0.0,0.0,0.0,0.0,25000.0,30000.0,0.0,0.0,0.0,0.0,0.0,0.0,0.0,0.0,0.0,0.0,35000.0,30000.0,0.0,0.0,60000.0,0.0,0.0,0.0,0.0,0.0,0.0,0.0,0.0,0.0,0.0,0.0,0.0,0.0,0.0,0.0,0.0,0.8,1,0,0,0,0.0,0.0,0.0,0.0,0.0,0.0,2110000.0,0.0,0,0,1,0,0,1,1,0,0.0,0.0,0.0,0.0,0.0,0.0,0.0,0.0,0,0,0,0,0,0,0
719,130-Mi,39,1,5,0,1,0,0,0,0,2020.0,2022.0,1,0,1,0,1,1,1,0,0,0,0,0,1,1.0,1.0,0.0,0,0,0,0,0.0,0.0,0.0,0.0,0.0,0.0,0.0,0.0,0.0,0.0,0.0,0.0,0.0,337500.0,0.0,0.0,0.0,0.0,0.0,0.0,0.0,0.0,0.0,0.0,0.0,180000.0,0.0,180000.0,0.0,0.0,180000.0,0.0,11390625.0,573750.0,180000.0,180000.0,0.0,0.0,0.0,0.0,0.0,0.0,0.0,0.0,0.0,0.0,0.0,0.0,0.0,0.0,0.0,0.0,1.0,1,0,0,0,4000.0,6000.0,0.0,0.0,0.0,0.0,18000.0,0.0,0,0,1,0,0,1,0,0,1200000.0,0.0,0.0,0.0,0.0,0.0,0.0,0.0,0,0,0,0,0,0,0
720,132-Mi,62,1,1,0,1,1,0,0,1,2010.0,2022.0,1,0,1,0,1,1,1,0,0,0,0,0,1,1.0,1.0,0.0,0,0,0,0,0.0,0.0,0.0,0.0,0.0,0.0,112500.0,0.0,450000.0,0.0,112500.0,0.0,0.0,0.0,0.0,0.0,0.0,50000.0,45000.0,0.0,0.0,0.0,55000.0,0.0,0.0,0.0,0.0,0.0,0.0,40000.0,0.0,0.0,450000.0,765000.0,325000.0,0.0,0.0,0.0,0.0,0.0,0.0,0.0,0.0,0.0,0.0,0.0,0.0,0.0,0.0,0.0,0.0,0.0,0.5,1,0,0,0,29000.0,39000.0,0.0,0.0,1200000.0,1200000.0,35000.0,0.0,0,0,1,0,0,1,0,0,80000.0,300000.0,0.0,0.0,0.0,0.0,0.0,0.0,0,0,0,0,0,0,0
721,133-Mi,40,1,4,0,0,1,0,0,0,2020.0,2023.0,1,0,1,0,1,1,1,1,0,0,0,0,1,1.0,1.0,1.0,0,0,0,0,0.0,0.0,0.0,0.0,0.0,0.0,0.0,0.0,0.0,1125.0,7875.0,0.0,0.0,0.0,0.0,22500.0,0.0,0.0,125000.0,125000.0,0.0,0.0,0.0,0.0,0.0,0.0,125000.0,0.0,0.0,0.0,125000.0,0.0,0.0,1125.0,382875.0,203750.0,0.0,1050000.0,0.0,2825000.0,0.0,0.0,0.0,0.0,0.0,0.0,0.0,0.0,0.0,1050000.0,0.0,2825000.0,0.6,1,0,0,0,170000.0,200000.0,660000.0,550000.0,610000.0,510000.0,605000.0,0.0,0,1,0,0,1,0,0,0,240000.0,2220000.0,0.0,0.0,0.0,0.0,0.0,0.0,0,0,0,0,0,0,0
722,134-Mi,36,1,5,0,1,0,0,0,1,2020.0,2023.0,1,0,1,0,1,0,0,0,0,0,0,0,1,1.0,0.0,0.0,0,0,0,0,0.0,0.0,0.0,28125.0,0.0,0.0,0.0,0.0,0.0,56250.0,0.0,0.0,0.0,0.0,0.0,0.0,0.0,0.0,0.0,0.0,0.0,0.0,0.0,16000.0,0.0,35000.0,0.0,0.0,0.0,0.0,0.0,0.0,0.0,105312.5,18750.0,44125.0,0.0,655000.0,0.0,0.0,0.0,0.0,0.0,0.0,0.0,0.0,0.0,0.0,0.0,655000.0,0.0,0.0,0.5,1,0,0,0,8000.0,11000.0,600000.0,600000.0,720000.0,720000.0,500000.0,0.0,0,0,0,0,0,1,0,0,0.0,0.0,0.0,0.0,0.0,0.0,0.0,0.0,0,0,0,0,0,0,0
723,135-Mi,56,1,4,0,1,0,0,0,1,2020.0,2021.0,1,0,1,0,1,1,0,0,0,0,0,0,1,1.0,0.0,0.0,0,0,0,0,22500.0,0.0,0.0,0.0,0.0,0.0,0.0,0.0,0.0,0.0,0.0,22500.0,0.0,22500.0,0.0,0.0,0.0,12000.0,0.0,0.0,0.0,0.0,0.0,0.0,0.0,0.0,15000.0,0.0,0.0,16000.0,0.0,0.0,22500.0,50500.0,15000.0,45000.0,0.0,0.0,655000.0,0.0,0.0,0.0,0.0,0.0,0.0,0.0,0.0,0.0,0.0,0.0,655000.0,0.0,0.8,1,0,0,0,13000.0,27000.0,0.0,0.0,0.0,0.0,73000.0,0.0,0,0,0,0,0,0,0,0,220000.0,100000.0,0.0,30000.0,0.0,0.0,0.0,0.0,0,0,1,0,0,0,0
724,136-Mi,78,1,10,0,1,0,0,0,1,2020.0,2022.0,1,0,1,0,1,1,1,1,0,0,0,0,1,1.0,1.0,1.0,0,0,0,0,0.0,0.0,0.0,0.0,0.0,0.0,0.0,0.0,337500.0,281250.0,0.0,84375.0,0.0,0.0,0.0,0.0,0.0,0.0,0.0,0.0,0.0,0.0,55000.0,50000.0,0.0,45000.0,0.0,0.0,0.0,0.0,0.0,0.0,337500.0,326250.0,55000.0,134375.0,14089869.0,14025000.0,14106784.0,0.0,0.0,0.0,0.0,0.0,0.0,0.0,0.0,0.0,14089869.0,14025000.0,14106784.0,0.0,0.5,1,0,0,0,0.0,0.0,0.0,0.0,0.0,0.0,35000.0,0.0,0,0,0,0,0,0,0,0,120000.0,7500000.0,0.0,130000.0,0.0,0.0,0.0,0.0,0,0,0,0,0,0,0
725,137-Mi,49,1,4,0,0,0,1,0,1,2020.0,2022.0,1,0,1,0,1,1,1,1,0,0,0,0,1,1.0,1.0,1.0,0,0,0,0,0.0,0.0,0.0,0.0,0.0,0.0,0.0,0.0,0.0,0.0,56250.0,56250.0,0.0,0.0,0.0,0.0,0.0,0.0,0.0,0.0,0.0,0.0,0.0,0.0,0.0,0.0,0.0,0.0,0.0,0.0,0.0,0.0,0.0,0.0,112500.0,56250.0,0.0,0.0,0.0,0.0,0.0,0.0,0.0,0.0,0.0,0.0,0.0,0.0,0.0,0.0,0.0,0.0,0.5,1,0,0,0,0.0,0.0,0.0,0.0,0.0,0.0,91000.0,0.0,0,0,1,0,0,1,1,1,0.0,0.0,1800000.0,450000.0,0.0,0.0,0.0,0.0,0,0,0,0,0,0,0
726,138-Mi,46,1,3,0,0,0,1,0,0,2014.0,2024.0,1,0,1,0,1,1,1,1,0,0,0,0,1,1.0,1.0,1.0,0,0,0,0,337500.0,0.0,0.0,0.0,0.0,0.0,0.0,0.0,0.0,0.0,0.0,0.0,0.0,0.0,337500.0,337500.0,0.0,0.0,300000.0,0.0,0.0,0.0,0.0,0.0,300000.0,0.0,0.0,300000.0,0.0,0.0,0.0,0.0,637500.0,0.0,637500.0,637500.0,0.0,0.0,0.0,0.0,0.0,0.0,0.0,0.0,0.0,0.0,0.0,0.0,0.0,0.0,0.0,0.0,0.6,1,0,0,0,0.0,0.0,0.0,0.0,0.0,0.0,2500000.0,0.0,0,1,0,1,0,0,1,0,15060000.0,200000.0,0.0,0.0,0.0,0.0,0.0,0.0,0,0,0,0,0,0,0
727,139-Mi,35,1,4,1,0,0,0,0,0,2019.0,2024.0,1,0,1,0,1,1,1,1,0,0,0,0,1,1.0,1.0,1.0,0,0,0,0,0.0,0.0,337500.0,0.0,0.0,0.0,0.0,0.0,0.0,337500.0,0.0,0.0,0.0,0.0,0.0,337500.0,0.0,35000.0,0.0,0.0,0.0,25000.0,0.0,0.0,0.0,0.0,0.0,0.0,0.0,0.0,0.0,30000.0,0.0,397500.0,337500.0,367500.0,974364.0,0.0,0.0,0.0,0.0,0.0,0.0,0.0,0.0,0.0,0.0,0.0,974364.0,0.0,0.0,0.0,0.5,1,0,0,0,0.0,0.0,30000.0,35000.0,37000.0,45000.0,140000.0,0.0,0,0,1,0,0,1,1,1,1200000.0,7500000.0,0.0,7500000.0,0.0,0.0,0.0,0.0,0,0,0,0,0,0,0
728,140-Mi,48,1,4,0,1,0,0,0,1,,2022.0,1,0,1,0,1,1,0,0,0,0,0,0,1,1.0,0.0,0.0,0,0,0,0,0.0,0.0,0.0,0.0,0.0,0.0,0.0,7875.0,0.0,0.0,0.0,0.0,0.0,3937.5,0.0,900.0,0.0,0.0,0.0,0.0,125000.0,0.0,125000.0,0.0,0.0,0.0,0.0,0.0,125000.0,0.0,0.0,0.0,250000.0,3937.5,125000.0,683775.0,0.0,399000.0,0.0,276000.0,0.0,0.0,0.0,0.0,0.0,0.0,0.0,0.0,0.0,399000.0,0.0,276000.0,0.6,1,0,0,0,11000.0,18000.0,0.0,0.0,0.0,0.0,7170000.0,0.0,0,0,0,0,0,0,0,0,0.0,0.0,0.0,0.0,0.0,0.0,0.0,0.0,0,1,0,0,0,0,0
729,141-Mi,24,1,4,0,1,0,0,0,0,,2021.0,1,0,1,0,1,1,1,1,0,0,0,0,1,1.0,1.0,1.0,0,0,0,0,0.0,0.0,0.0,0.0,0.0,0.0,33750.0,0.0,0.0,33750.0,0.0,67500.0,0.0,0.0,0.0,0.0,0.0,0.0,0.0,0.0,0.0,0.0,0.0,25000.0,0.0,0.0,20000.0,0.0,0.0,30000.0,0.0,0.0,0.0,63750.0,53750.0,92500.0,2802717.0,2735639.0,2825000.0,0.0,0.0,0.0,0.0,0.0,0.0,0.0,0.0,0.0,2802717.0,2735639.0,2825000.0,0.0,1.0,1,0,0,0,0.0,800000.0,480000.0,480000.0,0.0,0.0,0.0,0.0,0,0,1,0,0,1,0,0,100000.0,0.0,10000.0,400000.0,0.0,0.0,0.0,0.0,0,0,1,0,0,0,0
730,142-Mi,46,1,4,0,0,0,0,1,0,2021.0,2021.0,1,0,1,0,1,1,0,0,0,0,0,0,1,1.0,0.0,0.0,0,0,0,0,0.0,0.0,0.0,0.0,0.0,0.0,0.0,0.0,0.0,5850.0,0.0,3937.5,0.0,22500.0,0.0,0.0,0.0,0.0,0.0,0.0,0.0,0.0,0.0,0.0,0.0,0.0,0.0,0.0,0.0,0.0,0.0,0.0,1125.0,28350.0,0.0,3937.5,141465.4,0.0,108545.1,80000.0,0.0,0.0,0.0,0.0,0.0,0.0,0.0,0.0,141465.4,0.0,108545.1,80000.0,0.6,1,0,0,0,8000.0,0.0,240000.0,240000.0,0.0,0.0,0.0,0.0,0,0,1,0,0,1,0,0,1000000.0,0.0,0.0,0.0,0.0,0.0,0.0,0.0,0,1,0,0,0,0,0
731,143-Mi,68,1,1,0,1,0,0,0,0,2010.0,2022.0,1,0,1,0,1,1,1,1,0,0,0,0,1,1.0,1.0,1.0,0,0,0,0,0.0,0.0,0.0,0.0,0.0,0.0,0.0,0.0,0.0,0.0,0.0,675000.0,0.0,0.0,0.0,0.0,0.0,0.0,0.0,35000.0,0.0,35000.0,0.0,0.0,0.0,50000.0,0.0,0.0,0.0,0.0,0.0,0.0,18900000.0,85000.0,0.0,710000.0,0.0,87766.88,45000.0,124418.1,0.0,0.0,0.0,0.0,0.0,0.0,0.0,0.0,0.0,87766.88,45000.0,124418.1,0.5,1,0,0,0,0.0,0.0,0.0,0.0,0.0,0.0,2600000.0,0.0,0,1,0,0,1,0,0,0,0.0,0.0,0.0,0.0,0.0,0.0,0.0,0.0,0,1,0,0,0,0,0
732,144-Mi,47,1,1,1,0,0,0,0,0,,2022.0,1,0,1,0,1,1,1,1,0,0,0,0,1,1.0,1.0,1.0,0,0,0,0,0.0,0.0,0.0,0.0,337500.0,0.0,0.0,0.0,0.0,0.0,675000.0,168750.0,225000.0,0.0,0.0,0.0,80000.0,0.0,0.0,0.0,80000.0,0.0,0.0,0.0,0.0,80000.0,80000.0,0.0,0.0,0.0,0.0,0.0,722500.0,80000.0,755000.0,168750.0,400000.0,0.0,191520.0,0.0,0.0,0.0,0.0,0.0,0.0,0.0,0.0,0.0,400000.0,0.0,191520.0,0.0,0.5,1,0,0,0,0.0,0.0,60000.0,60000.0,60000.0,60000.0,0.0,0.0,0,0,0,0,0,0,1,1,720000.0,60000.0,600000.0,50000.0,0.0,0.0,0.0,0.0,,,,,,,
733,145-Mi,40,1,3,0,1,0,0,0,0,2015.0,2021.0,1,0,1,0,1,0,0,0,0,0,0,0,1,1.0,0.0,0.0,0,0,0,0,0.0,0.0,0.0,0.0,0.0,0.0,0.0,0.0,0.0,0.0,0.0,0.0,0.0,0.0,0.0,0.0,0.0,0.0,0.0,0.0,0.0,0.0,0.0,0.0,0.0,0.0,0.0,0.0,0.0,0.0,0.0,0.0,0.0,0.0,0.0,0.0,5760000.0,10000000.0,0.0,0.0,0.0,0.0,0.0,0.0,0.0,0.0,0.0,0.0,5760000.0,10000000.0,0.0,0.0,0.5,1,0,0,0,3500.0,9500.0,120000.0,120000.0,0.0,0.0,47000.0,0.0,0,0,1,0,0,1,0,,0.0,7500000.0,0.0,0.0,0.0,0.0,0.0,0.0,0,0,0,0,0,0,0
734,146-Mi,45,1,3,0,1,0,0,0,0,2010.0,2021.0,1,0,1,0,1,0,0,0,0,0,0,0,1,1.0,0.0,0.0,0,0,0,0,0.0,0.0,0.0,0.0,0.0,675000.0,0.0,0.0,0.0,0.0,0.0,675000.0,0.0,0.0,0.0,0.0,0.0,0.0,0.0,0.0,0.0,0.0,0.0,120000.0,0.0,0.0,0.0,0.0,5000.0,45000.0,0.0,0.0,18905000.0,720000.0,0.0,795000.0,0.0,0.0,0.0,0.0,0.0,0.0,0.0,0.0,0.0,0.0,0.0,0.0,0.0,0.0,0.0,0.0,0.1,1,0,0,0,0.0,0.0,504000.0,540000.0,540000.0,540000.0,720000.0,0.0,0,0,1,0,0,0,,0,80000.0,0.0,400000.0,0.0,0.0,0.0,0.0,0.0,0,0,0,0,0,0,0
735,147-Mi,41,1,4,0,1,0,0,0,0,2015.0,2022.0,1,0,1,0,1,1,0,0,0,0,0,0,1,1.0,0.0,0.0,0,0,0,0,0.0,0.0,0.0,112500.0,0.0,0.0,0.0,0.0,0.0,0.0,0.0,3937.5,0.0,0.0,0.0,0.0,0.0,0.0,25000.0,0.0,0.0,0.0,0.0,0.0,0.0,0.0,0.0,0.0,0.0,0.0,0.0,0.0,0.0,0.0,28937.5,116437.5,0.0,400000.0,0.0,0.0,0.0,0.0,0.0,0.0,0.0,0.0,0.0,0.0,0.0,400000.0,0.0,0.0,1.0,1,0,0,0,0.0,0.0,1800000.0,1800000.0,1800000.0,1800000.0,600000.0,0.0,0,0,0,0,0,1,0,0,0.0,60000.0,10000.0,0.0,0.0,0.0,0.0,0.0,0,1,0,0,0,0,0
736,148-Mi,38,1,5,0,1,0,0,0,0,2010.0,2021.0,1,0,1,0,1,0,0,0,0,0,0,0,1,1.0,0.0,0.0,0,0,0,0,0.0,0.0,0.0,0.0,0.0,0.0,0.0,0.0,22500.0,0.0,1125.0,0.0,675000.0,0.0,0.0,0.0,0.0,120000.0,0.0,0.0,0.0,120000.0,0.0,0.0,120000.0,120000.0,0.0,0.0,0.0,0.0,0.0,0.0,823350.0,360000.0,1125.0,337500.0,191520.0,175041.9,65290.27,102968.1,0.0,0.0,0.0,0.0,0.0,0.0,0.0,0.0,191520.0,175041.9,65290.27,102968.1,0.6,1,0,0,0,0.0,0.0,0.0,0.0,0.0,0.0,40000.0,0.0,0,0,0,0,0,1,0,0,0.0,0.0,100000.0,0.0,0.0,0.0,0.0,0.0,0,1,0,0,0,0,0
737,149-Mi,40,1,4,0,1,0,0,0,1,2015.0,2019.0,1,0,1,0,1,1,0,0,0,0,0,0,1,1.0,0.0,0.0,0,0,0,0,0.0,0.0,0.0,0.0,33750.0,0.0,0.0,0.0,0.0,0.0,0.0,33750.0,0.0,0.0,33750.0,0.0,0.0,0.0,0.0,0.0,0.0,0.0,0.0,0.0,0.0,0.0,0.0,0.0,0.0,0.0,0.0,0.0,33750.0,0.0,67500.0,33750.0,399000.0,0.0,0.0,302000.0,0.0,0.0,0.0,0.0,0.0,0.0,0.0,0.0,399000.0,0.0,0.0,302000.0,0.8,1,0,0,0,21000.0,24000.0,180000.0,200000.0,150000.0,0.0,17000000.0,0.0,0,0,0,0,0,0,0,0,0.0,0.0,240000.0,120000.0,0.0,0.0,0.0,0.0,0,0,0,0,0,0,0
738,150-Mi,60,1,6,0,1,0,0,0,1,2018.0,2022.0,1,0,1,0,2,2,2,2,0,0,0,0,2,2.0,2.0,2.0,0,0,0,0,0.0,0.0,337500.0,0.0,0.0,0.0,0.0,0.0,22500.0,0.0,0.0,0.0,0.0,0.0,56250.0,0.0,0.0,0.0,0.0,0.0,0.0,0.0,0.0,0.0,0.0,0.0,0.0,0.0,0.0,0.0,0.0,0.0,22500.0,0.0,393750.0,7875.0,24000.0,124017.6,79786.57,70563.23,0.0,0.0,0.0,0.0,0.0,0.0,0.0,0.0,24000.0,124017.6,79786.57,70563.23,1.0,1,0,0,0,17000.0,25000.0,600000.0,600000.0,600000.0,0.0,120000.0,0.0,0,0,0,0,0,0,0,0,310000.0,80000.0,720000.0,0.0,0.0,0.0,0.0,0.0,0,1,0,0,0,0,0
739,151-Mi,45,1,4,0,1,0,0,0,0,2018.0,2020.0,1,0,1,0,1,0,0,0,0,0,0,0,1,1.0,0.0,0.0,0,0,0,0,0.0,0.0,0.0,0.0,10125000.0,0.0,0.0,0.0,0.0,0.0,0.0,0.0,0.0,0.0,0.0,0.0,0.0,0.0,0.0,0.0,1800000.0,0.0,0.0,18000.0,0.0,0.0,0.0,0.0,0.0,12000.0,0.0,0.0,11925000.0,68250.0,33750.0,18000.0,1200000.0,0.0,0.0,14025000.0,0.0,0.0,0.0,0.0,0.0,0.0,0.0,0.0,1200000.0,0.0,0.0,14025000.0,0.2,1,0,0,0,0.0,0.0,240000.0,0.0,0.0,0.0,18300000.0,0.0,0,0,1,0,0,1,1,1,120000.0,120000.0,50000.0,0.0,0.0,0.0,0.0,0.0,0,0,0,0,0,0,0
740,152-Mi,29,1,4,0,1,0,0,0,0,2020.0,2022.0,1,0,1,0,2,2,2,0,0,0,0,0,2,2.0,2.0,0.0,0,0,0,0,0.0,0.0,0.0,0.0,10125000.0,0.0,0.0,0.0,0.0,33750.0,0.0,33750.0,0.0,0.0,0.0,0.0,0.0,0.0,0.0,0.0,12000.0,0.0,0.0,0.0,0.0,0.0,0.0,0.0,0.0,0.0,0.0,0.0,10137000.0,33750.0,0.0,33750.0,0.0,0.0,0.0,0.0,0.0,0.0,0.0,0.0,0.0,0.0,0.0,0.0,0.0,0.0,0.0,0.0,0.5,1,0,0,0,4500.0,6500.0,576000.0,576000.0,576000.0,0.0,120000.0,0.0,0,1,0,1,0,0,1,0,1000000.0,15000000.0,80000.0,50000.0,0.0,0.0,0.0,0.0,0,0,0,0,0,0,0
741,153-Mi,28,1,4,0,0,0,1,0,1,2017.0,2021.0,1,0,1,0,1,1,0,0,0,0,0,0,3,3.0,0.0,0.0,2,2,0,0,0.0,0.0,0.0,0.0,0.0,0.0,0.0,0.0,0.0,0.0,0.0,0.0,0.0,0.0,0.0,0.0,30000.0,0.0,0.0,0.0,300000.0,0.0,0.0,0.0,0.0,15000.0,0.0,0.0,0.0,0.0,0.0,0.0,19230000.0,37500.0,33750.0,0.0,7500000.0,0.0,0.0,0.0,0.0,0.0,0.0,0.0,0.0,0.0,0.0,0.0,7500000.0,0.0,0.0,0.0,0.7,1,0,0,0,31000.0,41000.0,300000.0,380000.0,200000.0,300000.0,600000.0,0.0,0,0,1,0,0,1,1,1,1800000.0,60000.0,0.0,1500000.0,0.0,0.0,0.0,0.0,0,0,0,0,0,0,0
742,154-Mi,56,1,3,0,1,0,0,0,1,2015.0,2022.0,1,1,0,0,1,1,1,0,0,0,0,0,1,1.0,1.0,0.0,0,0,0,0,0.0,0.0,0.0,0.0,0.0,0.0,0.0,0.0,0.0,0.0,0.0,0.0,0.0,0.0,0.0,0.0,50000.0,0.0,0.0,50000.0,50000.0,0.0,0.0,0.0,0.0,0.0,0.0,0.0,0.0,0.0,0.0,0.0,100000.0,0.0,0.0,50000.0,0.0,10000000.0,0.0,0.0,0.0,0.0,0.0,0.0,0.0,0.0,0.0,0.0,0.0,10000000.0,0.0,0.0,0.8,1,0,0,0,180000.0,210000.0,0.0,0.0,0.0,0.0,1000000.0,0.0,0,0,0,0,0,0,0,0,0.0,0.0,0.0,0.0,0.0,0.0,0.0,0.0,0,0,0,0,0,0,0
743,155-Mi,62,1,2,1,0,0,0,0,1,2019.0,2022.0,1,1,0,0,1,1,1,1,0,0,0,0,1,1.0,1.0,1.0,0,0,0,0,168750.0,0.0,0.0,0.0,0.0,337500.0,0.0,0.0,0.0,0.0,0.0,0.0,0.0,0.0,0.0,225000.0,0.0,0.0,80000.0,0.0,0.0,0.0,0.0,0.0,0.0,0.0,120000.0,0.0,0.0,0.0,40000.0,18000.0,168750.0,1012500.0,240000.0,243000.0,7500000.0,0.0,1200000.0,0.0,0.0,0.0,0.0,0.0,0.0,0.0,0.0,0.0,7500000.0,0.0,1200000.0,0.0,1.0,1,0,0,0,9000.0,12000.0,0.0,0.0,0.0,0.0,2370000.0,0.0,0,0,1,0,0,1,0,0,0.0,0.0,0.0,0.0,0.0,0.0,0.0,0.0,0,0,0,0,0,0,0
744,156-Mi,36,1,4,1,0,0,0,0,0,2019.0,2021.0,1,1,0,0,1,1,1,0,0,0,0,0,1,1.0,1.0,0.0,0,0,0,0,0.0,33750.0,33750.0,0.0,0.0,0.0,33750.0,0.0,0.0,0.0,0.0,0.0,0.0,0.0,0.0,0.0,0.0,0.0,0.0,0.0,0.0,0.0,0.0,0.0,0.0,0.0,0.0,0.0,0.0,0.0,0.0,0.0,0.0,33750.0,67500.0,0.0,399000.0,974364.0,0.0,0.0,0.0,0.0,0.0,0.0,0.0,0.0,0.0,0.0,399000.0,974364.0,0.0,0.0,0.8,1,0,0,0,14000.0,28000.0,0.0,0.0,1200000.0,1200000.0,20000.0,0.0,0,0,1,0,0,1,0,0,1000000.0,15000000.0,400000.0,0.0,0.0,0.0,0.0,0.0,0,0,1,0,0,0,0
745,157-Mi,43,1,4,0,1,0,0,0,1,2015.0,2021.0,1,0,0,1,1,0,0,0,0,0,0,0,1,1.0,0.0,0.0,0,0,0,0,0.0,0.0,0.0,675000.0,0.0,0.0,0.0,0.0,900.0,0.0,0.0,0.0,0.0,0.0,0.0,0.0,0.0,0.0,0.0,0.0,180000.0,0.0,0.0,0.0,0.0,20000.0,0.0,0.0,0.0,20000.0,0.0,0.0,180900.0,40900.0,0.0,675000.0,4608000.0,0.0,0.0,0.0,0.0,0.0,0.0,0.0,0.0,0.0,0.0,0.0,4608000.0,0.0,0.0,0.0,0.5,1,0,0,0,0.0,0.0,660000.0,550000.0,610000.0,510000.0,40000.0,0.0,0,1,0,0,1,0,0,0,0.0,400000.0,550000.0,1020000.0,0.0,0.0,0.0,0.0,0,0,0,0,0,0,0
746,158-Mi,44,1,5,0,1,0,0,0,1,2018.0,2022.0,1,1,0,0,2,2,2,0,0,0,0,0,2,2.0,2.0,0.0,0,0,0,0,0.0,0.0,0.0,0.0,112500.0,0.0,0.0,0.0,0.0,0.0,0.0,0.0,0.0,0.0,0.0,0.0,0.0,0.0,0.0,0.0,0.0,0.0,0.0,0.0,120000.0,0.0,0.0,0.0,120000.0,120000.0,0.0,0.0,19365000.0,120000.0,0.0,0.0,100000.0,0.0,0.0,0.0,0.0,0.0,0.0,0.0,0.0,0.0,0.0,0.0,100000.0,0.0,0.0,0.0,0.5,1,0,0,0,0.0,0.0,600000.0,600000.0,720000.0,720000.0,660000.0,0.0,0,0,0,0,0,0,1,1,0.0,0.0,0.0,30000.0,0.0,0.0,0.0,0.0,0,0,0,0,0,0,0
747,159-Mi,60,1,3,0,1,0,0,0,1,2012.0,2021.0,1,0,0,1,1,0,0,0,0,0,0,0,1,1.0,0.0,0.0,0,0,0,0,0.0,0.0,0.0,0.0,0.0,0.0,0.0,0.0,338400.0,0.0,0.0,0.0,337500.0,0.0,0.0,0.0,0.0,0.0,0.0,20000.0,0.0,0.0,0.0,0.0,0.0,0.0,0.0,0.0,0.0,0.0,0.0,0.0,675900.0,675000.0,0.0,20000.0,102000.0,0.0,0.0,15000.0,0.0,0.0,0.0,0.0,0.0,0.0,0.0,0.0,102000.0,0.0,0.0,15000.0,0.8,1,0,0,0,0.0,0.0,0.0,0.0,0.0,0.0,550000.0,0.0,0,0,1,0,0,1,0,,0.0,0.0,20000.0,0.0,0.0,0.0,0.0,0.0,0,0,0,0,0,0,0
748,160-Mi,50,1,5,0,1,0,0,0,0,2018.0,2020.0,1,0,1,0,2,0,0,0,0,0,0,0,2,2.0,0.0,0.0,0,0,0,0,0.0,0.0,0.0,0.0,0.0,0.0,0.0,0.0,0.0,0.0,0.0,675000.0,0.0,0.0,0.0,0.0,0.0,0.0,0.0,0.0,0.0,0.0,0.0,0.0,0.0,0.0,0.0,0.0,0.0,0.0,0.0,0.0,225000.0,0.0,168750.0,1012500.0,0.0,0.0,0.0,0.0,0.0,0.0,0.0,0.0,0.0,0.0,0.0,0.0,0.0,0.0,0.0,0.0,0.8,1,0,0,0,0.0,0.0,0.0,0.0,0.0,0.0,80000.0,0.0,0,0,1,0,0,0,,0,0.0,50000.0,1200000.0,400000.0,0.0,0.0,0.0,0.0,0,0,0,0,0,0,0
749,161-Mi,41,1,5,0,1,0,0,0,0,2010.0,2024.0,1,0,1,0,1,1,1,1,0,0,0,0,1,1.0,1.0,1.0,0,0,0,0,0.0,0.0,0.0,0.0,0.0,0.0,56250.0,0.0,14062.5,0.0,0.0,28125.0,0.0,0.0,0.0,0.0,0.0,0.0,0.0,0.0,180000.0,0.0,0.0,0.0,35000.0,0.0,0.0,0.0,0.0,0.0,0.0,0.0,247812.5,0.0,56250.0,28125.0,1747500.0,1797331.0,1827726.0,0.0,0.0,0.0,0.0,0.0,0.0,0.0,0.0,0.0,1747500.0,1797331.0,1827726.0,0.0,0.5,1,0,0,0,12000.0,19000.0,0.0,0.0,0.0,0.0,40000.0,0.0,0,0,0,0,0,1,0,0,720000.0,0.0,15000000.0,320000.0,0.0,0.0,0.0,0.0,0,1,0,0,0,0,0
750,162-Mi,50,1,6,0,1,0,0,0,0,2010.0,2022.0,1,1,0,0,1,1,1,0,0,0,0,0,1,1.0,1.0,0.0,0,0,0,0,0.0,0.0,0.0,0.0,0.0,56250.0,0.0,0.0,0.0,56250.0,0.0,0.0,0.0,56250.0,0.0,0.0,0.0,0.0,0.0,0.0,300000.0,35000.0,0.0,0.0,0.0,0.0,0.0,0.0,0.0,0.0,0.0,0.0,300000.0,203750.0,56250.0,0.0,0.0,0.0,0.0,0.0,0.0,0.0,0.0,0.0,0.0,0.0,0.0,0.0,0.0,0.0,0.0,0.0,1.0,1,0,0,0,0.0,900000.0,0.0,0.0,0.0,0.0,102000.0,0.0,0,0,0,0,0,1,0,0,1200000.0,0.0,1500000.0,50000.0,0.0,0.0,0.0,0.0,0,0,1,0,0,0,0
751,163-Mi,40,1,4,0,1,0,0,0,1,2010.0,2022.0,1,1,0,0,0,0,0,0,0,1,1,0,3,4.0,4.0,0.0,3,3,2,0,0.0,0.0,56250.0,0.0,0.0,0.0,0.0,0.0,56250.0,0.0,0.0,56250.0,0.0,0.0,0.0,0.0,0.0,0.0,0.0,0.0,0.0,0.0,0.0,50000.0,50000.0,0.0,0.0,0.0,0.0,50000.0,0.0,0.0,106250.0,50000.0,56250.0,106250.0,35000.0,35000.0,35000.0,35000.0,0.0,0.0,0.0,0.0,0.0,0.0,0.0,0.0,35000.0,35000.0,35000.0,35000.0,0.5,1,0,0,0,9000.0,0.0,30000.0,35000.0,37000.0,45000.0,14364000.0,0.0,0,0,0,0,0,0,0,0,0.0,0.0,0.0,20000.0,0.0,0.0,0.0,0.0,0,1,0,0,0,0,0
752,164-Mi,55,1,2,0,1,0,0,0,1,2021.0,2022.0,1,0,1,0,1,1,0,0,0,0,0,0,1,1.0,1.0,0.0,0,0,0,0,0.0,0.0,0.0,0.0,0.0,0.0,0.0,0.0,0.0,0.0,0.0,0.0,0.0,0.0,0.0,0.0,0.0,0.0,0.0,0.0,300000.0,0.0,40000.0,0.0,0.0,30000.0,0.0,0.0,0.0,0.0,0.0,0.0,300000.0,30000.0,40000.0,0.0,0.0,0.0,0.0,0.0,0.0,0.0,0.0,0.0,0.0,0.0,0.0,0.0,0.0,0.0,0.0,0.0,0.5,1,0,0,0,0.0,0.0,0.0,0.0,0.0,0.0,94500.0,0.0,0,0,0,0,0,0,0,0,0.0,0.0,0.0,0.0,0.0,0.0,0.0,0.0,0,1,0,0,0,0,0
753,165-Mi,52,1,5,0,1,0,0,0,0,2010.0,2024.0,1,0,1,0,1,1,1,1,0,0,0,0,1,1.0,1.0,1.0,0,0,0,0,675000.0,0.0,675000.0,0.0,0.0,0.0,0.0,0.0,675000.0,0.0,0.0,0.0,0.0,0.0,0.0,0.0,0.0,0.0,0.0,0.0,40000.0,0.0,0.0,0.0,0.0,0.0,0.0,45000.0,0.0,35000.0,0.0,0.0,1390000.0,35000.0,1350000.0,45000.0,0.0,0.0,0.0,0.0,0.0,0.0,0.0,0.0,0.0,0.0,0.0,0.0,0.0,0.0,0.0,0.0,1.0,1,0,0,0,0.0,0.0,480000.0,480000.0,0.0,0.0,472000.0,0.0,0,0,1,0,0,1,1,1,300000.0,600000.0,0.0,240000.0,0.0,0.0,0.0,0.0,,,,,,,
754,166-Mi,35,1,2,0,1,0,0,0,1,2014.0,2021.0,1,1,0,0,1,1,0,0,2,1,0,0,3,1.0,0.0,0.0,0,0,0,0,5850.0,0.0,0.0,0.0,0.0,3937.5,0.0,0.0,0.0,675000.0,675000.0,22500.0,0.0,0.0,0.0,0.0,0.0,0.0,0.0,0.0,0.0,120000.0,0.0,0.0,0.0,0.0,0.0,0.0,0.0,0.0,0.0,0.0,5850.0,798937.5,675000.0,22500.0,0.0,0.0,1200000.0,0.0,0.0,0.0,0.0,0.0,0.0,0.0,0.0,0.0,0.0,0.0,1200000.0,0.0,0.5,1,0,0,0,4500.0,9500.0,240000.0,240000.0,0.0,0.0,787000.0,0.0,0,1,0,1,0,0,1,0,500000.0,0.0,0.0,30000.0,0.0,0.0,0.0,0.0,0,0,0,0,0,0,0
755,167-Mi,47,1,4,0,1,0,0,0,1,2018.0,2021.0,1,1,0,0,1,1,0,0,0,0,0,0,4,1.0,1.0,0.0,3,0,0,0,0.0,0.0,0.0,0.0,675000.0,337500.0,0.0,0.0,0.0,393750.0,0.0,0.0,0.0,0.0,0.0,0.0,0.0,0.0,0.0,0.0,0.0,0.0,0.0,0.0,0.0,0.0,0.0,0.0,0.0,0.0,0.0,0.0,675000.0,731250.0,0.0,0.0,0.0,0.0,78000.0,0.0,0.0,0.0,0.0,0.0,0.0,0.0,0.0,0.0,0.0,0.0,78000.0,0.0,0.5,1,0,0,0,0.0,0.0,0.0,0.0,0.0,0.0,1743000.0,0.0,0,0,1,0,0,1,1,1,0.0,60000.0,0.0,0.0,0.0,0.0,0.0,0.0,0,0,0,0,0,0,0
756,168-Mi,34,1,3,1,0,0,0,0,1,2018.0,2020.0,1,1,0,0,1,1,0,0,0,0,0,0,1,1.0,1.0,0.0,0,0,0,0,675000.0,0.0,0.0,0.0,0.0,0.0,0.0,0.0,0.0,0.0,1125.0,0.0,0.0,0.0,0.0,3937.5,0.0,0.0,0.0,0.0,300000.0,5000.0,0.0,0.0,0.0,0.0,0.0,0.0,0.0,0.0,0.0,0.0,975000.0,5000.0,1125.0,3937.5,5000.0,0.0,0.0,0.0,0.0,0.0,0.0,0.0,0.0,0.0,0.0,0.0,5000.0,0.0,0.0,0.0,0.8,1,0,0,0,0.0,0.0,60000.0,60000.0,60000.0,60000.0,12600.0,0.0,0,0,0,0,0,0,0,0,0.0,7500000.0,0.0,0.0,0.0,0.0,0.0,0.0,0,1,0,0,0,0,0
757,169-Mi,42,1,3,0,1,0,0,0,1,2014.0,,1,1,0,0,1,1,0,0,1,1,0,0,10,10.0,12.0,0.0,8,10,0,0,168750.0,0.0,0.0,0.0,0.0,0.0,0.0,0.0,0.0,0.0,0.0,0.0,0.0,675000.0,0.0,0.0,15000.0,0.0,0.0,0.0,0.0,0.0,0.0,120000.0,0.0,0.0,0.0,0.0,0.0,16000.0,0.0,0.0,408750.0,691000.0,337500.0,120000.0,0.0,3110400.0,500000.0,0.0,0.0,0.0,0.0,0.0,0.0,0.0,0.0,0.0,0.0,3110400.0,500000.0,0.0,0.8,1,0,0,0,0.0,0.0,120000.0,120000.0,0.0,0.0,26250.0,0.0,0,0,1,0,0,1,0,0,500000.0,400000.0,1000000.0,0.0,0.0,0.0,0.0,0.0,0,1,0,0,0,0,0
758,170-Mi,41,1,6,1,0,0,0,0,1,2017.0,2022.0,1,1,0,0,1,1,0,0,3,3,0,0,4,4.0,4.0,0.0,0,0,0,0,0.0,0.0,0.0,0.0,0.0,0.0,0.0,0.0,0.0,0.0,0.0,0.0,0.0,0.0,0.0,0.0,0.0,0.0,0.0,0.0,0.0,0.0,0.0,0.0,0.0,0.0,0.0,0.0,0.0,0.0,0.0,0.0,0.0,0.0,0.0,0.0,16000.0,0.0,0.0,0.0,0.0,0.0,0.0,0.0,0.0,0.0,0.0,0.0,16000.0,0.0,0.0,0.0,0.5,1,0,0,0,22000.0,25000.0,504000.0,540000.0,540000.0,540000.0,519250.0,0.0,0,0,1,0,0,1,0,0,1400000.0,0.0,0.0,60000.0,0.0,0.0,0.0,0.0,0,0,0,0,0,0,0
